student_id,year,department,major,class_level,gender,residency,gpa,status
100000,2015,Engineering,Electrical,Sophomore,Female,In-State,2.85,Enrolled
100001,2015,Engineering,Civil,Freshman,Male,In-State,3.3,Enrolled
100002,2015,Engineering,Computer Science,Senior,Male,In-State,3.47,Enrolled
100003,2015,Engineering,Computer Science,Junior,Female,In-State,3.54,Enrolled
100004,2015,Engineering,Computer Science,Junior,Female,In-State,3.3,Enrolled
100005,2015,Engineering,Civil,Senior,Male,International,3.16,Enrolled
100006,2015,Engineering,Mechanical,Freshman,Female,In-State,3.6,On Leave
100007,2015,Engineering,Civil,Senior,Male,In-State,2.98,Enrolled
100008,2015,Engineering,Mechanical,Senior,Male,Out-of-State,2.99,Enrolled
100009,2015,Engineering,Computer Science,Sophomore,Male,Out-of-State,3.39,Enrolled
100010,2015,Engineering,Mechanical,Senior,Female,In-State,3.88,Withdrawn
100011,2015,Engineering,Computer Science,Sophomore,Female,In-State,2.69,Enrolled
100012,2015,Engineering,Electrical,Sophomore,Male,In-State,3.61,Graduated
100013,2015,Engineering,Civil,Graduate,Male,Out-of-State,2.32,Enrolled
100014,2015,Engineering,Mechanical,Junior,Female,In-State,3.1,Enrolled
100015,2015,Engineering,Electrical,Sophomore,Male,In-State,3.17,Withdrawn
100016,2015,Engineering,Computer Science,Freshman,Female,International,3.44,Enrolled
100017,2015,Engineering,Mechanical,Sophomore,Female,In-State,3.57,Enrolled
100018,2015,Engineering,Computer Science,Senior,Female,In-State,3.32,On Leave
100019,2015,Engineering,Civil,Freshman,Female,Out-of-State,3.38,Enrolled
100020,2015,Engineering,Electrical,Freshman,Male,In-State,4.0,Enrolled
100021,2015,Engineering,Civil,Graduate,Female,In-State,3.12,Enrolled
100022,2015,Engineering,Mechanical,Junior,Female,International,3.59,Enrolled
100023,2015,Engineering,Computer Science,Sophomore,Male,In-State,2.72,Enrolled
100024,2015,Engineering,Electrical,Freshman,Male,Out-of-State,3.37,Withdrawn
100025,2015,Engineering,Mechanical,Senior,Male,International,3.45,Enrolled
100026,2015,Engineering,Computer Science,Graduate,Female,Out-of-State,3.03,Enrolled
100027,2015,Engineering,Mechanical,Junior,Female,International,3.12,Enrolled
100028,2015,Engineering,Mechanical,Sophomore,Female,In-State,3.54,Enrolled
100029,2015,Engineering,Mechanical,Junior,Male,In-State,3.32,Enrolled
100030,2015,Engineering,Computer Science,Senior,Female,Out-of-State,2.61,Enrolled
100031,2015,Engineering,Civil,Freshman,Female,Out-of-State,3.19,Enrolled
100032,2015,Engineering,Civil,Junior,Male,Out-of-State,3.31,Enrolled
100033,2015,Engineering,Electrical,Sophomore,Male,In-State,3.19,Enrolled
100034,2015,Engineering,Electrical,Senior,Male,In-State,2.94,Enrolled
100035,2015,Engineering,Mechanical,Sophomore,Male,In-State,3.53,Graduated
100036,2015,Engineering,Civil,Senior,Male,Out-of-State,3.22,Enrolled
100037,2015,Engineering,Computer Science,Senior,Male,In-State,3.37,Enrolled
100038,2015,Engineering,Electrical,Sophomore,Female,In-State,2.55,Enrolled
100039,2015,Engineering,Electrical,Senior,Male,In-State,3.1,Enrolled
100040,2015,Engineering,Mechanical,Senior,Female,Out-of-State,3.14,Enrolled
100041,2015,Engineering,Civil,Graduate,Female,In-State,2.67,Enrolled
100042,2015,Engineering,Civil,Graduate,Female,In-State,3.76,Enrolled
100043,2015,Engineering,Civil,Senior,Male,In-State,3.36,Enrolled
100044,2015,Engineering,Computer Science,Junior,Female,Out-of-State,2.48,Enrolled
100045,2015,Engineering,Mechanical,Graduate,Female,In-State,3.25,On Leave
100046,2015,Engineering,Mechanical,Sophomore,Female,In-State,3.39,On Leave
100047,2015,Engineering,Mechanical,Senior,Male,Out-of-State,3.4,Enrolled
100048,2015,Engineering,Computer Science,Senior,Female,International,3.76,Enrolled
100049,2015,Engineering,Electrical,Freshman,Female,In-State,3.22,Graduated
100050,2015,Engineering,Computer Science,Sophomore,Male,In-State,2.73,Enrolled
100051,2015,Engineering,Computer Science,Freshman,Female,Out-of-State,3.05,Graduated
100052,2015,Engineering,Mechanical,Freshman,Female,Out-of-State,2.77,Enrolled
100053,2015,Engineering,Civil,Junior,Male,In-State,3.2,Enrolled
100054,2015,Engineering,Electrical,Senior,Female,In-State,2.13,Enrolled
100055,2015,Engineering,Computer Science,Senior,Female,International,3.0,Enrolled
100056,2015,Engineering,Computer Science,Sophomore,Male,International,3.29,Enrolled
100057,2015,Engineering,Mechanical,Freshman,Male,In-State,2.07,Enrolled
100058,2015,Engineering,Electrical,Senior,Male,In-State,2.49,Enrolled
100059,2015,Engineering,Electrical,Sophomore,Female,In-State,3.01,Enrolled
100060,2015,Engineering,Mechanical,Sophomore,Female,In-State,3.13,Graduated
100061,2015,Engineering,Electrical,Junior,Female,In-State,2.58,Enrolled
100062,2015,Engineering,Civil,Freshman,Male,In-State,2.55,Graduated
100063,2015,Engineering,Electrical,Freshman,Female,In-State,3.62,Withdrawn
100064,2015,Engineering,Computer Science,Freshman,Female,In-State,2.62,Enrolled
100065,2015,Engineering,Computer Science,Senior,Female,In-State,3.36,Enrolled
100066,2015,Engineering,Mechanical,Junior,Female,International,2.77,Enrolled
100067,2015,Engineering,Mechanical,Freshman,Female,Out-of-State,2.85,Enrolled
100068,2015,Engineering,Civil,Senior,Male,International,2.63,Graduated
100069,2015,Engineering,Civil,Sophomore,Male,In-State,2.76,Enrolled
100070,2015,Engineering,Civil,Sophomore,Female,International,3.42,Enrolled
100071,2015,Engineering,Civil,Junior,Female,In-State,3.21,Enrolled
100072,2015,Engineering,Civil,Junior,Female,In-State,3.45,Enrolled
100073,2015,Engineering,Civil,Graduate,Male,In-State,3.64,Enrolled
100074,2015,Engineering,Civil,Sophomore,Male,In-State,2.47,Enrolled
100075,2015,Engineering,Electrical,Sophomore,Female,In-State,2.89,Enrolled
100076,2015,Engineering,Civil,Junior,Male,In-State,3.62,Enrolled
100077,2015,Engineering,Computer Science,Junior,Male,In-State,2.79,Withdrawn
100078,2015,Engineering,Computer Science,Junior,Female,In-State,3.82,Enrolled
100079,2015,Engineering,Civil,Freshman,Male,Out-of-State,3.9,Enrolled
100080,2015,Engineering,Mechanical,Senior,Female,Out-of-State,2.26,Enrolled
100081,2015,Engineering,Computer Science,Sophomore,Female,Out-of-State,4.0,Enrolled
100082,2015,Engineering,Computer Science,Graduate,Male,In-State,2.21,Enrolled
100083,2015,Engineering,Civil,Sophomore,Female,Out-of-State,2.74,Graduated
100084,2015,Engineering,Electrical,Junior,Female,In-State,3.51,Enrolled
100085,2015,Engineering,Civil,Senior,Male,In-State,3.01,Enrolled
100086,2015,Engineering,Computer Science,Junior,Female,Out-of-State,3.42,Graduated
100087,2015,Engineering,Computer Science,Sophomore,Male,In-State,2.83,Enrolled
100088,2015,Engineering,Civil,Freshman,Female,In-State,3.61,Enrolled
100089,2015,Engineering,Computer Science,Sophomore,Male,International,2.69,Withdrawn
100090,2015,Engineering,Civil,Junior,Female,In-State,3.38,Enrolled
100091,2015,Engineering,Civil,Graduate,Male,In-State,3.37,Enrolled
100092,2015,Engineering,Electrical,Freshman,Male,Out-of-State,2.84,Enrolled
100093,2015,Engineering,Civil,Freshman,Male,International,3.33,Graduated
100094,2015,Engineering,Civil,Freshman,Male,In-State,2.99,Enrolled
100095,2015,Engineering,Mechanical,Graduate,Female,Out-of-State,3.0,Enrolled
100096,2016,Engineering,Computer Science,Senior,Male,In-State,3.57,Graduated
100097,2016,Engineering,Civil,Junior,Male,International,3.3,Enrolled
100098,2016,Engineering,Mechanical,Sophomore,Female,In-State,3.69,Enrolled
100099,2016,Engineering,Mechanical,Senior,Female,International,3.7,Enrolled
100100,2016,Engineering,Mechanical,Freshman,Male,In-State,3.8,Enrolled
100101,2016,Engineering,Computer Science,Graduate,Female,In-State,3.06,Withdrawn
100102,2016,Engineering,Computer Science,Junior,Male,In-State,3.05,Enrolled
100103,2016,Engineering,Computer Science,Senior,Male,Out-of-State,3.14,Enrolled
100104,2016,Engineering,Computer Science,Freshman,Female,International,3.71,Enrolled
100105,2016,Engineering,Computer Science,Junior,Female,In-State,3.15,Enrolled
100106,2016,Engineering,Computer Science,Freshman,Male,In-State,3.22,Enrolled
100107,2016,Engineering,Mechanical,Freshman,Female,In-State,3.02,Enrolled
100108,2016,Engineering,Mechanical,Sophomore,Female,In-State,3.1,Enrolled
100109,2016,Engineering,Civil,Freshman,Male,In-State,3.3,Enrolled
100110,2016,Engineering,Mechanical,Sophomore,Female,Out-of-State,4.0,Enrolled
100111,2016,Engineering,Civil,Sophomore,Male,Out-of-State,3.09,Graduated
100112,2016,Engineering,Mechanical,Junior,Male,In-State,3.18,Enrolled
100113,2016,Engineering,Electrical,Junior,Male,In-State,3.35,Graduated
100114,2016,Engineering,Mechanical,Freshman,Male,Out-of-State,2.5,Enrolled
100115,2016,Engineering,Computer Science,Freshman,Male,In-State,3.05,Enrolled
100116,2016,Engineering,Mechanical,Senior,Male,Out-of-State,3.91,Enrolled
100117,2016,Engineering,Electrical,Sophomore,Female,In-State,2.78,Enrolled
100118,2016,Engineering,Electrical,Junior,Female,In-State,2.86,Enrolled
100119,2016,Engineering,Electrical,Senior,Female,Out-of-State,3.29,Enrolled
100120,2016,Engineering,Computer Science,Sophomore,Female,In-State,2.86,Enrolled
100121,2016,Engineering,Computer Science,Sophomore,Female,In-State,3.12,Enrolled
100122,2016,Engineering,Civil,Senior,Male,In-State,3.54,Enrolled
100123,2016,Engineering,Computer Science,Graduate,Male,International,3.0,Graduated
100124,2016,Engineering,Mechanical,Freshman,Female,In-State,3.06,Graduated
100125,2016,Engineering,Mechanical,Junior,Male,Out-of-State,3.42,Enrolled
100126,2016,Engineering,Computer Science,Senior,Other,Out-of-State,4.0,Enrolled
100127,2016,Engineering,Civil,Sophomore,Female,Out-of-State,3.02,Enrolled
100128,2016,Engineering,Civil,Sophomore,Female,In-State,3.03,Enrolled
100129,2016,Engineering,Electrical,Sophomore,Male,Out-of-State,2.81,Withdrawn
100130,2016,Engineering,Computer Science,Sophomore,Male,In-State,2.81,Enrolled
100131,2016,Engineering,Civil,Freshman,Female,International,2.77,Graduated
100132,2016,Engineering,Civil,Freshman,Male,Out-of-State,3.21,Enrolled
100133,2016,Engineering,Mechanical,Freshman,Female,In-State,3.13,Graduated
100134,2016,Engineering,Computer Science,Junior,Male,In-State,2.14,Enrolled
100135,2016,Engineering,Computer Science,Sophomore,Female,In-State,3.09,Enrolled
100136,2016,Engineering,Electrical,Junior,Male,International,2.94,Enrolled
100137,2016,Engineering,Civil,Graduate,Female,Out-of-State,3.34,Enrolled
100138,2016,Engineering,Mechanical,Freshman,Female,In-State,3.12,Enrolled
100139,2016,Engineering,Mechanical,Senior,Male,In-State,3.37,Graduated
100140,2016,Engineering,Mechanical,Graduate,Female,In-State,3.03,Enrolled
100141,2016,Engineering,Computer Science,Freshman,Female,Out-of-State,2.34,Enrolled
100142,2016,Engineering,Mechanical,Senior,Male,In-State,3.48,Enrolled
100143,2016,Engineering,Civil,Sophomore,Male,Out-of-State,3.31,Graduated
100144,2016,Engineering,Computer Science,Senior,Female,Out-of-State,3.13,Graduated
100145,2016,Engineering,Civil,Senior,Male,In-State,3.05,Enrolled
100146,2016,Engineering,Mechanical,Junior,Male,In-State,3.43,Enrolled
100147,2016,Engineering,Electrical,Freshman,Male,Out-of-State,2.83,Withdrawn
100148,2016,Engineering,Mechanical,Graduate,Male,International,3.03,Enrolled
100149,2016,Engineering,Civil,Junior,Female,International,4.0,Enrolled
100150,2016,Engineering,Electrical,Sophomore,Male,In-State,2.83,Enrolled
100151,2016,Engineering,Civil,Sophomore,Male,In-State,2.42,Graduated
100152,2016,Engineering,Civil,Freshman,Female,Out-of-State,3.58,Enrolled
100153,2016,Engineering,Civil,Freshman,Female,Out-of-State,2.9,Enrolled
100154,2016,Engineering,Mechanical,Freshman,Male,In-State,3.25,Enrolled
100155,2016,Engineering,Civil,Senior,Female,In-State,2.52,Enrolled
100156,2016,Engineering,Civil,Freshman,Male,Out-of-State,2.93,Enrolled
100157,2016,Engineering,Computer Science,Junior,Female,In-State,3.2,Enrolled
100158,2016,Engineering,Computer Science,Senior,Female,In-State,3.26,Enrolled
100159,2016,Engineering,Civil,Senior,Male,In-State,3.09,On Leave
100160,2016,Engineering,Computer Science,Freshman,Female,International,3.41,Enrolled
100161,2016,Engineering,Computer Science,Senior,Male,Out-of-State,3.65,Enrolled
100162,2016,Engineering,Mechanical,Junior,Male,In-State,3.16,Graduated
100163,2016,Engineering,Electrical,Freshman,Male,In-State,3.55,Enrolled
100164,2016,Engineering,Civil,Sophomore,Male,Out-of-State,2.97,Enrolled
100165,2016,Engineering,Civil,Sophomore,Female,Out-of-State,2.88,Enrolled
100166,2016,Engineering,Civil,Sophomore,Male,Out-of-State,2.86,Enrolled
100167,2016,Engineering,Electrical,Freshman,Male,Out-of-State,4.0,Enrolled
100168,2016,Engineering,Civil,Sophomore,Female,In-State,2.86,Enrolled
100169,2016,Engineering,Mechanical,Freshman,Male,In-State,2.73,Enrolled
100170,2016,Engineering,Electrical,Junior,Male,In-State,3.17,Enrolled
100171,2016,Engineering,Mechanical,Senior,Female,In-State,3.23,Enrolled
100172,2016,Engineering,Mechanical,Sophomore,Male,In-State,2.04,Withdrawn
100173,2016,Engineering,Mechanical,Freshman,Female,In-State,3.28,Enrolled
100174,2016,Engineering,Electrical,Junior,Female,International,3.0,Enrolled
100175,2016,Engineering,Computer Science,Sophomore,Male,In-State,2.94,Enrolled
100176,2016,Engineering,Computer Science,Junior,Male,Out-of-State,3.18,Enrolled
100177,2016,Engineering,Civil,Sophomore,Female,In-State,2.26,Enrolled
100178,2016,Engineering,Computer Science,Junior,Male,Out-of-State,2.93,On Leave
100179,2016,Engineering,Civil,Junior,Male,In-State,3.49,Enrolled
100180,2016,Engineering,Mechanical,Senior,Male,In-State,3.53,On Leave
100181,2016,Engineering,Civil,Junior,Female,Out-of-State,2.64,Enrolled
100182,2016,Engineering,Civil,Sophomore,Female,In-State,3.02,Enrolled
100183,2016,Engineering,Mechanical,Freshman,Male,In-State,2.47,Enrolled
100184,2016,Engineering,Computer Science,Junior,Female,In-State,2.97,Enrolled
100185,2016,Engineering,Computer Science,Freshman,Male,In-State,3.35,Enrolled
100186,2016,Engineering,Electrical,Freshman,Male,International,2.51,Enrolled
100187,2016,Engineering,Mechanical,Senior,Male,In-State,3.21,Enrolled
100188,2016,Engineering,Computer Science,Junior,Male,In-State,3.53,Enrolled
100189,2016,Engineering,Electrical,Sophomore,Female,In-State,3.47,Enrolled
100190,2016,Engineering,Mechanical,Sophomore,Male,Out-of-State,3.78,Enrolled
100191,2016,Engineering,Computer Science,Junior,Female,In-State,3.23,Graduated
100192,2016,Engineering,Computer Science,Freshman,Female,In-State,2.63,Enrolled
100193,2016,Engineering,Computer Science,Graduate,Female,International,2.94,Graduated
100194,2016,Engineering,Electrical,Freshman,Male,International,3.08,Withdrawn
100195,2016,Engineering,Civil,Junior,Female,Out-of-State,3.34,On Leave
100196,2016,Engineering,Mechanical,Junior,Female,Out-of-State,3.68,Enrolled
100197,2016,Engineering,Mechanical,Senior,Female,In-State,2.65,Enrolled
100198,2017,Engineering,Computer Science,Sophomore,Female,In-State,2.52,Withdrawn
100199,2017,Engineering,Electrical,Senior,Female,Out-of-State,2.88,Withdrawn
100200,2017,Engineering,Civil,Junior,Male,In-State,3.05,Graduated
100201,2017,Engineering,Computer Science,Freshman,Female,Out-of-State,2.51,On Leave
100202,2017,Engineering,Mechanical,Senior,Female,In-State,2.65,Enrolled
100203,2017,Engineering,Mechanical,Senior,Female,International,2.77,Enrolled
100204,2017,Engineering,Mechanical,Sophomore,Female,In-State,2.93,Enrolled
100205,2017,Engineering,Civil,Sophomore,Female,In-State,2.73,Enrolled
100206,2017,Engineering,Mechanical,Freshman,Male,In-State,3.42,Enrolled
100207,2017,Engineering,Mechanical,Freshman,Female,In-State,3.41,Enrolled
100208,2017,Engineering,Computer Science,Junior,Male,In-State,3.14,Graduated
100209,2017,Engineering,Mechanical,Sophomore,Female,Out-of-State,3.15,Enrolled
100210,2017,Engineering,Civil,Senior,Female,Out-of-State,3.31,Enrolled
100211,2017,Engineering,Electrical,Graduate,Female,In-State,3.02,Withdrawn
100212,2017,Engineering,Civil,Graduate,Female,In-State,3.26,Enrolled
100213,2017,Engineering,Mechanical,Sophomore,Male,In-State,3.59,Enrolled
100214,2017,Engineering,Civil,Junior,Female,In-State,3.06,Withdrawn
100215,2017,Engineering,Mechanical,Graduate,Female,In-State,3.27,Enrolled
100216,2017,Engineering,Computer Science,Senior,Female,In-State,2.46,Enrolled
100217,2017,Engineering,Mechanical,Sophomore,Female,In-State,3.65,Enrolled
100218,2017,Engineering,Mechanical,Junior,Female,In-State,3.39,Enrolled
100219,2017,Engineering,Computer Science,Sophomore,Female,Out-of-State,3.36,Enrolled
100220,2017,Engineering,Computer Science,Sophomore,Female,In-State,3.36,Enrolled
100221,2017,Engineering,Civil,Senior,Female,Out-of-State,3.58,Enrolled
100222,2017,Engineering,Computer Science,Junior,Other,In-State,2.84,Enrolled
100223,2017,Engineering,Electrical,Junior,Female,Out-of-State,3.18,Enrolled
100224,2017,Engineering,Electrical,Freshman,Female,In-State,3.05,Withdrawn
100225,2017,Engineering,Mechanical,Sophomore,Female,In-State,2.94,Enrolled
100226,2017,Engineering,Mechanical,Freshman,Female,In-State,3.08,Enrolled
100227,2017,Engineering,Mechanical,Graduate,Female,In-State,3.13,On Leave
100228,2017,Engineering,Computer Science,Senior,Male,In-State,2.78,Enrolled
100229,2017,Engineering,Civil,Sophomore,Male,In-State,3.1,Graduated
100230,2017,Engineering,Computer Science,Junior,Female,Out-of-State,3.75,Enrolled
100231,2017,Engineering,Computer Science,Senior,Female,In-State,2.83,Enrolled
100232,2017,Engineering,Electrical,Sophomore,Female,In-State,3.24,Enrolled
100233,2017,Engineering,Mechanical,Senior,Female,In-State,3.09,Enrolled
100234,2017,Engineering,Mechanical,Junior,Female,In-State,3.08,Enrolled
100235,2017,Engineering,Mechanical,Senior,Female,International,2.82,Enrolled
100236,2017,Engineering,Electrical,Freshman,Male,In-State,2.89,Withdrawn
100237,2017,Engineering,Civil,Sophomore,Male,In-State,3.2,Enrolled
100238,2017,Engineering,Mechanical,Junior,Male,In-State,3.24,Enrolled
100239,2017,Engineering,Computer Science,Junior,Female,International,3.12,Enrolled
100240,2017,Engineering,Mechanical,Junior,Male,In-State,3.16,Enrolled
100241,2017,Engineering,Mechanical,Graduate,Female,Out-of-State,2.83,Enrolled
100242,2017,Engineering,Civil,Freshman,Male,International,3.35,Withdrawn
100243,2017,Engineering,Computer Science,Sophomore,Female,In-State,2.78,Enrolled
100244,2017,Engineering,Mechanical,Freshman,Female,Out-of-State,3.21,Enrolled
100245,2017,Engineering,Electrical,Freshman,Male,Out-of-State,4.0,Enrolled
100246,2017,Engineering,Civil,Sophomore,Male,In-State,3.07,Enrolled
100247,2017,Engineering,Mechanical,Freshman,Female,In-State,2.64,Enrolled
100248,2017,Engineering,Mechanical,Sophomore,Male,Out-of-State,2.98,Enrolled
100249,2017,Engineering,Mechanical,Graduate,Male,International,3.1,Enrolled
100250,2017,Engineering,Electrical,Junior,Other,In-State,3.26,Enrolled
100251,2017,Engineering,Mechanical,Freshman,Male,In-State,3.86,Enrolled
100252,2017,Engineering,Electrical,Junior,Male,Out-of-State,2.77,Graduated
100253,2017,Engineering,Electrical,Junior,Female,Out-of-State,2.57,Enrolled
100254,2017,Engineering,Computer Science,Sophomore,Male,In-State,3.18,Enrolled
100255,2017,Engineering,Computer Science,Senior,Female,In-State,2.59,Graduated
100256,2017,Engineering,Electrical,Sophomore,Female,In-State,3.61,Enrolled
100257,2017,Engineering,Electrical,Freshman,Male,International,2.35,Enrolled
100258,2017,Engineering,Computer Science,Sophomore,Female,In-State,3.02,Enrolled
100259,2017,Engineering,Mechanical,Senior,Other,In-State,3.17,Enrolled
100260,2017,Engineering,Civil,Sophomore,Female,Out-of-State,3.12,Enrolled
100261,2017,Engineering,Mechanical,Freshman,Female,In-State,2.23,Withdrawn
100262,2017,Engineering,Mechanical,Freshman,Female,In-State,3.47,Enrolled
100263,2017,Engineering,Civil,Sophomore,Male,In-State,2.17,Enrolled
100264,2017,Engineering,Computer Science,Sophomore,Male,In-State,3.27,Enrolled
100265,2017,Engineering,Civil,Senior,Female,Out-of-State,3.26,Enrolled
100266,2017,Engineering,Electrical,Freshman,Female,In-State,3.48,Graduated
100267,2017,Engineering,Civil,Junior,Female,Out-of-State,2.66,Enrolled
100268,2017,Engineering,Civil,Freshman,Male,In-State,3.93,Enrolled
100269,2017,Engineering,Civil,Junior,Male,In-State,3.68,Graduated
100270,2017,Engineering,Mechanical,Sophomore,Female,In-State,3.24,Enrolled
100271,2017,Engineering,Electrical,Freshman,Male,Out-of-State,3.07,Enrolled
100272,2017,Engineering,Civil,Freshman,Female,In-State,3.14,Enrolled
100273,2017,Engineering,Civil,Graduate,Female,Out-of-State,2.84,Enrolled
100274,2017,Engineering,Mechanical,Sophomore,Female,In-State,3.44,Enrolled
100275,2017,Engineering,Civil,Freshman,Female,In-State,2.62,Enrolled
100276,2017,Engineering,Electrical,Senior,Male,In-State,3.35,Graduated
100277,2017,Engineering,Civil,Sophomore,Male,Out-of-State,3.13,Enrolled
100278,2017,Engineering,Computer Science,Sophomore,Female,In-State,2.61,Enrolled
100279,2017,Engineering,Electrical,Graduate,Female,In-State,2.89,Enrolled
100280,2017,Engineering,Computer Science,Senior,Female,Out-of-State,3.01,Enrolled
100281,2017,Engineering,Civil,Senior,Male,In-State,3.08,Enrolled
100282,2017,Engineering,Computer Science,Junior,Male,In-State,2.83,Enrolled
100283,2017,Engineering,Civil,Freshman,Female,In-State,3.04,On Leave
100284,2017,Engineering,Computer Science,Sophomore,Male,In-State,2.66,Enrolled
100285,2017,Engineering,Computer Science,Junior,Male,Out-of-State,2.86,Enrolled
100286,2017,Engineering,Civil,Sophomore,Male,Out-of-State,3.32,Enrolled
100287,2017,Engineering,Computer Science,Junior,Female,Out-of-State,2.82,Enrolled
100288,2017,Engineering,Civil,Sophomore,Female,Out-of-State,3.56,Enrolled
100289,2017,Engineering,Electrical,Sophomore,Female,In-State,2.22,Enrolled
100290,2017,Engineering,Civil,Junior,Female,In-State,3.57,Enrolled
100291,2017,Engineering,Civil,Sophomore,Male,Out-of-State,3.52,Graduated
100292,2017,Engineering,Computer Science,Graduate,Male,In-State,2.62,Enrolled
100293,2017,Engineering,Computer Science,Senior,Female,In-State,2.62,Enrolled
100294,2017,Engineering,Mechanical,Sophomore,Female,International,2.85,Withdrawn
100295,2017,Engineering,Civil,Junior,Female,In-State,2.69,Enrolled
100296,2017,Engineering,Electrical,Senior,Female,In-State,2.23,Enrolled
100297,2017,Engineering,Computer Science,Freshman,Male,In-State,2.74,Enrolled
100298,2017,Engineering,Mechanical,Senior,Male,Out-of-State,3.07,Withdrawn
100299,2017,Engineering,Computer Science,Junior,Male,In-State,3.08,Enrolled
100300,2017,Engineering,Computer Science,Sophomore,Female,In-State,3.88,Enrolled
100301,2017,Engineering,Civil,Sophomore,Female,In-State,3.11,Enrolled
100302,2017,Engineering,Mechanical,Sophomore,Female,In-State,3.06,Withdrawn
100303,2017,Engineering,Computer Science,Graduate,Female,Out-of-State,4.0,Enrolled
100304,2017,Engineering,Mechanical,Freshman,Male,Out-of-State,3.31,Enrolled
100305,2017,Engineering,Mechanical,Junior,Female,In-State,3.74,Enrolled
100306,2017,Engineering,Computer Science,Freshman,Male,Out-of-State,3.83,Enrolled
100307,2017,Engineering,Civil,Junior,Male,Out-of-State,3.71,Enrolled
100308,2017,Engineering,Mechanical,Freshman,Female,In-State,2.96,Graduated
100309,2017,Engineering,Computer Science,Sophomore,Female,Out-of-State,3.55,Enrolled
100310,2017,Engineering,Civil,Sophomore,Male,In-State,3.13,Enrolled
100311,2017,Engineering,Computer Science,Graduate,Female,Out-of-State,3.34,Withdrawn
100312,2017,Engineering,Mechanical,Freshman,Male,In-State,3.41,Enrolled
100313,2017,Engineering,Computer Science,Senior,Male,In-State,3.28,Enrolled
100314,2017,Engineering,Computer Science,Freshman,Male,Out-of-State,3.24,Enrolled
100315,2017,Engineering,Mechanical,Graduate,Female,International,3.22,Graduated
100316,2017,Engineering,Electrical,Sophomore,Female,In-State,2.64,Enrolled
100317,2017,Engineering,Electrical,Senior,Male,In-State,3.35,Enrolled
100318,2017,Engineering,Electrical,Senior,Female,Out-of-State,2.69,Enrolled
100319,2017,Engineering,Computer Science,Senior,Female,International,3.02,Enrolled
100320,2018,Engineering,Computer Science,Senior,Other,In-State,3.82,Graduated
100321,2018,Engineering,Electrical,Sophomore,Male,In-State,3.51,Enrolled
100322,2018,Engineering,Civil,Senior,Female,In-State,2.33,Enrolled
100323,2018,Engineering,Computer Science,Senior,Male,In-State,3.72,Enrolled
100324,2018,Engineering,Mechanical,Sophomore,Female,In-State,2.59,Enrolled
100325,2018,Engineering,Electrical,Sophomore,Male,Out-of-State,2.88,Enrolled
100326,2018,Engineering,Electrical,Freshman,Male,In-State,2.88,Graduated
100327,2018,Engineering,Civil,Junior,Female,In-State,3.8,Enrolled
100328,2018,Engineering,Computer Science,Graduate,Male,In-State,2.75,Enrolled
100329,2018,Engineering,Civil,Sophomore,Male,Out-of-State,3.73,Enrolled
100330,2018,Engineering,Electrical,Junior,Female,International,3.45,Enrolled
100331,2018,Engineering,Civil,Junior,Male,In-State,3.93,Enrolled
100332,2018,Engineering,Civil,Junior,Other,In-State,2.34,Graduated
100333,2018,Engineering,Computer Science,Senior,Female,In-State,2.76,Enrolled
100334,2018,Engineering,Civil,Freshman,Female,International,3.03,Enrolled
100335,2018,Engineering,Civil,Junior,Female,In-State,3.18,Enrolled
100336,2018,Engineering,Computer Science,Junior,Male,In-State,3.41,Enrolled
100337,2018,Engineering,Electrical,Senior,Female,Out-of-State,3.39,Enrolled
100338,2018,Engineering,Civil,Freshman,Female,Out-of-State,2.52,Enrolled
100339,2018,Engineering,Mechanical,Senior,Male,Out-of-State,2.61,Enrolled
100340,2018,Engineering,Electrical,Junior,Male,In-State,3.62,Enrolled
100341,2018,Engineering,Electrical,Graduate,Female,Out-of-State,2.69,Enrolled
100342,2018,Engineering,Mechanical,Senior,Male,In-State,3.37,On Leave
100343,2018,Engineering,Computer Science,Junior,Female,In-State,3.16,Enrolled
100344,2018,Engineering,Civil,Junior,Female,In-State,3.26,Enrolled
100345,2018,Engineering,Computer Science,Junior,Male,In-State,3.27,Enrolled
100346,2018,Engineering,Mechanical,Graduate,Male,In-State,4.0,Enrolled
100347,2018,Engineering,Electrical,Junior,Male,International,3.18,Enrolled
100348,2018,Engineering,Mechanical,Freshman,Female,In-State,3.82,Enrolled
100349,2018,Engineering,Electrical,Freshman,Female,Out-of-State,3.71,Enrolled
100350,2018,Engineering,Mechanical,Junior,Female,In-State,2.72,Enrolled
100351,2018,Engineering,Computer Science,Sophomore,Male,In-State,2.65,Withdrawn
100352,2018,Engineering,Civil,Sophomore,Female,Out-of-State,2.88,On Leave
100353,2018,Engineering,Electrical,Sophomore,Female,Out-of-State,2.37,Enrolled
100354,2018,Engineering,Civil,Sophomore,Female,In-State,3.45,Enrolled
100355,2018,Engineering,Electrical,Sophomore,Female,In-State,2.98,Enrolled
100356,2018,Engineering,Electrical,Senior,Female,In-State,3.42,Enrolled
100357,2018,Engineering,Computer Science,Sophomore,Male,International,2.93,Graduated
100358,2018,Engineering,Computer Science,Sophomore,Female,In-State,2.96,Enrolled
100359,2018,Engineering,Electrical,Sophomore,Female,In-State,3.45,Enrolled
100360,2018,Engineering,Computer Science,Junior,Female,In-State,2.75,Withdrawn
100361,2018,Engineering,Computer Science,Sophomore,Female,In-State,2.57,Enrolled
100362,2018,Engineering,Computer Science,Junior,Female,In-State,3.19,Enrolled
100363,2018,Engineering,Computer Science,Graduate,Female,In-State,2.5,Enrolled
100364,2018,Engineering,Electrical,Junior,Other,In-State,3.14,On Leave
100365,2018,Engineering,Electrical,Junior,Female,In-State,3.63,Enrolled
100366,2018,Engineering,Mechanical,Sophomore,Male,International,3.44,Enrolled
100367,2018,Engineering,Civil,Junior,Male,In-State,3.45,Withdrawn
100368,2018,Engineering,Computer Science,Freshman,Female,Out-of-State,2.91,Enrolled
100369,2018,Engineering,Mechanical,Graduate,Female,In-State,3.3,Enrolled
100370,2018,Engineering,Computer Science,Junior,Male,In-State,3.04,Enrolled
100371,2018,Engineering,Electrical,Freshman,Male,International,2.7,Enrolled
100372,2018,Engineering,Electrical,Freshman,Female,In-State,3.45,Enrolled
100373,2018,Engineering,Mechanical,Senior,Female,In-State,2.18,Enrolled
100374,2018,Engineering,Electrical,Graduate,Male,In-State,3.33,Enrolled
100375,2018,Engineering,Civil,Senior,Female,In-State,3.42,Enrolled
100376,2018,Engineering,Mechanical,Senior,Male,International,3.38,Enrolled
100377,2018,Engineering,Computer Science,Freshman,Male,In-State,2.65,Enrolled
100378,2018,Engineering,Civil,Sophomore,Male,In-State,2.94,Enrolled
100379,2018,Engineering,Computer Science,Senior,Male,Out-of-State,3.7,Enrolled
100380,2018,Engineering,Computer Science,Sophomore,Female,Out-of-State,4.0,Graduated
100381,2018,Engineering,Electrical,Freshman,Male,In-State,4.0,Enrolled
100382,2018,Engineering,Civil,Sophomore,Male,In-State,2.62,Graduated
100383,2018,Engineering,Civil,Freshman,Male,In-State,2.58,Enrolled
100384,2018,Engineering,Mechanical,Senior,Female,Out-of-State,3.67,Enrolled
100385,2018,Engineering,Computer Science,Freshman,Male,In-State,2.85,Enrolled
100386,2018,Engineering,Mechanical,Sophomore,Male,International,3.13,Enrolled
100387,2018,Engineering,Electrical,Freshman,Female,Out-of-State,2.66,Enrolled
100388,2018,Engineering,Computer Science,Freshman,Female,Out-of-State,2.23,Enrolled
100389,2018,Engineering,Mechanical,Senior,Female,In-State,2.62,Enrolled
100390,2018,Engineering,Computer Science,Junior,Female,In-State,2.47,On Leave
100391,2018,Engineering,Electrical,Graduate,Male,In-State,3.17,Enrolled
100392,2018,Engineering,Electrical,Freshman,Male,In-State,2.84,Enrolled
100393,2018,Engineering,Civil,Junior,Female,Out-of-State,3.1,Graduated
100394,2018,Engineering,Electrical,Junior,Female,In-State,3.28,Enrolled
100395,2018,Engineering,Mechanical,Sophomore,Female,In-State,3.16,Enrolled
100396,2018,Engineering,Mechanical,Graduate,Male,Out-of-State,4.0,Enrolled
100397,2018,Engineering,Computer Science,Sophomore,Male,Out-of-State,2.49,Graduated
100398,2018,Engineering,Computer Science,Junior,Male,Out-of-State,3.07,Enrolled
100399,2018,Engineering,Computer Science,Sophomore,Male,International,3.63,Enrolled
100400,2018,Engineering,Computer Science,Freshman,Female,In-State,2.27,Withdrawn
100401,2018,Engineering,Mechanical,Freshman,Male,Out-of-State,3.2,Withdrawn
100402,2018,Engineering,Electrical,Junior,Female,International,3.15,Enrolled
100403,2018,Engineering,Mechanical,Junior,Male,In-State,3.25,Enrolled
100404,2018,Engineering,Civil,Sophomore,Female,In-State,3.14,Enrolled
100405,2018,Engineering,Electrical,Sophomore,Female,In-State,3.43,Enrolled
100406,2018,Engineering,Electrical,Graduate,Female,International,2.78,Enrolled
100407,2018,Engineering,Electrical,Senior,Male,Out-of-State,2.89,Enrolled
100408,2018,Engineering,Computer Science,Sophomore,Female,International,3.27,Enrolled
100409,2018,Engineering,Mechanical,Junior,Male,Out-of-State,2.81,Graduated
100410,2018,Engineering,Mechanical,Junior,Female,In-State,3.76,Enrolled
100411,2018,Engineering,Computer Science,Freshman,Female,International,2.98,Enrolled
100412,2018,Engineering,Computer Science,Freshman,Male,Out-of-State,3.52,On Leave
100413,2018,Engineering,Civil,Freshman,Female,Out-of-State,2.89,Enrolled
100414,2018,Engineering,Computer Science,Graduate,Male,In-State,3.79,Enrolled
100415,2018,Engineering,Electrical,Freshman,Female,International,3.54,Enrolled
100416,2018,Engineering,Civil,Freshman,Female,Out-of-State,3.25,Enrolled
100417,2018,Engineering,Computer Science,Sophomore,Female,In-State,3.54,Enrolled
100418,2018,Engineering,Computer Science,Sophomore,Male,In-State,2.82,Enrolled
100419,2018,Engineering,Electrical,Senior,Male,International,3.3,Withdrawn
100420,2018,Engineering,Civil,Freshman,Female,In-State,3.36,Withdrawn
100421,2018,Engineering,Mechanical,Junior,Male,In-State,2.68,Enrolled
100422,2018,Engineering,Mechanical,Freshman,Female,In-State,3.1,Enrolled
100423,2018,Engineering,Mechanical,Senior,Male,In-State,3.36,Graduated
100424,2018,Engineering,Mechanical,Junior,Female,In-State,3.31,Enrolled
100425,2018,Engineering,Computer Science,Freshman,Female,In-State,4.0,Enrolled
100426,2018,Engineering,Computer Science,Sophomore,Male,In-State,3.44,Enrolled
100427,2018,Engineering,Mechanical,Freshman,Male,In-State,2.91,Enrolled
100428,2018,Engineering,Mechanical,Graduate,Male,In-State,3.63,Graduated
100429,2018,Engineering,Mechanical,Senior,Female,In-State,3.47,Enrolled
100430,2018,Engineering,Computer Science,Junior,Female,In-State,3.44,Enrolled
100431,2018,Engineering,Computer Science,Freshman,Male,International,2.58,Enrolled
100432,2018,Engineering,Mechanical,Junior,Male,Out-of-State,3.14,Withdrawn
100433,2018,Engineering,Electrical,Junior,Female,In-State,2.93,Enrolled
100434,2018,Engineering,Computer Science,Freshman,Female,Out-of-State,3.04,Enrolled
100435,2018,Engineering,Mechanical,Freshman,Female,In-State,3.16,Enrolled
100436,2018,Engineering,Electrical,Sophomore,Male,Out-of-State,2.6,Enrolled
100437,2018,Engineering,Mechanical,Freshman,Male,In-State,2.44,Enrolled
100438,2018,Engineering,Computer Science,Freshman,Female,In-State,3.16,On Leave
100439,2018,Engineering,Electrical,Graduate,Male,In-State,3.87,Enrolled
100440,2018,Engineering,Mechanical,Senior,Female,In-State,3.68,Enrolled
100441,2018,Engineering,Computer Science,Sophomore,Male,Out-of-State,3.31,Enrolled
100442,2018,Engineering,Civil,Senior,Female,In-State,2.58,Graduated
100443,2018,Engineering,Mechanical,Freshman,Female,In-State,3.62,Enrolled
100444,2018,Engineering,Electrical,Sophomore,Male,In-State,2.8,Enrolled
100445,2018,Engineering,Civil,Freshman,Female,Out-of-State,2.97,Enrolled
100446,2018,Engineering,Civil,Sophomore,Female,In-State,2.82,Enrolled
100447,2018,Engineering,Civil,Sophomore,Female,In-State,2.68,Enrolled
100448,2018,Engineering,Computer Science,Sophomore,Female,In-State,3.97,Enrolled
100449,2018,Engineering,Electrical,Sophomore,Male,Out-of-State,2.58,Enrolled
100450,2018,Engineering,Computer Science,Freshman,Male,In-State,3.31,Enrolled
100451,2018,Engineering,Civil,Freshman,Male,In-State,3.16,Enrolled
100452,2018,Engineering,Computer Science,Graduate,Male,In-State,3.61,Enrolled
100453,2018,Engineering,Civil,Graduate,Female,In-State,2.74,Enrolled
100454,2018,Engineering,Computer Science,Freshman,Male,International,3.25,Enrolled
100455,2018,Engineering,Civil,Junior,Male,In-State,3.54,Enrolled
100456,2018,Engineering,Mechanical,Senior,Male,In-State,3.6,Enrolled
100457,2018,Engineering,Civil,Freshman,Male,In-State,3.2,Enrolled
100458,2018,Engineering,Mechanical,Freshman,Male,Out-of-State,3.06,Enrolled
100459,2019,Engineering,Mechanical,Senior,Female,Out-of-State,3.33,Graduated
100460,2019,Engineering,Mechanical,Freshman,Male,International,3.11,Enrolled
100461,2019,Engineering,Electrical,Junior,Other,In-State,3.36,Enrolled
100462,2019,Engineering,Civil,Sophomore,Female,In-State,3.56,Enrolled
100463,2019,Engineering,Mechanical,Freshman,Female,Out-of-State,3.09,Enrolled
100464,2019,Engineering,Electrical,Sophomore,Male,Out-of-State,2.86,Enrolled
100465,2019,Engineering,Civil,Freshman,Other,Out-of-State,2.73,Enrolled
100466,2019,Engineering,Computer Science,Senior,Female,Out-of-State,2.56,Graduated
100467,2019,Engineering,Computer Science,Senior,Male,Out-of-State,2.96,Enrolled
100468,2019,Engineering,Civil,Sophomore,Female,In-State,2.76,Enrolled
100469,2019,Engineering,Civil,Sophomore,Male,International,3.26,Enrolled
100470,2019,Engineering,Mechanical,Junior,Male,In-State,3.17,Enrolled
100471,2019,Engineering,Mechanical,Junior,Male,In-State,3.31,Enrolled
100472,2019,Engineering,Electrical,Freshman,Male,Out-of-State,2.97,Graduated
100473,2019,Engineering,Electrical,Senior,Female,In-State,3.02,Enrolled
100474,2019,Engineering,Civil,Junior,Female,Out-of-State,2.99,Enrolled
100475,2019,Engineering,Electrical,Graduate,Male,International,3.16,Enrolled
100476,2019,Engineering,Civil,Junior,Female,In-State,3.62,Withdrawn
100477,2019,Engineering,Civil,Senior,Female,In-State,3.04,Enrolled
100478,2019,Engineering,Electrical,Freshman,Male,In-State,3.02,Enrolled
100479,2019,Engineering,Computer Science,Sophomore,Female,Out-of-State,2.75,Enrolled
100480,2019,Engineering,Electrical,Freshman,Female,International,3.31,Enrolled
100481,2019,Engineering,Electrical,Freshman,Female,In-State,3.34,Graduated
100482,2019,Engineering,Computer Science,Senior,Male,In-State,3.21,On Leave
100483,2019,Engineering,Computer Science,Sophomore,Male,In-State,2.29,Enrolled
100484,2019,Engineering,Mechanical,Junior,Female,International,3.26,Enrolled
100485,2019,Engineering,Electrical,Senior,Male,In-State,3.39,On Leave
100486,2019,Engineering,Computer Science,Freshman,Female,In-State,3.32,Enrolled
100487,2019,Engineering,Civil,Senior,Female,Out-of-State,2.86,Enrolled
100488,2019,Engineering,Electrical,Sophomore,Male,International,3.48,Enrolled
100489,2019,Engineering,Civil,Sophomore,Male,In-State,2.45,Enrolled
100490,2019,Engineering,Computer Science,Freshman,Female,International,3.24,Enrolled
100491,2019,Engineering,Civil,Sophomore,Female,In-State,3.15,Enrolled
100492,2019,Engineering,Civil,Freshman,Female,In-State,3.29,Withdrawn
100493,2019,Engineering,Computer Science,Sophomore,Male,International,3.7,Enrolled
100494,2019,Engineering,Mechanical,Freshman,Female,International,3.69,Enrolled
100495,2019,Engineering,Mechanical,Sophomore,Male,Out-of-State,3.41,Enrolled
100496,2019,Engineering,Computer Science,Junior,Female,In-State,3.15,Graduated
100497,2019,Engineering,Electrical,Sophomore,Male,In-State,3.46,Enrolled
100498,2019,Engineering,Mechanical,Junior,Female,In-State,3.46,Enrolled
100499,2019,Engineering,Civil,Freshman,Male,In-State,3.25,Enrolled
100500,2019,Engineering,Mechanical,Sophomore,Female,In-State,2.91,Enrolled
100501,2019,Engineering,Civil,Freshman,Female,In-State,3.37,Enrolled
100502,2019,Engineering,Computer Science,Senior,Male,Out-of-State,2.97,Enrolled
100503,2019,Engineering,Computer Science,Freshman,Female,In-State,2.39,Enrolled
100504,2019,Engineering,Civil,Sophomore,Female,Out-of-State,3.13,Enrolled
100505,2019,Engineering,Electrical,Junior,Female,In-State,2.97,Enrolled
100506,2019,Engineering,Civil,Sophomore,Female,In-State,4.0,Enrolled
100507,2019,Engineering,Mechanical,Junior,Female,In-State,4.0,Withdrawn
100508,2019,Engineering,Civil,Senior,Female,In-State,2.25,Enrolled
100509,2019,Engineering,Electrical,Sophomore,Male,In-State,2.73,Enrolled
100510,2019,Engineering,Electrical,Freshman,Female,Out-of-State,3.38,Enrolled
100511,2019,Engineering,Computer Science,Senior,Male,International,2.71,Enrolled
100512,2019,Engineering,Civil,Senior,Male,International,3.01,Graduated
100513,2019,Engineering,Civil,Junior,Male,In-State,2.7,Enrolled
100514,2019,Engineering,Civil,Freshman,Male,Out-of-State,3.59,Graduated
100515,2019,Engineering,Civil,Junior,Male,In-State,2.7,Graduated
100516,2019,Engineering,Mechanical,Senior,Female,In-State,3.61,Enrolled
100517,2019,Engineering,Electrical,Junior,Female,Out-of-State,3.27,Graduated
100518,2019,Engineering,Civil,Freshman,Female,In-State,2.99,Graduated
100519,2019,Engineering,Mechanical,Sophomore,Female,In-State,2.28,Enrolled
100520,2019,Engineering,Computer Science,Graduate,Female,In-State,3.21,Withdrawn
100521,2019,Engineering,Computer Science,Senior,Female,In-State,2.52,Enrolled
100522,2019,Engineering,Electrical,Graduate,Male,Out-of-State,3.24,Enrolled
100523,2019,Engineering,Civil,Junior,Female,Out-of-State,3.18,Enrolled
100524,2019,Engineering,Mechanical,Graduate,Female,In-State,2.12,Enrolled
100525,2019,Engineering,Civil,Freshman,Female,Out-of-State,2.51,Withdrawn
100526,2019,Engineering,Computer Science,Freshman,Male,Out-of-State,2.64,Enrolled
100527,2019,Engineering,Computer Science,Sophomore,Female,In-State,2.86,Enrolled
100528,2019,Engineering,Electrical,Freshman,Female,Out-of-State,2.64,Enrolled
100529,2019,Engineering,Computer Science,Senior,Male,In-State,3.01,Withdrawn
100530,2019,Engineering,Electrical,Sophomore,Female,In-State,3.61,Enrolled
100531,2019,Engineering,Mechanical,Senior,Male,In-State,3.31,Graduated
100532,2019,Engineering,Mechanical,Sophomore,Female,International,2.77,Enrolled
100533,2019,Engineering,Electrical,Junior,Female,In-State,2.22,Enrolled
100534,2019,Engineering,Electrical,Freshman,Male,In-State,3.39,Enrolled
100535,2019,Engineering,Electrical,Junior,Male,International,3.33,Enrolled
100536,2019,Engineering,Electrical,Freshman,Female,In-State,2.9,Enrolled
100537,2019,Engineering,Electrical,Sophomore,Male,In-State,3.13,Enrolled
100538,2019,Engineering,Electrical,Freshman,Female,In-State,3.19,Enrolled
100539,2019,Engineering,Electrical,Graduate,Female,In-State,3.24,Enrolled
100540,2019,Engineering,Electrical,Sophomore,Female,In-State,2.96,Enrolled
100541,2019,Engineering,Mechanical,Sophomore,Female,International,3.81,On Leave
100542,2019,Engineering,Mechanical,Senior,Male,In-State,2.77,Enrolled
100543,2020,Engineering,Electrical,Senior,Male,In-State,2.87,On Leave
100544,2020,Engineering,Mechanical,Junior,Male,Out-of-State,2.81,Enrolled
100545,2020,Engineering,Electrical,Freshman,Female,In-State,2.58,Enrolled
100546,2020,Engineering,Computer Science,Sophomore,Male,Out-of-State,2.81,Enrolled
100547,2020,Engineering,Electrical,Senior,Female,In-State,2.92,Enrolled
100548,2020,Engineering,Electrical,Sophomore,Female,In-State,3.5,Enrolled
100549,2020,Engineering,Mechanical,Freshman,Male,In-State,3.05,Enrolled
100550,2020,Engineering,Mechanical,Junior,Male,In-State,2.87,Enrolled
100551,2020,Engineering,Electrical,Junior,Female,In-State,2.81,Enrolled
100552,2020,Engineering,Mechanical,Junior,Female,In-State,3.78,Enrolled
100553,2020,Engineering,Mechanical,Freshman,Male,In-State,2.59,Enrolled
100554,2020,Engineering,Electrical,Senior,Female,In-State,2.99,Enrolled
100555,2020,Engineering,Computer Science,Junior,Female,In-State,2.4,Withdrawn
100556,2020,Engineering,Electrical,Sophomore,Female,In-State,2.46,Withdrawn
100557,2020,Engineering,Computer Science,Sophomore,Female,In-State,2.49,Enrolled
100558,2020,Engineering,Computer Science,Graduate,Female,In-State,2.77,Enrolled
100559,2020,Engineering,Computer Science,Freshman,Female,In-State,3.58,Enrolled
100560,2020,Engineering,Mechanical,Sophomore,Male,In-State,2.51,Enrolled
100561,2020,Engineering,Computer Science,Freshman,Female,International,1.9,Enrolled
100562,2020,Engineering,Electrical,Freshman,Female,In-State,3.76,On Leave
100563,2020,Engineering,Mechanical,Sophomore,Female,In-State,2.85,Enrolled
100564,2020,Engineering,Civil,Freshman,Male,In-State,2.48,Enrolled
100565,2020,Engineering,Civil,Freshman,Male,In-State,1.94,Enrolled
100566,2020,Engineering,Electrical,Junior,Male,In-State,3.13,Withdrawn
100567,2020,Engineering,Computer Science,Senior,Female,In-State,3.35,Enrolled
100568,2020,Engineering,Electrical,Graduate,Male,Out-of-State,2.47,Graduated
100569,2020,Engineering,Civil,Junior,Female,Out-of-State,3.49,Graduated
100570,2020,Engineering,Computer Science,Sophomore,Male,In-State,2.81,Enrolled
100571,2020,Engineering,Mechanical,Senior,Female,International,3.54,Enrolled
100572,2020,Engineering,Electrical,Sophomore,Female,Out-of-State,4.0,Enrolled
100573,2020,Engineering,Computer Science,Junior,Female,Out-of-State,2.61,Enrolled
100574,2020,Engineering,Mechanical,Sophomore,Male,International,3.55,Enrolled
100575,2020,Engineering,Civil,Junior,Female,Out-of-State,2.48,Enrolled
100576,2020,Engineering,Civil,Freshman,Female,Out-of-State,3.06,Enrolled
100577,2020,Engineering,Civil,Freshman,Female,Out-of-State,3.28,Enrolled
100578,2020,Engineering,Civil,Sophomore,Female,Out-of-State,2.33,Enrolled
100579,2020,Engineering,Mechanical,Graduate,Male,Out-of-State,2.54,Enrolled
100580,2020,Engineering,Mechanical,Senior,Male,In-State,3.22,Enrolled
100581,2020,Engineering,Computer Science,Junior,Male,Out-of-State,3.06,Enrolled
100582,2020,Engineering,Electrical,Junior,Female,International,2.81,Enrolled
100583,2020,Engineering,Electrical,Senior,Male,In-State,3.07,Enrolled
100584,2020,Engineering,Civil,Junior,Male,In-State,3.63,Graduated
100585,2020,Engineering,Civil,Sophomore,Female,International,2.34,Graduated
100586,2020,Engineering,Mechanical,Graduate,Female,In-State,3.24,Graduated
100587,2020,Engineering,Mechanical,Senior,Male,Out-of-State,3.22,Graduated
100588,2020,Engineering,Computer Science,Freshman,Female,Out-of-State,2.64,Enrolled
100589,2020,Engineering,Electrical,Sophomore,Male,In-State,2.52,Graduated
100590,2020,Engineering,Mechanical,Freshman,Male,In-State,2.98,Enrolled
100591,2020,Engineering,Mechanical,Junior,Female,In-State,3.12,Enrolled
100592,2020,Engineering,Mechanical,Freshman,Female,In-State,3.21,Enrolled
100593,2020,Engineering,Civil,Senior,Female,Out-of-State,3.03,Enrolled
100594,2020,Engineering,Civil,Junior,Female,International,1.95,Enrolled
100595,2020,Engineering,Mechanical,Sophomore,Male,In-State,2.58,On Leave
100596,2020,Engineering,Civil,Senior,Male,In-State,3.45,On Leave
100597,2020,Engineering,Electrical,Senior,Male,In-State,2.58,Enrolled
100598,2020,Engineering,Civil,Freshman,Male,In-State,2.98,Enrolled
100599,2020,Engineering,Mechanical,Junior,Female,International,3.32,Enrolled
100600,2020,Engineering,Electrical,Senior,Female,Out-of-State,2.6,Enrolled
100601,2020,Engineering,Computer Science,Freshman,Female,In-State,3.61,Enrolled
100602,2020,Engineering,Computer Science,Sophomore,Female,In-State,3.2,Enrolled
100603,2020,Engineering,Mechanical,Freshman,Male,Out-of-State,2.62,Enrolled
100604,2020,Engineering,Electrical,Freshman,Female,Out-of-State,3.29,Enrolled
100605,2020,Engineering,Mechanical,Junior,Female,International,3.41,Enrolled
100606,2020,Engineering,Mechanical,Freshman,Female,In-State,2.68,Enrolled
100607,2020,Engineering,Civil,Senior,Male,In-State,4.0,Enrolled
100608,2020,Engineering,Mechanical,Senior,Female,In-State,2.99,Enrolled
100609,2020,Engineering,Mechanical,Freshman,Female,In-State,3.12,Enrolled
100610,2020,Engineering,Civil,Sophomore,Male,In-State,3.55,Enrolled
100611,2020,Engineering,Computer Science,Sophomore,Male,Out-of-State,2.34,Graduated
100612,2020,Engineering,Mechanical,Senior,Male,International,2.91,Enrolled
100613,2020,Engineering,Civil,Senior,Female,In-State,2.55,Graduated
100614,2020,Engineering,Civil,Junior,Female,In-State,3.1,Graduated
100615,2020,Engineering,Mechanical,Senior,Female,International,4.0,Enrolled
100616,2020,Engineering,Civil,Freshman,Female,In-State,2.62,On Leave
100617,2020,Engineering,Electrical,Sophomore,Female,In-State,3.52,Graduated
100618,2020,Engineering,Civil,Junior,Other,In-State,3.09,Enrolled
100619,2020,Engineering,Mechanical,Junior,Female,International,2.83,Enrolled
100620,2020,Engineering,Civil,Freshman,Male,In-State,2.97,Enrolled
100621,2020,Engineering,Civil,Senior,Male,In-State,3.57,Withdrawn
100622,2020,Engineering,Computer Science,Freshman,Female,In-State,3.68,Enrolled
100623,2020,Engineering,Electrical,Senior,Male,In-State,3.13,Enrolled
100624,2020,Engineering,Civil,Senior,Female,In-State,3.27,Enrolled
100625,2020,Engineering,Mechanical,Senior,Female,In-State,3.05,Enrolled
100626,2020,Engineering,Electrical,Graduate,Male,Out-of-State,2.45,Enrolled
100627,2020,Engineering,Electrical,Freshman,Female,Out-of-State,3.05,Graduated
100628,2020,Engineering,Computer Science,Graduate,Female,In-State,2.75,Graduated
100629,2020,Engineering,Electrical,Junior,Male,International,3.45,Enrolled
100630,2020,Engineering,Civil,Freshman,Female,In-State,2.74,Enrolled
100631,2020,Engineering,Electrical,Freshman,Male,In-State,3.47,Enrolled
100632,2020,Engineering,Electrical,Freshman,Male,In-State,3.78,Enrolled
100633,2021,Engineering,Civil,Senior,Male,In-State,2.5,Enrolled
100634,2021,Engineering,Computer Science,Freshman,Male,In-State,2.75,Enrolled
100635,2021,Engineering,Electrical,Sophomore,Female,Out-of-State,2.73,Enrolled
100636,2021,Engineering,Electrical,Senior,Female,In-State,3.13,Enrolled
100637,2021,Engineering,Civil,Senior,Female,Out-of-State,3.42,Enrolled
100638,2021,Engineering,Electrical,Senior,Female,In-State,3.05,Enrolled
100639,2021,Engineering,Computer Science,Freshman,Female,In-State,2.95,Enrolled
100640,2021,Engineering,Computer Science,Junior,Female,In-State,2.69,Enrolled
100641,2021,Engineering,Computer Science,Freshman,Female,International,2.98,Enrolled
100642,2021,Engineering,Electrical,Junior,Male,In-State,3.19,Enrolled
100643,2021,Engineering,Electrical,Freshman,Female,Out-of-State,3.19,Enrolled
100644,2021,Engineering,Civil,Sophomore,Female,In-State,2.82,Enrolled
100645,2021,Engineering,Mechanical,Graduate,Male,Out-of-State,3.09,Graduated
100646,2021,Engineering,Electrical,Junior,Female,Out-of-State,2.84,Enrolled
100647,2021,Engineering,Computer Science,Sophomore,Male,In-State,3.31,Enrolled
100648,2021,Engineering,Mechanical,Graduate,Female,International,3.08,Enrolled
100649,2021,Engineering,Electrical,Freshman,Female,Out-of-State,2.85,Enrolled
100650,2021,Engineering,Electrical,Graduate,Female,Out-of-State,2.42,Enrolled
100651,2021,Engineering,Civil,Senior,Female,Out-of-State,2.72,Enrolled
100652,2021,Engineering,Civil,Junior,Male,International,2.62,Enrolled
100653,2021,Engineering,Electrical,Sophomore,Female,In-State,3.65,Enrolled
100654,2021,Engineering,Mechanical,Sophomore,Male,In-State,2.41,Enrolled
100655,2021,Engineering,Computer Science,Sophomore,Female,Out-of-State,2.91,Enrolled
100656,2021,Engineering,Civil,Senior,Female,In-State,3.5,Enrolled
100657,2021,Engineering,Electrical,Sophomore,Male,In-State,2.87,Enrolled
100658,2021,Engineering,Civil,Senior,Male,In-State,3.49,Enrolled
100659,2021,Engineering,Civil,Freshman,Male,Out-of-State,2.29,Enrolled
100660,2021,Engineering,Civil,Junior,Female,Out-of-State,2.3,Enrolled
100661,2021,Engineering,Mechanical,Freshman,Female,International,3.1,Enrolled
100662,2021,Engineering,Electrical,Graduate,Female,Out-of-State,2.3,Enrolled
100663,2021,Engineering,Mechanical,Junior,Female,Out-of-State,2.98,Enrolled
100664,2021,Engineering,Civil,Senior,Female,Out-of-State,2.93,Enrolled
100665,2021,Engineering,Civil,Sophomore,Male,In-State,4.0,Enrolled
100666,2021,Engineering,Computer Science,Junior,Male,In-State,3.1,Enrolled
100667,2021,Engineering,Computer Science,Sophomore,Male,In-State,2.92,Enrolled
100668,2021,Engineering,Civil,Freshman,Male,Out-of-State,2.59,Enrolled
100669,2021,Engineering,Mechanical,Junior,Male,In-State,2.7,On Leave
100670,2021,Engineering,Computer Science,Freshman,Female,Out-of-State,3.12,Enrolled
100671,2021,Engineering,Civil,Graduate,Female,In-State,3.12,Enrolled
100672,2021,Engineering,Mechanical,Graduate,Other,Out-of-State,2.49,Enrolled
100673,2021,Engineering,Electrical,Senior,Female,In-State,2.7,Enrolled
100674,2021,Engineering,Mechanical,Junior,Female,In-State,2.61,Graduated
100675,2021,Engineering,Mechanical,Junior,Female,In-State,2.81,Enrolled
100676,2021,Engineering,Civil,Senior,Female,Out-of-State,3.36,Withdrawn
100677,2021,Engineering,Electrical,Freshman,Female,In-State,3.28,Enrolled
100678,2021,Engineering,Electrical,Junior,Female,In-State,3.4,Enrolled
100679,2021,Engineering,Mechanical,Freshman,Female,In-State,3.34,Enrolled
100680,2021,Engineering,Mechanical,Graduate,Male,In-State,3.09,Enrolled
100681,2021,Engineering,Mechanical,Senior,Male,In-State,3.05,Enrolled
100682,2021,Engineering,Mechanical,Freshman,Male,In-State,1.72,Graduated
100683,2021,Engineering,Civil,Sophomore,Female,In-State,2.62,Withdrawn
100684,2021,Engineering,Civil,Senior,Female,In-State,3.14,Graduated
100685,2021,Engineering,Mechanical,Sophomore,Male,In-State,2.6,Enrolled
100686,2021,Engineering,Electrical,Senior,Male,In-State,1.55,Enrolled
100687,2021,Engineering,Computer Science,Graduate,Female,In-State,2.88,Enrolled
100688,2021,Engineering,Civil,Sophomore,Female,Out-of-State,3.13,Graduated
100689,2021,Engineering,Electrical,Junior,Female,In-State,3.27,Enrolled
100690,2021,Engineering,Mechanical,Sophomore,Female,In-State,2.8,Enrolled
100691,2021,Engineering,Civil,Freshman,Female,In-State,2.85,Enrolled
100692,2021,Engineering,Mechanical,Junior,Female,In-State,3.27,Enrolled
100693,2021,Engineering,Civil,Freshman,Female,In-State,3.26,Enrolled
100694,2021,Engineering,Civil,Sophomore,Male,In-State,3.02,Enrolled
100695,2021,Engineering,Computer Science,Sophomore,Male,In-State,3.83,Enrolled
100696,2021,Engineering,Mechanical,Junior,Female,In-State,1.66,Graduated
100697,2021,Engineering,Electrical,Freshman,Male,In-State,2.96,Enrolled
100698,2021,Engineering,Electrical,Junior,Male,In-State,3.28,Enrolled
100699,2021,Engineering,Mechanical,Sophomore,Female,International,2.4,Enrolled
100700,2021,Engineering,Electrical,Freshman,Male,In-State,2.72,Enrolled
100701,2021,Engineering,Civil,Junior,Female,In-State,2.91,Withdrawn
100702,2021,Engineering,Electrical,Junior,Male,In-State,2.82,Enrolled
100703,2021,Engineering,Computer Science,Freshman,Female,In-State,2.89,Enrolled
100704,2021,Engineering,Civil,Sophomore,Other,International,2.2,Enrolled
100705,2021,Engineering,Electrical,Senior,Female,Out-of-State,3.52,Withdrawn
100706,2021,Engineering,Mechanical,Freshman,Female,International,2.88,Enrolled
100707,2021,Engineering,Mechanical,Freshman,Female,Out-of-State,3.1,Enrolled
100708,2021,Engineering,Computer Science,Freshman,Female,Out-of-State,2.98,Enrolled
100709,2021,Engineering,Computer Science,Junior,Female,In-State,2.25,Enrolled
100710,2021,Engineering,Civil,Graduate,Female,In-State,3.05,Enrolled
100711,2021,Engineering,Electrical,Junior,Male,Out-of-State,3.42,Enrolled
100712,2021,Engineering,Mechanical,Sophomore,Female,In-State,3.05,Enrolled
100713,2021,Engineering,Electrical,Senior,Male,In-State,3.18,Graduated
100714,2021,Engineering,Computer Science,Senior,Female,In-State,2.67,Enrolled
100715,2021,Engineering,Mechanical,Senior,Female,In-State,1.69,Enrolled
100716,2021,Engineering,Computer Science,Freshman,Male,In-State,3.44,Enrolled
100717,2021,Engineering,Mechanical,Senior,Male,In-State,2.8,Enrolled
100718,2021,Engineering,Electrical,Junior,Female,In-State,2.58,Withdrawn
100719,2021,Engineering,Mechanical,Sophomore,Male,Out-of-State,2.88,Graduated
100720,2021,Engineering,Mechanical,Sophomore,Male,In-State,2.38,Enrolled
100721,2021,Engineering,Computer Science,Junior,Female,In-State,2.29,Enrolled
100722,2021,Engineering,Mechanical,Sophomore,Female,In-State,2.49,Enrolled
100723,2021,Engineering,Mechanical,Senior,Male,In-State,3.47,Enrolled
100724,2021,Engineering,Electrical,Freshman,Female,In-State,3.65,Enrolled
100725,2021,Engineering,Civil,Sophomore,Female,In-State,2.82,Enrolled
100726,2021,Engineering,Electrical,Sophomore,Female,Out-of-State,2.94,Graduated
100727,2021,Engineering,Mechanical,Senior,Female,Out-of-State,2.23,Enrolled
100728,2021,Engineering,Computer Science,Sophomore,Male,In-State,2.15,Enrolled
100729,2021,Engineering,Mechanical,Junior,Male,In-State,3.09,Enrolled
100730,2021,Engineering,Electrical,Sophomore,Female,In-State,2.94,Enrolled
100731,2021,Engineering,Civil,Sophomore,Male,Out-of-State,3.82,Enrolled
100732,2021,Engineering,Mechanical,Freshman,Female,Out-of-State,2.76,Enrolled
100733,2021,Engineering,Electrical,Senior,Female,In-State,2.86,Enrolled
100734,2021,Engineering,Electrical,Junior,Male,Out-of-State,3.59,Enrolled
100735,2021,Engineering,Civil,Senior,Female,International,3.51,Enrolled
100736,2022,Engineering,Mechanical,Freshman,Female,Out-of-State,2.6,Enrolled
100737,2022,Engineering,Civil,Sophomore,Female,In-State,3.15,Enrolled
100738,2022,Engineering,Computer Science,Freshman,Male,Out-of-State,2.95,Enrolled
100739,2022,Engineering,Mechanical,Senior,Male,In-State,2.83,Enrolled
100740,2022,Engineering,Civil,Senior,Male,In-State,3.52,Enrolled
100741,2022,Engineering,Civil,Sophomore,Female,Out-of-State,3.24,Enrolled
100742,2022,Engineering,Mechanical,Freshman,Male,Out-of-State,2.57,Withdrawn
100743,2022,Engineering,Computer Science,Freshman,Female,In-State,2.36,Enrolled
100744,2022,Engineering,Mechanical,Junior,Male,In-State,3.23,Enrolled
100745,2022,Engineering,Computer Science,Senior,Male,Out-of-State,2.84,Enrolled
100746,2022,Engineering,Electrical,Freshman,Male,In-State,2.89,Enrolled
100747,2022,Engineering,Electrical,Sophomore,Male,In-State,2.59,Enrolled
100748,2022,Engineering,Electrical,Junior,Male,Out-of-State,2.77,Graduated
100749,2022,Engineering,Civil,Junior,Female,In-State,3.53,Enrolled
100750,2022,Engineering,Civil,Junior,Female,International,2.62,Enrolled
100751,2022,Engineering,Electrical,Senior,Female,In-State,2.19,Graduated
100752,2022,Engineering,Mechanical,Graduate,Female,Out-of-State,3.34,Enrolled
100753,2022,Engineering,Computer Science,Freshman,Female,In-State,3.12,On Leave
100754,2022,Engineering,Electrical,Junior,Male,Out-of-State,3.75,Graduated
100755,2022,Engineering,Mechanical,Freshman,Female,In-State,3.28,Enrolled
100756,2022,Engineering,Civil,Sophomore,Female,In-State,2.63,Enrolled
100757,2022,Engineering,Electrical,Sophomore,Female,International,3.35,Enrolled
100758,2022,Engineering,Mechanical,Sophomore,Male,In-State,3.48,Enrolled
100759,2022,Engineering,Computer Science,Freshman,Male,In-State,2.67,Enrolled
100760,2022,Engineering,Electrical,Sophomore,Female,Out-of-State,3.03,Enrolled
100761,2022,Engineering,Civil,Graduate,Male,Out-of-State,2.33,Enrolled
100762,2022,Engineering,Civil,Junior,Female,In-State,3.04,Graduated
100763,2022,Engineering,Civil,Sophomore,Female,In-State,2.2,Graduated
100764,2022,Engineering,Mechanical,Junior,Male,International,3.09,Graduated
100765,2022,Engineering,Computer Science,Junior,Male,In-State,2.67,Withdrawn
100766,2022,Engineering,Electrical,Sophomore,Male,In-State,2.99,Enrolled
100767,2022,Engineering,Mechanical,Freshman,Male,International,3.08,Enrolled
100768,2022,Engineering,Electrical,Sophomore,Male,In-State,3.11,Enrolled
100769,2022,Engineering,Computer Science,Freshman,Male,Out-of-State,3.13,Enrolled
100770,2022,Engineering,Electrical,Sophomore,Male,International,3.37,Enrolled
100771,2022,Engineering,Civil,Sophomore,Male,In-State,1.79,Graduated
100772,2022,Engineering,Computer Science,Freshman,Female,In-State,3.49,Enrolled
100773,2022,Engineering,Computer Science,Graduate,Male,In-State,3.29,Enrolled
100774,2022,Engineering,Mechanical,Sophomore,Male,In-State,2.6,Enrolled
100775,2022,Engineering,Electrical,Junior,Male,In-State,2.52,Enrolled
100776,2022,Engineering,Computer Science,Freshman,Female,In-State,3.04,Enrolled
100777,2022,Engineering,Computer Science,Freshman,Male,In-State,2.79,Enrolled
100778,2022,Engineering,Electrical,Senior,Male,Out-of-State,2.53,Enrolled
100779,2022,Engineering,Electrical,Junior,Male,International,2.67,Enrolled
100780,2022,Engineering,Electrical,Junior,Female,In-State,2.85,Enrolled
100781,2022,Engineering,Civil,Freshman,Female,In-State,2.66,Enrolled
100782,2022,Engineering,Electrical,Sophomore,Female,International,3.29,Enrolled
100783,2022,Engineering,Computer Science,Sophomore,Female,In-State,3.11,Enrolled
100784,2022,Engineering,Mechanical,Junior,Female,In-State,2.86,Enrolled
100785,2022,Engineering,Computer Science,Freshman,Female,In-State,3.69,Enrolled
100786,2022,Engineering,Computer Science,Sophomore,Female,Out-of-State,3.37,Graduated
100787,2022,Engineering,Civil,Freshman,Female,In-State,2.97,Enrolled
100788,2022,Engineering,Computer Science,Sophomore,Female,Out-of-State,2.88,Enrolled
100789,2022,Engineering,Mechanical,Freshman,Male,In-State,2.93,Enrolled
100790,2022,Engineering,Computer Science,Senior,Male,Out-of-State,3.09,Enrolled
100791,2022,Engineering,Civil,Freshman,Male,In-State,2.73,Enrolled
100792,2022,Engineering,Civil,Freshman,Female,Out-of-State,3.18,Graduated
100793,2022,Engineering,Mechanical,Graduate,Male,Out-of-State,3.02,Enrolled
100794,2022,Engineering,Civil,Junior,Male,In-State,3.7,Enrolled
100795,2022,Engineering,Civil,Sophomore,Other,In-State,2.68,Withdrawn
100796,2022,Engineering,Computer Science,Junior,Female,Out-of-State,2.3,Enrolled
100797,2022,Engineering,Civil,Senior,Male,Out-of-State,2.48,Enrolled
100798,2022,Engineering,Electrical,Sophomore,Female,In-State,2.78,On Leave
100799,2022,Engineering,Computer Science,Sophomore,Female,Out-of-State,2.19,Enrolled
100800,2022,Engineering,Civil,Sophomore,Female,In-State,4.0,Enrolled
100801,2022,Engineering,Mechanical,Sophomore,Female,International,3.02,Enrolled
100802,2022,Engineering,Mechanical,Junior,Male,In-State,3.23,Enrolled
100803,2022,Engineering,Computer Science,Junior,Male,In-State,2.87,Enrolled
100804,2022,Engineering,Mechanical,Freshman,Female,In-State,2.23,Enrolled
100805,2022,Engineering,Electrical,Junior,Male,In-State,3.14,Enrolled
100806,2022,Engineering,Electrical,Junior,Female,In-State,2.65,Enrolled
100807,2022,Engineering,Civil,Junior,Female,International,2.08,Enrolled
100808,2022,Engineering,Electrical,Senior,Male,In-State,2.99,Enrolled
100809,2022,Engineering,Electrical,Senior,Male,In-State,2.73,Enrolled
100810,2022,Engineering,Mechanical,Graduate,Female,Out-of-State,3.12,Graduated
100811,2022,Engineering,Civil,Freshman,Other,In-State,3.34,Enrolled
100812,2022,Engineering,Electrical,Freshman,Male,In-State,3.44,Enrolled
100813,2022,Engineering,Electrical,Junior,Male,In-State,3.64,Enrolled
100814,2022,Engineering,Electrical,Freshman,Female,International,2.3,Enrolled
100815,2022,Engineering,Computer Science,Graduate,Female,In-State,2.53,Enrolled
100816,2022,Engineering,Mechanical,Junior,Female,Out-of-State,2.63,Enrolled
100817,2022,Engineering,Mechanical,Freshman,Male,Out-of-State,2.14,Enrolled
100818,2022,Engineering,Civil,Senior,Female,Out-of-State,2.28,Enrolled
100819,2022,Engineering,Computer Science,Senior,Female,In-State,2.54,Enrolled
100820,2022,Engineering,Computer Science,Sophomore,Female,Out-of-State,2.57,Enrolled
100821,2022,Engineering,Mechanical,Junior,Male,Out-of-State,2.95,Withdrawn
100822,2022,Engineering,Computer Science,Sophomore,Male,In-State,3.41,Enrolled
100823,2022,Engineering,Mechanical,Senior,Female,International,3.58,Enrolled
100824,2022,Engineering,Mechanical,Senior,Male,International,2.89,Enrolled
100825,2022,Engineering,Civil,Sophomore,Male,In-State,3.08,Graduated
100826,2022,Engineering,Electrical,Freshman,Male,In-State,2.98,Enrolled
100827,2022,Engineering,Electrical,Freshman,Female,Out-of-State,3.14,Enrolled
100828,2022,Engineering,Civil,Freshman,Male,Out-of-State,2.49,Enrolled
100829,2022,Engineering,Electrical,Freshman,Male,In-State,3.06,Enrolled
100830,2022,Engineering,Civil,Freshman,Female,In-State,2.44,Enrolled
100831,2022,Engineering,Electrical,Freshman,Female,In-State,3.42,On Leave
100832,2022,Engineering,Mechanical,Senior,Female,In-State,2.1,Graduated
100833,2022,Engineering,Civil,Junior,Female,In-State,3.84,Enrolled
100834,2022,Engineering,Civil,Sophomore,Female,In-State,3.79,Enrolled
100835,2022,Engineering,Civil,Freshman,Male,Out-of-State,2.69,Enrolled
100836,2022,Engineering,Mechanical,Senior,Male,In-State,3.59,Enrolled
100837,2023,Engineering,Mechanical,Sophomore,Female,International,2.93,Enrolled
100838,2023,Engineering,Mechanical,Junior,Female,In-State,3.11,Enrolled
100839,2023,Engineering,Computer Science,Sophomore,Male,In-State,2.94,Enrolled
100840,2023,Engineering,Mechanical,Junior,Female,Out-of-State,3.76,Enrolled
100841,2023,Engineering,Civil,Junior,Female,In-State,3.23,Enrolled
100842,2023,Engineering,Computer Science,Junior,Male,In-State,2.74,Enrolled
100843,2023,Engineering,Electrical,Junior,Female,In-State,3.84,Enrolled
100844,2023,Engineering,Electrical,Junior,Male,In-State,2.69,Enrolled
100845,2023,Engineering,Computer Science,Freshman,Male,In-State,2.95,Enrolled
100846,2023,Engineering,Civil,Freshman,Male,In-State,2.55,Enrolled
100847,2023,Engineering,Civil,Freshman,Female,In-State,2.96,Graduated
100848,2023,Engineering,Computer Science,Graduate,Male,Out-of-State,2.63,Enrolled
100849,2023,Engineering,Computer Science,Sophomore,Female,Out-of-State,3.21,Enrolled
100850,2023,Engineering,Computer Science,Sophomore,Female,Out-of-State,4.0,Withdrawn
100851,2023,Engineering,Electrical,Junior,Female,In-State,3.51,Graduated
100852,2023,Engineering,Computer Science,Junior,Female,In-State,3.17,Withdrawn
100853,2023,Engineering,Mechanical,Senior,Male,In-State,3.65,Graduated
100854,2023,Engineering,Electrical,Junior,Female,Out-of-State,3.35,Enrolled
100855,2023,Engineering,Mechanical,Junior,Female,In-State,3.53,Enrolled
100856,2023,Engineering,Civil,Sophomore,Female,Out-of-State,3.59,Enrolled
100857,2023,Engineering,Computer Science,Junior,Male,Out-of-State,2.17,Enrolled
100858,2023,Engineering,Computer Science,Freshman,Female,In-State,2.96,Enrolled
100859,2023,Engineering,Mechanical,Sophomore,Male,In-State,2.74,Enrolled
100860,2023,Engineering,Computer Science,Senior,Female,Out-of-State,2.68,Enrolled
100861,2023,Engineering,Civil,Freshman,Female,In-State,3.82,Enrolled
100862,2023,Engineering,Electrical,Sophomore,Female,In-State,3.26,Enrolled
100863,2023,Engineering,Electrical,Freshman,Male,In-State,2.87,Graduated
100864,2023,Engineering,Computer Science,Freshman,Male,In-State,3.33,Enrolled
100865,2023,Engineering,Computer Science,Senior,Male,Out-of-State,3.3,Enrolled
100866,2023,Engineering,Computer Science,Senior,Female,In-State,3.48,Enrolled
100867,2023,Engineering,Electrical,Senior,Female,In-State,3.2,Enrolled
100868,2023,Engineering,Civil,Freshman,Female,Out-of-State,2.78,Enrolled
100869,2023,Engineering,Computer Science,Freshman,Male,Out-of-State,3.3,Enrolled
100870,2023,Engineering,Electrical,Senior,Female,Out-of-State,3.96,Enrolled
100871,2023,Engineering,Civil,Senior,Male,In-State,3.83,Enrolled
100872,2023,Engineering,Civil,Junior,Male,In-State,3.08,Graduated
100873,2023,Engineering,Computer Science,Freshman,Female,Out-of-State,3.02,Enrolled
100874,2023,Engineering,Civil,Senior,Female,In-State,3.91,Enrolled
100875,2023,Engineering,Computer Science,Senior,Male,In-State,3.15,Graduated
100876,2023,Engineering,Computer Science,Senior,Male,International,3.41,Enrolled
100877,2023,Engineering,Mechanical,Junior,Male,International,3.08,Withdrawn
100878,2023,Engineering,Computer Science,Senior,Male,Out-of-State,3.19,Enrolled
100879,2023,Engineering,Electrical,Graduate,Male,International,3.64,Enrolled
100880,2023,Engineering,Mechanical,Senior,Female,Out-of-State,3.05,Enrolled
100881,2023,Engineering,Civil,Freshman,Female,In-State,3.32,Enrolled
100882,2023,Engineering,Mechanical,Sophomore,Female,In-State,3.41,Enrolled
100883,2023,Engineering,Civil,Senior,Male,Out-of-State,2.33,Enrolled
100884,2023,Engineering,Mechanical,Freshman,Male,In-State,2.17,Enrolled
100885,2023,Engineering,Computer Science,Graduate,Other,In-State,2.39,Enrolled
100886,2023,Engineering,Computer Science,Senior,Male,Out-of-State,2.55,Enrolled
100887,2023,Engineering,Electrical,Junior,Female,In-State,3.58,Graduated
100888,2023,Engineering,Electrical,Senior,Male,In-State,3.08,Enrolled
100889,2023,Engineering,Electrical,Senior,Male,In-State,3.36,Enrolled
100890,2023,Engineering,Civil,Freshman,Male,In-State,2.94,Enrolled
100891,2023,Engineering,Civil,Junior,Male,Out-of-State,3.08,Enrolled
100892,2023,Engineering,Mechanical,Sophomore,Male,Out-of-State,3.61,Enrolled
100893,2023,Engineering,Mechanical,Sophomore,Female,Out-of-State,2.45,Enrolled
100894,2023,Engineering,Electrical,Junior,Female,In-State,4.0,Enrolled
100895,2023,Engineering,Civil,Freshman,Male,In-State,3.34,Enrolled
100896,2023,Engineering,Mechanical,Sophomore,Female,In-State,3.75,Enrolled
100897,2023,Engineering,Mechanical,Graduate,Female,In-State,3.42,Graduated
100898,2023,Engineering,Civil,Freshman,Female,In-State,3.4,On Leave
100899,2023,Engineering,Civil,Junior,Male,In-State,3.7,Enrolled
100900,2023,Engineering,Mechanical,Senior,Male,In-State,4.0,Enrolled
100901,2023,Engineering,Electrical,Freshman,Female,Out-of-State,2.63,Enrolled
100902,2023,Engineering,Mechanical,Freshman,Female,Out-of-State,3.08,Enrolled
100903,2023,Engineering,Computer Science,Sophomore,Female,In-State,3.57,Enrolled
100904,2023,Engineering,Mechanical,Freshman,Female,In-State,3.62,Withdrawn
100905,2023,Engineering,Mechanical,Graduate,Male,In-State,3.38,Enrolled
100906,2023,Engineering,Electrical,Freshman,Male,In-State,2.85,Enrolled
100907,2023,Engineering,Civil,Freshman,Female,Out-of-State,2.96,Graduated
100908,2023,Engineering,Electrical,Junior,Female,In-State,3.97,Graduated
100909,2023,Engineering,Electrical,Junior,Female,In-State,3.73,Enrolled
100910,2023,Engineering,Civil,Senior,Female,In-State,3.82,Graduated
100911,2023,Engineering,Civil,Sophomore,Male,In-State,3.2,Enrolled
100912,2023,Engineering,Electrical,Freshman,Other,In-State,3.85,Graduated
100913,2023,Engineering,Civil,Sophomore,Male,In-State,3.41,Enrolled
100914,2023,Engineering,Civil,Junior,Male,In-State,3.41,Enrolled
100915,2023,Engineering,Civil,Sophomore,Female,Out-of-State,3.06,Enrolled
100916,2023,Engineering,Civil,Sophomore,Female,In-State,4.0,Enrolled
100917,2023,Engineering,Mechanical,Junior,Female,Out-of-State,3.35,Enrolled
100918,2023,Engineering,Computer Science,Sophomore,Female,Out-of-State,2.63,Enrolled
100919,2023,Engineering,Computer Science,Sophomore,Male,Out-of-State,4.0,Enrolled
100920,2023,Engineering,Electrical,Graduate,Male,In-State,3.32,Enrolled
100921,2023,Engineering,Electrical,Freshman,Male,In-State,3.21,Enrolled
100922,2023,Engineering,Electrical,Junior,Female,In-State,3.45,Graduated
100923,2023,Engineering,Mechanical,Sophomore,Female,Out-of-State,3.21,Withdrawn
100924,2023,Engineering,Civil,Sophomore,Male,Out-of-State,2.85,Graduated
100925,2023,Engineering,Electrical,Sophomore,Female,In-State,3.77,Graduated
100926,2023,Engineering,Computer Science,Junior,Male,Out-of-State,3.45,Enrolled
100927,2023,Engineering,Mechanical,Junior,Female,Out-of-State,4.0,Enrolled
100928,2023,Engineering,Civil,Senior,Male,International,2.65,Enrolled
100929,2023,Engineering,Computer Science,Freshman,Male,Out-of-State,3.74,Graduated
100930,2023,Engineering,Electrical,Graduate,Female,In-State,3.93,Enrolled
100931,2023,Engineering,Computer Science,Freshman,Other,Out-of-State,4.0,Enrolled
100932,2023,Engineering,Electrical,Sophomore,Female,In-State,3.13,Enrolled
100933,2023,Engineering,Computer Science,Junior,Female,In-State,3.08,On Leave
100934,2024,Engineering,Mechanical,Sophomore,Male,Out-of-State,4.0,Enrolled
100935,2024,Engineering,Electrical,Freshman,Female,In-State,4.0,Enrolled
100936,2024,Engineering,Electrical,Sophomore,Female,In-State,3.53,Graduated
100937,2024,Engineering,Electrical,Sophomore,Female,In-State,4.0,Graduated
100938,2024,Engineering,Computer Science,Freshman,Female,Out-of-State,3.34,Withdrawn
100939,2024,Engineering,Computer Science,Sophomore,Female,Out-of-State,3.28,Enrolled
100940,2024,Engineering,Computer Science,Freshman,Female,Out-of-State,3.73,Enrolled
100941,2024,Engineering,Electrical,Sophomore,Male,In-State,2.14,Enrolled
100942,2024,Engineering,Computer Science,Graduate,Female,In-State,3.86,Enrolled
100943,2024,Engineering,Electrical,Freshman,Male,In-State,3.58,Enrolled
100944,2024,Engineering,Electrical,Graduate,Male,In-State,2.74,Graduated
100945,2024,Engineering,Mechanical,Freshman,Female,In-State,4.0,Enrolled
100946,2024,Engineering,Computer Science,Sophomore,Female,Out-of-State,4.0,Enrolled
100947,2024,Engineering,Civil,Sophomore,Male,In-State,3.39,Enrolled
100948,2024,Engineering,Electrical,Freshman,Male,In-State,3.05,Enrolled
100949,2024,Engineering,Computer Science,Senior,Female,In-State,3.65,Enrolled
100950,2024,Engineering,Electrical,Freshman,Female,In-State,2.43,Withdrawn
100951,2024,Engineering,Computer Science,Junior,Male,Out-of-State,3.49,Enrolled
100952,2024,Engineering,Electrical,Senior,Male,Out-of-State,3.37,Enrolled
100953,2024,Engineering,Civil,Sophomore,Female,In-State,2.75,Enrolled
100954,2024,Engineering,Mechanical,Junior,Male,In-State,3.73,Enrolled
100955,2024,Engineering,Civil,Junior,Male,In-State,3.87,Graduated
100956,2024,Engineering,Electrical,Sophomore,Female,In-State,2.8,Enrolled
100957,2024,Engineering,Civil,Junior,Female,In-State,3.77,On Leave
100958,2024,Engineering,Civil,Senior,Male,In-State,3.57,Enrolled
100959,2024,Engineering,Electrical,Sophomore,Male,Out-of-State,3.73,Enrolled
100960,2024,Engineering,Civil,Sophomore,Female,In-State,3.74,Enrolled
100961,2024,Engineering,Computer Science,Sophomore,Other,In-State,3.06,Enrolled
100962,2024,Engineering,Civil,Sophomore,Female,In-State,3.68,Enrolled
100963,2024,Engineering,Electrical,Senior,Female,In-State,3.0,Enrolled
100964,2024,Engineering,Electrical,Junior,Female,In-State,4.0,Enrolled
100965,2024,Engineering,Electrical,Junior,Female,In-State,2.9,Enrolled
100966,2024,Engineering,Computer Science,Sophomore,Female,International,2.22,Enrolled
100967,2024,Engineering,Mechanical,Freshman,Female,In-State,2.4,Graduated
100968,2024,Engineering,Computer Science,Junior,Male,In-State,3.74,Enrolled
100969,2024,Engineering,Civil,Freshman,Female,International,3.24,Graduated
100970,2024,Engineering,Computer Science,Senior,Female,In-State,3.01,Enrolled
100971,2024,Engineering,Mechanical,Senior,Male,In-State,4.0,Withdrawn
100972,2024,Engineering,Computer Science,Freshman,Female,Out-of-State,3.98,Enrolled
100973,2024,Engineering,Civil,Freshman,Male,In-State,3.59,Graduated
100974,2024,Engineering,Computer Science,Junior,Female,In-State,3.19,Enrolled
100975,2024,Engineering,Computer Science,Junior,Male,In-State,2.74,Enrolled
100976,2024,Engineering,Civil,Freshman,Male,In-State,3.3,Enrolled
100977,2024,Engineering,Mechanical,Sophomore,Male,Out-of-State,3.38,Withdrawn
100978,2024,Engineering,Civil,Freshman,Male,Out-of-State,4.0,Graduated
100979,2024,Engineering,Civil,Graduate,Female,In-State,3.16,Enrolled
100980,2024,Engineering,Mechanical,Freshman,Male,Out-of-State,3.26,Enrolled
100981,2024,Engineering,Electrical,Freshman,Male,International,4.0,Enrolled
100982,2024,Engineering,Computer Science,Junior,Male,In-State,3.52,Enrolled
100983,2024,Engineering,Electrical,Sophomore,Male,In-State,3.69,Enrolled
100984,2024,Engineering,Civil,Junior,Female,In-State,2.56,Enrolled
100985,2024,Engineering,Civil,Junior,Female,Out-of-State,3.54,Withdrawn
100986,2024,Engineering,Electrical,Freshman,Male,Out-of-State,3.41,Enrolled
100987,2024,Engineering,Mechanical,Sophomore,Female,Out-of-State,3.49,Graduated
100988,2024,Engineering,Electrical,Junior,Male,International,3.77,Enrolled
100989,2024,Engineering,Mechanical,Sophomore,Female,In-State,3.33,Enrolled
100990,2024,Engineering,Civil,Sophomore,Male,In-State,3.05,Enrolled
100991,2024,Engineering,Mechanical,Sophomore,Female,In-State,3.36,Graduated
100992,2024,Engineering,Mechanical,Freshman,Male,Out-of-State,3.11,Enrolled
100993,2024,Engineering,Civil,Sophomore,Male,In-State,3.48,Enrolled
100994,2024,Engineering,Computer Science,Junior,Male,In-State,3.8,Enrolled
100995,2024,Engineering,Civil,Freshman,Male,In-State,3.4,Enrolled
100996,2024,Engineering,Civil,Freshman,Male,Out-of-State,3.33,Enrolled
100997,2024,Engineering,Mechanical,Junior,Male,In-State,3.28,Enrolled
100998,2024,Engineering,Computer Science,Freshman,Male,International,3.9,Enrolled
100999,2024,Engineering,Electrical,Freshman,Female,Out-of-State,3.01,Enrolled
101000,2024,Engineering,Electrical,Freshman,Female,In-State,3.71,Withdrawn
101001,2024,Engineering,Electrical,Sophomore,Male,Out-of-State,3.4,Enrolled
101002,2024,Engineering,Civil,Freshman,Female,In-State,3.25,Enrolled
101003,2024,Engineering,Computer Science,Sophomore,Female,International,3.35,Enrolled
101004,2024,Engineering,Computer Science,Sophomore,Male,In-State,4.0,Enrolled
101005,2024,Engineering,Electrical,Senior,Male,In-State,2.42,Withdrawn
101006,2024,Engineering,Electrical,Junior,Male,In-State,3.52,Enrolled
101007,2024,Engineering,Mechanical,Sophomore,Male,Out-of-State,3.14,Enrolled
101008,2024,Engineering,Civil,Junior,Female,Out-of-State,2.55,Enrolled
101009,2024,Engineering,Electrical,Junior,Male,In-State,3.07,Enrolled
101010,2024,Engineering,Civil,Sophomore,Male,International,2.66,Withdrawn
101011,2024,Engineering,Civil,Freshman,Male,In-State,3.65,Enrolled
101012,2024,Engineering,Electrical,Sophomore,Male,Out-of-State,4.0,Enrolled
101013,2024,Engineering,Civil,Freshman,Male,In-State,2.77,Graduated
101014,2024,Engineering,Electrical,Senior,Female,Out-of-State,4.0,Enrolled
101015,2024,Engineering,Electrical,Sophomore,Female,In-State,3.46,Enrolled
101016,2024,Engineering,Mechanical,Senior,Male,In-State,3.56,Enrolled
101017,2024,Engineering,Electrical,Junior,Male,Out-of-State,3.67,Enrolled
101018,2024,Engineering,Computer Science,Freshman,Female,Out-of-State,3.28,Enrolled
101019,2024,Engineering,Civil,Sophomore,Male,In-State,3.13,Enrolled
101020,2024,Engineering,Computer Science,Graduate,Female,In-State,3.91,Enrolled
101021,2024,Engineering,Mechanical,Sophomore,Other,Out-of-State,3.41,Enrolled
101022,2024,Engineering,Electrical,Freshman,Male,In-State,2.97,Enrolled
101023,2024,Engineering,Computer Science,Freshman,Male,In-State,3.09,Graduated
101024,2024,Engineering,Civil,Junior,Male,In-State,3.36,Graduated
101025,2024,Engineering,Computer Science,Senior,Female,In-State,4.0,Enrolled
101026,2024,Engineering,Electrical,Senior,Female,In-State,3.36,Graduated
101027,2024,Engineering,Computer Science,Graduate,Female,Out-of-State,3.92,Enrolled
101028,2024,Engineering,Electrical,Senior,Male,In-State,2.96,Enrolled
101029,2024,Engineering,Electrical,Sophomore,Male,In-State,3.28,Enrolled
101030,2024,Engineering,Computer Science,Senior,Male,Out-of-State,3.42,Withdrawn
101031,2024,Engineering,Civil,Freshman,Female,International,3.33,Enrolled
101032,2024,Engineering,Electrical,Junior,Female,Out-of-State,2.19,Enrolled
101033,2024,Engineering,Mechanical,Freshman,Female,In-State,3.95,Enrolled
101034,2024,Engineering,Mechanical,Senior,Female,Out-of-State,4.0,Enrolled
101035,2024,Engineering,Computer Science,Freshman,Male,In-State,4.0,Enrolled
101036,2024,Engineering,Computer Science,Freshman,Female,Out-of-State,3.4,Enrolled
101037,2024,Engineering,Civil,Senior,Female,In-State,3.75,Enrolled
101038,2024,Engineering,Computer Science,Junior,Male,In-State,3.09,Enrolled
101039,2024,Engineering,Civil,Freshman,Male,In-State,3.83,Enrolled
101040,2024,Engineering,Mechanical,Junior,Male,In-State,3.69,Enrolled
101041,2024,Engineering,Computer Science,Freshman,Female,Out-of-State,3.46,Graduated
101042,2024,Engineering,Mechanical,Senior,Female,Out-of-State,2.44,Enrolled
101043,2024,Engineering,Computer Science,Junior,Male,In-State,4.0,Enrolled
101044,2024,Engineering,Electrical,Sophomore,Female,International,3.04,Withdrawn
101045,2024,Engineering,Civil,Freshman,Male,Out-of-State,3.44,Graduated
101046,2024,Engineering,Civil,Sophomore,Female,In-State,4.0,Enrolled
101047,2024,Engineering,Civil,Freshman,Female,International,3.83,Enrolled
101048,2024,Engineering,Electrical,Senior,Male,Out-of-State,3.1,Enrolled
101049,2024,Engineering,Electrical,Graduate,Male,In-State,2.87,Enrolled
101050,2024,Engineering,Civil,Senior,Male,In-State,3.73,Enrolled
101051,2024,Engineering,Computer Science,Freshman,Male,In-State,3.56,Enrolled
101052,2024,Engineering,Mechanical,Freshman,Female,In-State,3.91,Enrolled
101053,2024,Engineering,Civil,Junior,Female,In-State,3.28,Enrolled
101054,2024,Engineering,Computer Science,Junior,Male,Out-of-State,3.86,Enrolled
101055,2024,Engineering,Electrical,Sophomore,Female,In-State,2.96,Enrolled
101056,2024,Engineering,Mechanical,Sophomore,Female,In-State,3.09,Enrolled
101057,2024,Engineering,Mechanical,Senior,Male,Out-of-State,3.39,Enrolled
101058,2024,Engineering,Electrical,Freshman,Male,Out-of-State,3.66,Enrolled
101059,2024,Engineering,Civil,Sophomore,Female,In-State,3.95,Enrolled
101060,2024,Engineering,Mechanical,Junior,Female,Out-of-State,3.65,Enrolled
101061,2024,Engineering,Electrical,Senior,Male,In-State,3.46,Enrolled
101062,2024,Engineering,Mechanical,Sophomore,Female,In-State,3.52,Graduated
101063,2025,Engineering,Civil,Junior,Female,Out-of-State,3.76,Graduated
101064,2025,Engineering,Mechanical,Sophomore,Female,In-State,2.76,Enrolled
101065,2025,Engineering,Civil,Junior,Female,In-State,3.53,On Leave
101066,2025,Engineering,Electrical,Sophomore,Female,Out-of-State,2.93,Enrolled
101067,2025,Engineering,Electrical,Junior,Female,Out-of-State,3.47,Enrolled
101068,2025,Engineering,Mechanical,Sophomore,Male,In-State,3.15,Graduated
101069,2025,Engineering,Mechanical,Senior,Female,In-State,3.16,Enrolled
101070,2025,Engineering,Mechanical,Sophomore,Female,International,3.36,Enrolled
101071,2025,Engineering,Electrical,Graduate,Female,Out-of-State,3.07,Enrolled
101072,2025,Engineering,Computer Science,Freshman,Female,In-State,3.1,Enrolled
101073,2025,Engineering,Mechanical,Freshman,Male,Out-of-State,3.25,Enrolled
101074,2025,Engineering,Mechanical,Junior,Male,In-State,2.83,Enrolled
101075,2025,Engineering,Computer Science,Senior,Female,Out-of-State,3.69,Enrolled
101076,2025,Engineering,Mechanical,Freshman,Female,Out-of-State,3.17,On Leave
101077,2025,Engineering,Mechanical,Junior,Other,Out-of-State,2.8,Graduated
101078,2025,Engineering,Civil,Freshman,Female,In-State,4.0,Enrolled
101079,2025,Engineering,Computer Science,Sophomore,Male,In-State,4.0,On Leave
101080,2025,Engineering,Civil,Sophomore,Female,In-State,3.09,Enrolled
101081,2025,Engineering,Computer Science,Freshman,Female,In-State,3.1,Graduated
101082,2025,Engineering,Electrical,Junior,Male,Out-of-State,2.72,Enrolled
101083,2025,Engineering,Computer Science,Sophomore,Female,In-State,3.99,Enrolled
101084,2025,Engineering,Electrical,Freshman,Female,Out-of-State,2.99,Enrolled
101085,2025,Engineering,Electrical,Graduate,Male,In-State,3.29,Graduated
101086,2025,Engineering,Mechanical,Junior,Female,In-State,3.32,Enrolled
101087,2025,Engineering,Electrical,Freshman,Male,In-State,2.58,Enrolled
101088,2025,Engineering,Mechanical,Junior,Male,In-State,4.0,Withdrawn
101089,2025,Engineering,Mechanical,Senior,Male,International,3.48,Graduated
101090,2025,Engineering,Computer Science,Junior,Male,Out-of-State,2.76,Enrolled
101091,2025,Engineering,Electrical,Junior,Female,In-State,3.15,Enrolled
101092,2025,Engineering,Electrical,Junior,Female,In-State,3.2,Graduated
101093,2025,Engineering,Mechanical,Sophomore,Male,In-State,3.18,Withdrawn
101094,2025,Engineering,Mechanical,Junior,Male,International,3.91,Enrolled
101095,2025,Engineering,Electrical,Sophomore,Male,In-State,2.93,Enrolled
101096,2025,Engineering,Civil,Senior,Male,Out-of-State,3.44,Enrolled
101097,2025,Engineering,Mechanical,Junior,Male,In-State,2.86,Graduated
101098,2025,Engineering,Computer Science,Sophomore,Male,In-State,3.2,Enrolled
101099,2025,Engineering,Mechanical,Freshman,Male,In-State,2.92,Enrolled
101100,2025,Engineering,Computer Science,Freshman,Male,In-State,3.37,Enrolled
101101,2025,Engineering,Electrical,Freshman,Male,In-State,3.38,Enrolled
101102,2025,Engineering,Civil,Senior,Male,International,3.15,Graduated
101103,2025,Engineering,Computer Science,Senior,Female,Out-of-State,3.56,Enrolled
101104,2025,Engineering,Computer Science,Freshman,Female,In-State,2.73,Enrolled
101105,2025,Engineering,Computer Science,Senior,Male,Out-of-State,2.93,Enrolled
101106,2025,Engineering,Electrical,Senior,Male,In-State,3.33,Graduated
101107,2025,Engineering,Electrical,Sophomore,Male,In-State,3.1,Graduated
101108,2025,Engineering,Electrical,Graduate,Female,Out-of-State,3.22,Enrolled
101109,2025,Engineering,Computer Science,Sophomore,Female,In-State,2.85,Withdrawn
101110,2025,Engineering,Electrical,Sophomore,Female,In-State,3.08,On Leave
101111,2025,Engineering,Civil,Freshman,Male,International,3.07,Enrolled
101112,2025,Engineering,Mechanical,Freshman,Female,Out-of-State,3.22,Enrolled
101113,2025,Engineering,Computer Science,Senior,Male,Out-of-State,2.63,Enrolled
101114,2025,Engineering,Mechanical,Graduate,Male,In-State,2.95,Enrolled
101115,2025,Engineering,Computer Science,Sophomore,Male,In-State,3.73,Enrolled
101116,2025,Engineering,Computer Science,Sophomore,Male,In-State,2.82,Enrolled
101117,2025,Engineering,Computer Science,Freshman,Female,In-State,3.57,Enrolled
101118,2025,Engineering,Computer Science,Junior,Male,In-State,2.75,Enrolled
101119,2025,Engineering,Civil,Freshman,Female,In-State,3.63,Enrolled
101120,2025,Engineering,Civil,Graduate,Female,International,2.67,Enrolled
101121,2025,Engineering,Computer Science,Senior,Female,Out-of-State,3.42,Graduated
101122,2025,Engineering,Computer Science,Freshman,Female,In-State,3.23,Enrolled
101123,2025,Engineering,Mechanical,Senior,Male,In-State,2.48,Graduated
101124,2025,Engineering,Computer Science,Freshman,Female,In-State,2.62,Enrolled
101125,2025,Engineering,Computer Science,Sophomore,Female,Out-of-State,2.77,Enrolled
101126,2025,Engineering,Mechanical,Graduate,Male,Out-of-State,2.58,Enrolled
101127,2025,Engineering,Computer Science,Senior,Female,Out-of-State,2.88,Graduated
101128,2025,Engineering,Civil,Freshman,Male,Out-of-State,2.3,Enrolled
101129,2025,Engineering,Mechanical,Sophomore,Female,Out-of-State,3.55,On Leave
101130,2025,Engineering,Mechanical,Freshman,Female,In-State,3.64,Enrolled
101131,2025,Engineering,Electrical,Freshman,Male,In-State,2.89,Enrolled
101132,2025,Engineering,Computer Science,Freshman,Male,Out-of-State,3.42,Enrolled
101133,2025,Engineering,Civil,Senior,Male,In-State,3.7,Enrolled
101134,2025,Engineering,Civil,Senior,Male,Out-of-State,3.86,On Leave
101135,2025,Engineering,Electrical,Freshman,Male,In-State,3.93,Enrolled
101136,2025,Engineering,Computer Science,Sophomore,Male,In-State,3.39,Graduated
101137,2025,Engineering,Civil,Junior,Male,Out-of-State,3.36,Enrolled
101138,2025,Engineering,Computer Science,Freshman,Male,International,3.07,Enrolled
101139,2025,Engineering,Computer Science,Sophomore,Male,In-State,2.89,Enrolled
101140,2025,Engineering,Civil,Sophomore,Female,Out-of-State,2.5,Enrolled
101141,2025,Engineering,Mechanical,Junior,Female,Out-of-State,3.03,Enrolled
101142,2025,Engineering,Mechanical,Junior,Male,In-State,2.85,Enrolled
101143,2025,Engineering,Civil,Graduate,Male,In-State,2.53,Enrolled
101144,2025,Engineering,Civil,Junior,Female,Out-of-State,3.09,Enrolled
101145,2025,Engineering,Computer Science,Senior,Female,Out-of-State,3.0,Enrolled
101146,2025,Engineering,Computer Science,Freshman,Female,In-State,2.63,Enrolled
101147,2025,Engineering,Computer Science,Freshman,Female,In-State,3.27,Enrolled
101148,2025,Engineering,Civil,Freshman,Female,In-State,3.44,On Leave
101149,2025,Engineering,Mechanical,Sophomore,Male,In-State,4.0,Graduated
101150,2025,Engineering,Computer Science,Junior,Male,In-State,2.9,Enrolled
101151,2025,Engineering,Mechanical,Freshman,Male,Out-of-State,2.24,Graduated
101152,2025,Engineering,Mechanical,Junior,Male,In-State,3.05,Enrolled
101153,2025,Engineering,Civil,Junior,Female,International,2.8,Graduated
101154,2025,Engineering,Computer Science,Junior,Female,In-State,3.6,Enrolled
101155,2015,Business,Finance,Sophomore,Male,International,3.16,Withdrawn
101156,2015,Business,Management,Senior,Female,Out-of-State,3.33,Enrolled
101157,2015,Business,Accounting,Junior,Female,In-State,3.74,Enrolled
101158,2015,Business,Finance,Senior,Female,In-State,3.12,Withdrawn
101159,2015,Business,Management,Sophomore,Male,In-State,3.63,Enrolled
101160,2015,Business,Accounting,Freshman,Male,Out-of-State,3.27,On Leave
101161,2015,Business,Accounting,Senior,Female,In-State,2.44,Enrolled
101162,2015,Business,Management,Freshman,Female,In-State,2.82,Enrolled
101163,2015,Business,Management,Junior,Female,In-State,2.99,Enrolled
101164,2015,Business,Finance,Sophomore,Female,In-State,4.0,On Leave
101165,2015,Business,Marketing,Senior,Female,International,3.09,Withdrawn
101166,2015,Business,Accounting,Freshman,Male,In-State,3.38,Enrolled
101167,2015,Business,Marketing,Senior,Male,In-State,3.56,Enrolled
101168,2015,Business,Finance,Sophomore,Male,In-State,3.14,Graduated
101169,2015,Business,Accounting,Sophomore,Female,In-State,3.48,Enrolled
101170,2015,Business,Accounting,Graduate,Male,In-State,3.14,Enrolled
101171,2015,Business,Finance,Freshman,Female,Out-of-State,3.13,Enrolled
101172,2015,Business,Accounting,Senior,Female,In-State,2.98,Enrolled
101173,2015,Business,Management,Senior,Male,In-State,2.77,Graduated
101174,2015,Business,Finance,Junior,Female,In-State,2.74,Enrolled
101175,2015,Business,Management,Sophomore,Female,In-State,3.55,Enrolled
101176,2015,Business,Accounting,Senior,Male,In-State,2.94,Enrolled
101177,2015,Business,Finance,Sophomore,Female,In-State,3.04,Enrolled
101178,2015,Business,Management,Sophomore,Female,International,2.51,Graduated
101179,2015,Business,Management,Freshman,Female,In-State,3.24,Enrolled
101180,2015,Business,Finance,Junior,Male,In-State,2.83,Enrolled
101181,2015,Business,Management,Freshman,Male,Out-of-State,3.03,Enrolled
101182,2015,Business,Finance,Sophomore,Female,In-State,3.71,Enrolled
101183,2015,Business,Management,Sophomore,Male,In-State,2.76,Enrolled
101184,2015,Business,Marketing,Graduate,Male,Out-of-State,2.59,Enrolled
101185,2015,Business,Accounting,Freshman,Female,In-State,2.75,Enrolled
101186,2015,Business,Marketing,Senior,Male,Out-of-State,2.86,Enrolled
101187,2015,Business,Management,Junior,Male,In-State,2.99,Enrolled
101188,2015,Business,Accounting,Sophomore,Female,Out-of-State,2.91,Enrolled
101189,2015,Business,Finance,Senior,Male,In-State,2.52,Enrolled
101190,2015,Business,Finance,Freshman,Male,International,3.07,Enrolled
101191,2015,Business,Accounting,Freshman,Male,In-State,3.2,Enrolled
101192,2015,Business,Marketing,Sophomore,Female,In-State,2.91,Graduated
101193,2015,Business,Marketing,Sophomore,Male,In-State,2.79,Enrolled
101194,2015,Business,Marketing,Senior,Female,In-State,3.21,Enrolled
101195,2015,Business,Marketing,Graduate,Other,Out-of-State,2.98,Enrolled
101196,2015,Business,Accounting,Sophomore,Female,Out-of-State,2.85,Graduated
101197,2015,Business,Accounting,Senior,Female,In-State,2.96,Enrolled
101198,2015,Business,Marketing,Senior,Male,In-State,3.06,Enrolled
101199,2015,Business,Management,Freshman,Male,Out-of-State,3.8,Enrolled
101200,2015,Business,Marketing,Sophomore,Female,In-State,3.21,Graduated
101201,2015,Business,Accounting,Freshman,Female,In-State,3.94,Enrolled
101202,2015,Business,Accounting,Freshman,Female,In-State,3.48,Enrolled
101203,2015,Business,Marketing,Sophomore,Male,In-State,3.02,Enrolled
101204,2015,Business,Finance,Graduate,Female,Out-of-State,2.22,Enrolled
101205,2015,Business,Marketing,Sophomore,Male,In-State,2.58,Enrolled
101206,2015,Business,Marketing,Junior,Female,In-State,3.74,Enrolled
101207,2015,Business,Management,Sophomore,Female,Out-of-State,3.47,Withdrawn
101208,2015,Business,Finance,Freshman,Female,In-State,3.09,Withdrawn
101209,2015,Business,Marketing,Junior,Male,International,3.15,Enrolled
101210,2015,Business,Accounting,Sophomore,Female,International,3.11,Withdrawn
101211,2015,Business,Finance,Freshman,Female,In-State,3.13,Enrolled
101212,2015,Business,Management,Junior,Female,In-State,2.08,Enrolled
101213,2015,Business,Management,Sophomore,Female,International,3.88,Enrolled
101214,2015,Business,Finance,Senior,Female,Out-of-State,2.33,Graduated
101215,2015,Business,Accounting,Graduate,Other,In-State,2.97,Enrolled
101216,2015,Business,Finance,Senior,Female,In-State,2.84,Graduated
101217,2015,Business,Management,Senior,Male,In-State,3.27,Enrolled
101218,2015,Business,Marketing,Junior,Male,Out-of-State,3.11,Graduated
101219,2015,Business,Marketing,Freshman,Female,In-State,2.74,Enrolled
101220,2015,Business,Accounting,Freshman,Male,In-State,3.71,Withdrawn
101221,2015,Business,Management,Junior,Female,In-State,3.67,Graduated
101222,2015,Business,Accounting,Sophomore,Female,International,2.13,Withdrawn
101223,2015,Business,Accounting,Junior,Female,In-State,3.84,Enrolled
101224,2015,Business,Management,Senior,Female,In-State,3.11,Enrolled
101225,2015,Business,Accounting,Senior,Male,Out-of-State,3.0,Enrolled
101226,2015,Business,Management,Graduate,Male,International,3.35,Enrolled
101227,2015,Business,Marketing,Senior,Female,Out-of-State,3.26,Enrolled
101228,2015,Business,Marketing,Graduate,Female,In-State,3.23,On Leave
101229,2015,Business,Finance,Graduate,Male,International,3.09,Enrolled
101230,2016,Business,Accounting,Senior,Female,Out-of-State,2.19,Enrolled
101231,2016,Business,Marketing,Sophomore,Female,In-State,2.21,Enrolled
101232,2016,Business,Management,Freshman,Male,In-State,2.75,Enrolled
101233,2016,Business,Finance,Junior,Female,In-State,2.67,Enrolled
101234,2016,Business,Finance,Junior,Female,In-State,3.45,Enrolled
101235,2016,Business,Marketing,Sophomore,Male,In-State,1.83,Enrolled
101236,2016,Business,Management,Junior,Male,Out-of-State,3.69,Enrolled
101237,2016,Business,Finance,Senior,Female,In-State,2.73,Enrolled
101238,2016,Business,Management,Sophomore,Male,In-State,4.0,Enrolled
101239,2016,Business,Finance,Sophomore,Female,Out-of-State,2.84,Enrolled
101240,2016,Business,Finance,Freshman,Female,In-State,2.92,Enrolled
101241,2016,Business,Marketing,Senior,Male,In-State,3.32,Graduated
101242,2016,Business,Finance,Senior,Male,In-State,2.8,Enrolled
101243,2016,Business,Marketing,Sophomore,Male,In-State,2.8,Graduated
101244,2016,Business,Marketing,Sophomore,Male,In-State,3.27,Enrolled
101245,2016,Business,Accounting,Freshman,Male,In-State,2.93,Enrolled
101246,2016,Business,Marketing,Freshman,Female,International,3.51,Enrolled
101247,2016,Business,Finance,Freshman,Male,In-State,3.34,Enrolled
101248,2016,Business,Finance,Junior,Female,In-State,3.54,Enrolled
101249,2016,Business,Marketing,Senior,Male,In-State,2.53,Enrolled
101250,2016,Business,Management,Sophomore,Male,Out-of-State,3.4,Enrolled
101251,2016,Business,Finance,Sophomore,Female,In-State,3.85,Graduated
101252,2016,Business,Accounting,Freshman,Male,Out-of-State,2.78,Enrolled
101253,2016,Business,Marketing,Freshman,Female,In-State,3.64,Withdrawn
101254,2016,Business,Management,Sophomore,Male,Out-of-State,2.65,Enrolled
101255,2016,Business,Accounting,Junior,Male,In-State,3.48,Enrolled
101256,2016,Business,Accounting,Senior,Female,Out-of-State,3.0,On Leave
101257,2016,Business,Finance,Junior,Female,Out-of-State,3.41,Withdrawn
101258,2016,Business,Marketing,Junior,Male,In-State,2.03,Enrolled
101259,2016,Business,Marketing,Freshman,Male,In-State,3.01,Enrolled
101260,2016,Business,Management,Freshman,Male,In-State,2.83,Enrolled
101261,2016,Business,Marketing,Sophomore,Female,Out-of-State,2.63,Enrolled
101262,2016,Business,Accounting,Senior,Male,In-State,3.44,Enrolled
101263,2016,Business,Management,Senior,Female,In-State,3.03,Enrolled
101264,2016,Business,Accounting,Freshman,Female,In-State,2.74,Enrolled
101265,2016,Business,Accounting,Freshman,Male,Out-of-State,2.18,Enrolled
101266,2016,Business,Finance,Freshman,Female,Out-of-State,3.14,Withdrawn
101267,2016,Business,Marketing,Sophomore,Female,Out-of-State,3.39,Enrolled
101268,2016,Business,Marketing,Freshman,Female,In-State,3.31,Enrolled
101269,2016,Business,Management,Freshman,Male,In-State,2.84,Enrolled
101270,2016,Business,Management,Junior,Male,In-State,2.77,Enrolled
101271,2016,Business,Management,Junior,Female,International,3.61,Graduated
101272,2016,Business,Marketing,Senior,Other,International,3.1,Enrolled
101273,2016,Business,Management,Sophomore,Male,In-State,3.69,Withdrawn
101274,2016,Business,Finance,Freshman,Female,In-State,2.59,Enrolled
101275,2016,Business,Management,Sophomore,Male,In-State,3.01,Enrolled
101276,2016,Business,Finance,Freshman,Female,In-State,3.22,Enrolled
101277,2016,Business,Marketing,Sophomore,Male,In-State,2.49,Enrolled
101278,2016,Business,Accounting,Sophomore,Female,International,2.11,Enrolled
101279,2016,Business,Management,Senior,Female,Out-of-State,2.78,Enrolled
101280,2016,Business,Marketing,Freshman,Male,In-State,3.24,Enrolled
101281,2016,Business,Marketing,Junior,Female,Out-of-State,2.99,Enrolled
101282,2016,Business,Management,Freshman,Male,In-State,2.98,Graduated
101283,2016,Business,Finance,Senior,Male,Out-of-State,3.14,Enrolled
101284,2016,Business,Marketing,Sophomore,Male,International,3.99,Graduated
101285,2016,Business,Marketing,Freshman,Male,International,2.32,Enrolled
101286,2016,Business,Finance,Graduate,Female,Out-of-State,2.76,Graduated
101287,2016,Business,Accounting,Freshman,Female,In-State,3.27,Enrolled
101288,2016,Business,Finance,Sophomore,Female,Out-of-State,3.41,Enrolled
101289,2016,Business,Management,Senior,Male,In-State,2.6,Enrolled
101290,2016,Business,Finance,Sophomore,Female,In-State,3.31,Enrolled
101291,2016,Business,Accounting,Sophomore,Male,In-State,3.09,Enrolled
101292,2016,Business,Finance,Freshman,Female,In-State,2.93,Withdrawn
101293,2016,Business,Marketing,Junior,Male,In-State,3.27,Withdrawn
101294,2016,Business,Marketing,Senior,Female,In-State,3.14,Enrolled
101295,2016,Business,Finance,Freshman,Female,Out-of-State,3.43,Graduated
101296,2016,Business,Management,Junior,Male,In-State,3.29,Withdrawn
101297,2016,Business,Finance,Senior,Male,Out-of-State,2.69,Enrolled
101298,2016,Business,Finance,Sophomore,Male,International,2.52,Enrolled
101299,2016,Business,Accounting,Junior,Male,International,2.95,Enrolled
101300,2016,Business,Marketing,Freshman,Other,In-State,2.93,Enrolled
101301,2016,Business,Marketing,Sophomore,Other,In-State,3.25,Enrolled
101302,2016,Business,Accounting,Graduate,Female,Out-of-State,3.05,Enrolled
101303,2016,Business,Management,Freshman,Male,International,2.4,Enrolled
101304,2016,Business,Finance,Sophomore,Female,In-State,2.75,Enrolled
101305,2016,Business,Finance,Senior,Female,In-State,3.94,Enrolled
101306,2016,Business,Management,Freshman,Male,Out-of-State,2.69,Withdrawn
101307,2016,Business,Finance,Freshman,Male,Out-of-State,3.29,Enrolled
101308,2016,Business,Accounting,Graduate,Male,In-State,2.8,Enrolled
101309,2016,Business,Marketing,Sophomore,Female,Out-of-State,3.52,Enrolled
101310,2016,Business,Management,Freshman,Male,In-State,3.03,Enrolled
101311,2016,Business,Accounting,Junior,Female,Out-of-State,3.42,Enrolled
101312,2016,Business,Finance,Freshman,Female,In-State,3.18,Graduated
101313,2016,Business,Management,Sophomore,Female,In-State,3.11,Enrolled
101314,2016,Business,Management,Junior,Female,In-State,2.83,Enrolled
101315,2016,Business,Accounting,Junior,Male,In-State,2.84,Enrolled
101316,2016,Business,Marketing,Senior,Female,In-State,2.93,Enrolled
101317,2016,Business,Management,Junior,Female,In-State,2.6,Enrolled
101318,2016,Business,Management,Graduate,Female,In-State,3.05,Enrolled
101319,2016,Business,Accounting,Junior,Male,In-State,3.8,Enrolled
101320,2016,Business,Finance,Junior,Female,In-State,3.12,Enrolled
101321,2016,Business,Accounting,Freshman,Female,International,2.99,Enrolled
101322,2016,Business,Marketing,Junior,Male,In-State,4.0,Enrolled
101323,2016,Business,Management,Junior,Male,In-State,3.21,Graduated
101324,2016,Business,Marketing,Graduate,Female,In-State,3.57,Enrolled
101325,2016,Business,Finance,Sophomore,Female,Out-of-State,2.94,Enrolled
101326,2016,Business,Finance,Junior,Male,In-State,2.47,Enrolled
101327,2016,Business,Management,Junior,Female,Out-of-State,2.67,Graduated
101328,2016,Business,Marketing,Graduate,Female,In-State,2.6,Graduated
101329,2016,Business,Marketing,Graduate,Male,In-State,3.26,Enrolled
101330,2016,Business,Marketing,Senior,Female,International,2.29,Withdrawn
101331,2016,Business,Accounting,Sophomore,Female,International,3.08,Enrolled
101332,2016,Business,Finance,Freshman,Female,In-State,1.72,Enrolled
101333,2016,Business,Management,Sophomore,Female,Out-of-State,3.12,Enrolled
101334,2016,Business,Management,Senior,Female,Out-of-State,3.59,Enrolled
101335,2016,Business,Finance,Freshman,Male,International,2.59,Enrolled
101336,2016,Business,Accounting,Freshman,Male,In-State,3.21,Withdrawn
101337,2016,Business,Management,Graduate,Male,In-State,2.4,Enrolled
101338,2016,Business,Management,Graduate,Female,In-State,3.66,Enrolled
101339,2016,Business,Accounting,Junior,Female,In-State,2.48,Enrolled
101340,2016,Business,Finance,Freshman,Male,International,3.23,Withdrawn
101341,2016,Business,Marketing,Junior,Female,Out-of-State,3.33,Enrolled
101342,2016,Business,Finance,Junior,Female,In-State,2.78,Enrolled
101343,2016,Business,Marketing,Freshman,Male,Out-of-State,3.62,Enrolled
101344,2016,Business,Management,Sophomore,Female,In-State,1.93,On Leave
101345,2016,Business,Management,Senior,Male,In-State,3.35,Enrolled
101346,2016,Business,Finance,Freshman,Male,Out-of-State,3.36,Enrolled
101347,2016,Business,Accounting,Junior,Male,In-State,2.33,Enrolled
101348,2016,Business,Management,Junior,Female,Out-of-State,2.65,Enrolled
101349,2016,Business,Finance,Sophomore,Male,In-State,2.55,Enrolled
101350,2016,Business,Management,Senior,Female,Out-of-State,3.5,Enrolled
101351,2016,Business,Marketing,Freshman,Male,International,2.91,Enrolled
101352,2016,Business,Accounting,Senior,Male,In-State,2.69,Enrolled
101353,2016,Business,Accounting,Senior,Female,In-State,3.04,Enrolled
101354,2016,Business,Management,Senior,Female,In-State,3.34,On Leave
101355,2016,Business,Finance,Freshman,Female,Out-of-State,2.83,Enrolled
101356,2016,Business,Finance,Sophomore,Female,In-State,3.24,Enrolled
101357,2016,Business,Management,Sophomore,Female,In-State,3.12,Enrolled
101358,2016,Business,Accounting,Junior,Male,In-State,2.47,Enrolled
101359,2016,Business,Marketing,Freshman,Male,In-State,3.79,Enrolled
101360,2016,Business,Management,Junior,Female,In-State,3.09,On Leave
101361,2016,Business,Management,Senior,Female,Out-of-State,3.24,Withdrawn
101362,2017,Business,Management,Junior,Male,In-State,2.95,Enrolled
101363,2017,Business,Accounting,Graduate,Male,In-State,2.47,Graduated
101364,2017,Business,Finance,Junior,Male,In-State,3.3,Enrolled
101365,2017,Business,Management,Freshman,Male,In-State,3.33,Graduated
101366,2017,Business,Marketing,Junior,Male,Out-of-State,2.97,Enrolled
101367,2017,Business,Management,Graduate,Female,Out-of-State,2.79,Graduated
101368,2017,Business,Marketing,Senior,Female,In-State,2.39,Enrolled
101369,2017,Business,Marketing,Senior,Male,In-State,3.02,Enrolled
101370,2017,Business,Accounting,Freshman,Male,International,3.0,On Leave
101371,2017,Business,Finance,Senior,Male,Out-of-State,2.99,Enrolled
101372,2017,Business,Accounting,Sophomore,Female,In-State,2.22,Enrolled
101373,2017,Business,Accounting,Senior,Female,In-State,3.52,Enrolled
101374,2017,Business,Accounting,Sophomore,Female,Out-of-State,3.13,Enrolled
101375,2017,Business,Management,Senior,Male,Out-of-State,2.78,Enrolled
101376,2017,Business,Management,Senior,Male,In-State,2.75,Withdrawn
101377,2017,Business,Finance,Senior,Male,In-State,2.63,Enrolled
101378,2017,Business,Finance,Freshman,Female,Out-of-State,3.0,Withdrawn
101379,2017,Business,Accounting,Junior,Female,In-State,2.72,Enrolled
101380,2017,Business,Accounting,Sophomore,Male,In-State,2.29,Withdrawn
101381,2017,Business,Management,Junior,Male,In-State,2.34,Enrolled
101382,2017,Business,Marketing,Sophomore,Male,In-State,3.12,Enrolled
101383,2017,Business,Accounting,Senior,Male,Out-of-State,2.86,Graduated
101384,2017,Business,Marketing,Freshman,Male,Out-of-State,2.81,Enrolled
101385,2017,Business,Finance,Graduate,Female,In-State,3.93,Enrolled
101386,2017,Business,Marketing,Graduate,Female,In-State,3.44,Enrolled
101387,2017,Business,Marketing,Senior,Male,Out-of-State,2.37,Enrolled
101388,2017,Business,Accounting,Senior,Female,Out-of-State,3.05,Graduated
101389,2017,Business,Accounting,Senior,Female,In-State,2.35,Enrolled
101390,2017,Business,Accounting,Sophomore,Male,In-State,3.73,Enrolled
101391,2017,Business,Marketing,Junior,Male,Out-of-State,2.69,Graduated
101392,2017,Business,Finance,Freshman,Female,Out-of-State,3.05,Withdrawn
101393,2017,Business,Accounting,Sophomore,Male,In-State,2.84,Enrolled
101394,2017,Business,Marketing,Sophomore,Female,Out-of-State,3.79,Enrolled
101395,2017,Business,Finance,Senior,Female,In-State,3.07,Enrolled
101396,2017,Business,Management,Sophomore,Female,In-State,2.76,Enrolled
101397,2017,Business,Accounting,Graduate,Male,In-State,2.62,Enrolled
101398,2017,Business,Accounting,Freshman,Female,Out-of-State,3.44,Enrolled
101399,2017,Business,Marketing,Freshman,Male,In-State,2.97,Enrolled
101400,2017,Business,Management,Graduate,Male,In-State,3.23,Enrolled
101401,2017,Business,Accounting,Freshman,Female,International,2.84,Enrolled
101402,2017,Business,Finance,Junior,Female,Out-of-State,3.02,Graduated
101403,2017,Business,Accounting,Sophomore,Female,In-State,3.7,Enrolled
101404,2017,Business,Accounting,Freshman,Female,In-State,2.84,Enrolled
101405,2017,Business,Management,Freshman,Female,Out-of-State,2.88,Enrolled
101406,2017,Business,Management,Freshman,Female,In-State,3.24,Withdrawn
101407,2017,Business,Management,Junior,Female,In-State,3.4,Enrolled
101408,2017,Business,Marketing,Freshman,Male,In-State,3.07,On Leave
101409,2017,Business,Management,Senior,Female,In-State,2.99,Enrolled
101410,2017,Business,Marketing,Senior,Male,Out-of-State,2.57,Enrolled
101411,2017,Business,Finance,Freshman,Male,Out-of-State,3.05,Enrolled
101412,2017,Business,Accounting,Senior,Female,In-State,3.84,Enrolled
101413,2017,Business,Finance,Sophomore,Female,In-State,3.43,Enrolled
101414,2017,Business,Finance,Sophomore,Female,In-State,2.62,Enrolled
101415,2017,Business,Finance,Freshman,Female,In-State,2.73,Enrolled
101416,2017,Business,Accounting,Freshman,Female,Out-of-State,3.28,Enrolled
101417,2017,Business,Finance,Junior,Female,In-State,2.94,Graduated
101418,2017,Business,Finance,Freshman,Male,In-State,2.39,Enrolled
101419,2017,Business,Accounting,Junior,Male,International,2.03,Enrolled
101420,2017,Business,Management,Freshman,Male,In-State,2.51,Enrolled
101421,2017,Business,Marketing,Sophomore,Male,In-State,4.0,Enrolled
101422,2017,Business,Marketing,Junior,Female,Out-of-State,3.05,Enrolled
101423,2017,Business,Finance,Junior,Male,Out-of-State,3.46,Enrolled
101424,2017,Business,Marketing,Senior,Male,In-State,3.35,Enrolled
101425,2017,Business,Marketing,Freshman,Female,In-State,3.74,Enrolled
101426,2017,Business,Management,Junior,Female,In-State,3.53,Enrolled
101427,2017,Business,Marketing,Junior,Female,In-State,3.37,On Leave
101428,2017,Business,Marketing,Junior,Female,In-State,2.52,Enrolled
101429,2017,Business,Management,Freshman,Male,In-State,3.12,Graduated
101430,2017,Business,Marketing,Freshman,Male,Out-of-State,2.11,Enrolled
101431,2017,Business,Accounting,Senior,Male,In-State,2.47,Graduated
101432,2017,Business,Marketing,Sophomore,Male,In-State,2.6,Enrolled
101433,2017,Business,Accounting,Sophomore,Female,In-State,2.83,Enrolled
101434,2017,Business,Management,Senior,Male,International,2.99,Enrolled
101435,2017,Business,Finance,Junior,Male,International,3.44,On Leave
101436,2017,Business,Accounting,Senior,Male,In-State,2.49,Graduated
101437,2017,Business,Management,Senior,Male,Out-of-State,2.77,Enrolled
101438,2017,Business,Accounting,Graduate,Female,In-State,3.39,Withdrawn
101439,2017,Business,Finance,Sophomore,Female,Out-of-State,2.66,Enrolled
101440,2018,Business,Accounting,Freshman,Female,In-State,3.6,Enrolled
101441,2018,Business,Accounting,Junior,Male,In-State,3.23,Enrolled
101442,2018,Business,Marketing,Freshman,Female,In-State,2.67,On Leave
101443,2018,Business,Marketing,Senior,Male,In-State,2.72,Enrolled
101444,2018,Business,Management,Senior,Male,In-State,2.37,Enrolled
101445,2018,Business,Marketing,Sophomore,Female,Out-of-State,3.24,Enrolled
101446,2018,Business,Marketing,Senior,Female,In-State,3.2,Graduated
101447,2018,Business,Finance,Freshman,Female,Out-of-State,2.95,Enrolled
101448,2018,Business,Finance,Sophomore,Female,In-State,3.44,Enrolled
101449,2018,Business,Finance,Freshman,Male,Out-of-State,2.32,Enrolled
101450,2018,Business,Finance,Freshman,Female,In-State,2.92,Enrolled
101451,2018,Business,Marketing,Freshman,Male,Out-of-State,3.2,Enrolled
101452,2018,Business,Accounting,Sophomore,Male,In-State,3.3,Withdrawn
101453,2018,Business,Finance,Junior,Male,In-State,2.31,Enrolled
101454,2018,Business,Accounting,Freshman,Male,Out-of-State,2.72,Enrolled
101455,2018,Business,Accounting,Freshman,Female,In-State,2.67,Enrolled
101456,2018,Business,Accounting,Sophomore,Female,Out-of-State,2.67,Enrolled
101457,2018,Business,Management,Graduate,Male,International,3.1,Enrolled
101458,2018,Business,Accounting,Graduate,Female,In-State,2.63,Enrolled
101459,2018,Business,Marketing,Senior,Male,In-State,3.06,Enrolled
101460,2018,Business,Marketing,Sophomore,Female,In-State,3.6,Enrolled
101461,2018,Business,Finance,Sophomore,Male,Out-of-State,2.34,Enrolled
101462,2018,Business,Marketing,Sophomore,Male,In-State,2.92,Enrolled
101463,2018,Business,Finance,Junior,Female,International,3.32,Enrolled
101464,2018,Business,Management,Senior,Female,In-State,2.62,Graduated
101465,2018,Business,Marketing,Senior,Male,Out-of-State,3.05,Enrolled
101466,2018,Business,Marketing,Senior,Male,Out-of-State,2.73,Enrolled
101467,2018,Business,Accounting,Freshman,Female,International,3.21,On Leave
101468,2018,Business,Management,Sophomore,Male,Out-of-State,3.13,Enrolled
101469,2018,Business,Marketing,Junior,Male,In-State,3.69,On Leave
101470,2018,Business,Accounting,Junior,Female,In-State,3.39,Enrolled
101471,2018,Business,Finance,Sophomore,Male,International,3.14,Enrolled
101472,2018,Business,Finance,Junior,Female,Out-of-State,2.77,On Leave
101473,2018,Business,Management,Graduate,Male,In-State,3.15,Enrolled
101474,2018,Business,Finance,Senior,Female,In-State,3.72,Enrolled
101475,2018,Business,Management,Sophomore,Male,In-State,3.27,Withdrawn
101476,2018,Business,Marketing,Sophomore,Female,In-State,2.42,Graduated
101477,2018,Business,Accounting,Junior,Female,In-State,2.88,Enrolled
101478,2018,Business,Marketing,Sophomore,Female,In-State,2.99,Enrolled
101479,2018,Business,Management,Senior,Male,Out-of-State,2.67,Graduated
101480,2018,Business,Marketing,Senior,Male,In-State,1.84,Enrolled
101481,2018,Business,Management,Junior,Female,In-State,2.69,Enrolled
101482,2018,Business,Accounting,Sophomore,Male,Out-of-State,2.74,Enrolled
101483,2018,Business,Finance,Senior,Male,In-State,3.85,Enrolled
101484,2018,Business,Accounting,Freshman,Female,In-State,2.7,Enrolled
101485,2018,Business,Marketing,Senior,Male,In-State,2.47,Enrolled
101486,2018,Business,Marketing,Freshman,Female,In-State,2.71,Enrolled
101487,2018,Business,Finance,Junior,Male,In-State,3.74,Enrolled
101488,2018,Business,Marketing,Senior,Male,In-State,2.85,Enrolled
101489,2018,Business,Accounting,Sophomore,Other,In-State,3.33,Graduated
101490,2018,Business,Finance,Senior,Female,In-State,2.24,Enrolled
101491,2018,Business,Marketing,Junior,Male,Out-of-State,2.03,Graduated
101492,2018,Business,Marketing,Freshman,Male,In-State,2.35,Graduated
101493,2018,Business,Management,Senior,Female,In-State,2.83,Enrolled
101494,2018,Business,Finance,Junior,Female,In-State,3.07,Enrolled
101495,2018,Business,Marketing,Freshman,Male,In-State,2.62,Withdrawn
101496,2018,Business,Marketing,Sophomore,Female,In-State,3.66,Enrolled
101497,2018,Business,Marketing,Graduate,Female,International,1.8,Enrolled
101498,2018,Business,Marketing,Sophomore,Female,Out-of-State,3.72,Enrolled
101499,2018,Business,Finance,Sophomore,Female,Out-of-State,3.36,Enrolled
101500,2018,Business,Marketing,Junior,Female,In-State,2.0,Enrolled
101501,2018,Business,Finance,Sophomore,Female,Out-of-State,2.89,On Leave
101502,2018,Business,Accounting,Sophomore,Other,Out-of-State,2.8,Enrolled
101503,2018,Business,Finance,Junior,Male,Out-of-State,2.4,Enrolled
101504,2018,Business,Management,Freshman,Female,In-State,2.02,Enrolled
101505,2018,Business,Accounting,Sophomore,Female,In-State,3.09,Enrolled
101506,2018,Business,Marketing,Freshman,Male,Out-of-State,2.44,Enrolled
101507,2018,Business,Marketing,Senior,Male,In-State,3.33,Enrolled
101508,2018,Business,Finance,Senior,Other,International,2.98,Enrolled
101509,2018,Business,Finance,Graduate,Female,In-State,3.15,Enrolled
101510,2018,Business,Management,Graduate,Male,Out-of-State,2.47,Enrolled
101511,2018,Business,Management,Senior,Male,International,2.96,Enrolled
101512,2018,Business,Marketing,Junior,Male,International,3.89,Enrolled
101513,2018,Business,Marketing,Freshman,Female,In-State,3.11,Enrolled
101514,2018,Business,Management,Junior,Male,In-State,3.57,Enrolled
101515,2018,Business,Marketing,Senior,Male,In-State,2.48,Enrolled
101516,2018,Business,Marketing,Sophomore,Other,In-State,2.7,Graduated
101517,2018,Business,Marketing,Freshman,Male,In-State,2.6,Graduated
101518,2018,Business,Marketing,Freshman,Male,International,3.13,Graduated
101519,2018,Business,Management,Freshman,Male,In-State,3.33,Enrolled
101520,2018,Business,Accounting,Graduate,Female,In-State,3.34,Withdrawn
101521,2018,Business,Management,Senior,Male,In-State,1.74,Enrolled
101522,2018,Business,Finance,Junior,Female,In-State,2.45,Enrolled
101523,2018,Business,Management,Graduate,Male,In-State,2.8,Enrolled
101524,2018,Business,Finance,Junior,Female,In-State,2.66,Enrolled
101525,2018,Business,Finance,Sophomore,Male,In-State,2.13,Withdrawn
101526,2018,Business,Management,Freshman,Male,International,2.73,Enrolled
101527,2018,Business,Accounting,Freshman,Male,In-State,2.56,Enrolled
101528,2018,Business,Management,Junior,Male,In-State,2.88,Enrolled
101529,2018,Business,Marketing,Junior,Female,In-State,2.54,Enrolled
101530,2018,Business,Finance,Sophomore,Male,In-State,2.56,Enrolled
101531,2018,Business,Management,Freshman,Male,In-State,3.11,Enrolled
101532,2018,Business,Finance,Senior,Male,In-State,2.97,Enrolled
101533,2018,Business,Marketing,Sophomore,Male,Out-of-State,2.76,Enrolled
101534,2018,Business,Finance,Junior,Female,In-State,3.36,On Leave
101535,2018,Business,Accounting,Junior,Male,In-State,2.51,Enrolled
101536,2018,Business,Management,Senior,Male,In-State,2.44,Graduated
101537,2018,Business,Management,Junior,Female,International,2.65,Withdrawn
101538,2019,Business,Finance,Sophomore,Female,In-State,3.08,Enrolled
101539,2019,Business,Finance,Junior,Male,Out-of-State,3.63,Enrolled
101540,2019,Business,Marketing,Senior,Male,In-State,4.0,Enrolled
101541,2019,Business,Accounting,Junior,Male,Out-of-State,2.46,Enrolled
101542,2019,Business,Accounting,Junior,Female,Out-of-State,2.81,Enrolled
101543,2019,Business,Accounting,Freshman,Male,Out-of-State,2.33,Enrolled
101544,2019,Business,Finance,Graduate,Male,In-State,2.58,Enrolled
101545,2019,Business,Finance,Junior,Male,In-State,3.33,Enrolled
101546,2019,Business,Marketing,Junior,Male,In-State,3.08,Enrolled
101547,2019,Business,Finance,Senior,Female,In-State,2.91,Enrolled
101548,2019,Business,Management,Junior,Female,Out-of-State,2.57,Enrolled
101549,2019,Business,Management,Junior,Male,Out-of-State,3.3,Enrolled
101550,2019,Business,Marketing,Junior,Male,In-State,2.84,Enrolled
101551,2019,Business,Marketing,Freshman,Male,Out-of-State,2.22,Withdrawn
101552,2019,Business,Accounting,Freshman,Male,International,3.14,Enrolled
101553,2019,Business,Finance,Sophomore,Female,International,3.2,Enrolled
101554,2019,Business,Management,Junior,Female,Out-of-State,4.0,Enrolled
101555,2019,Business,Accounting,Freshman,Female,International,2.64,Enrolled
101556,2019,Business,Accounting,Junior,Male,In-State,3.47,Enrolled
101557,2019,Business,Marketing,Senior,Female,Out-of-State,2.3,Enrolled
101558,2019,Business,Management,Sophomore,Male,International,3.12,Withdrawn
101559,2019,Business,Management,Freshman,Female,In-State,2.78,Enrolled
101560,2019,Business,Marketing,Junior,Male,In-State,3.45,Enrolled
101561,2019,Business,Accounting,Junior,Female,Out-of-State,3.55,Enrolled
101562,2019,Business,Finance,Freshman,Male,In-State,2.47,Enrolled
101563,2019,Business,Marketing,Sophomore,Female,In-State,3.47,Graduated
101564,2019,Business,Management,Junior,Female,In-State,2.93,Enrolled
101565,2019,Business,Finance,Senior,Female,In-State,3.24,Enrolled
101566,2019,Business,Marketing,Senior,Female,Out-of-State,3.29,Withdrawn
101567,2019,Business,Marketing,Freshman,Other,International,2.37,Enrolled
101568,2019,Business,Finance,Sophomore,Male,Out-of-State,3.53,Enrolled
101569,2019,Business,Accounting,Senior,Female,Out-of-State,3.28,Enrolled
101570,2019,Business,Finance,Sophomore,Male,In-State,2.81,Enrolled
101571,2019,Business,Finance,Freshman,Female,Out-of-State,2.91,Enrolled
101572,2019,Business,Marketing,Senior,Female,Out-of-State,3.08,Enrolled
101573,2019,Business,Finance,Sophomore,Male,In-State,2.75,Enrolled
101574,2019,Business,Finance,Freshman,Female,Out-of-State,2.98,Enrolled
101575,2019,Business,Accounting,Senior,Male,Out-of-State,2.49,Enrolled
101576,2019,Business,Management,Freshman,Male,In-State,3.54,Enrolled
101577,2019,Business,Management,Sophomore,Female,In-State,2.91,Enrolled
101578,2019,Business,Accounting,Junior,Female,Out-of-State,3.6,Enrolled
101579,2019,Business,Accounting,Graduate,Female,In-State,3.33,Enrolled
101580,2019,Business,Accounting,Junior,Male,In-State,4.0,Enrolled
101581,2019,Business,Management,Freshman,Female,In-State,2.78,Enrolled
101582,2019,Business,Accounting,Graduate,Male,Out-of-State,3.61,Enrolled
101583,2019,Business,Accounting,Sophomore,Male,Out-of-State,2.5,Enrolled
101584,2019,Business,Accounting,Sophomore,Male,In-State,2.95,Withdrawn
101585,2019,Business,Finance,Senior,Female,International,3.53,Enrolled
101586,2019,Business,Management,Sophomore,Female,In-State,3.55,Graduated
101587,2019,Business,Marketing,Senior,Female,Out-of-State,2.63,Graduated
101588,2019,Business,Finance,Freshman,Male,In-State,2.68,Graduated
101589,2019,Business,Marketing,Sophomore,Male,In-State,3.66,Enrolled
101590,2019,Business,Management,Graduate,Male,In-State,2.63,Withdrawn
101591,2019,Business,Management,Junior,Female,In-State,2.84,Withdrawn
101592,2019,Business,Marketing,Sophomore,Male,In-State,3.77,Enrolled
101593,2019,Business,Marketing,Freshman,Female,Out-of-State,3.94,Enrolled
101594,2019,Business,Finance,Sophomore,Female,Out-of-State,2.56,Enrolled
101595,2019,Business,Finance,Sophomore,Female,In-State,3.5,Enrolled
101596,2019,Business,Marketing,Freshman,Male,In-State,3.09,Enrolled
101597,2019,Business,Finance,Senior,Male,Out-of-State,2.93,Enrolled
101598,2019,Business,Accounting,Senior,Male,In-State,2.78,Graduated
101599,2019,Business,Marketing,Freshman,Male,In-State,2.39,Enrolled
101600,2019,Business,Finance,Sophomore,Male,Out-of-State,4.0,On Leave
101601,2019,Business,Marketing,Junior,Male,In-State,4.0,Enrolled
101602,2019,Business,Marketing,Freshman,Male,In-State,3.2,On Leave
101603,2019,Business,Finance,Junior,Female,In-State,3.01,Enrolled
101604,2019,Business,Accounting,Senior,Male,International,3.03,Enrolled
101605,2019,Business,Management,Graduate,Male,In-State,3.64,Enrolled
101606,2019,Business,Accounting,Senior,Male,In-State,3.31,Enrolled
101607,2019,Business,Marketing,Freshman,Male,In-State,3.93,Graduated
101608,2019,Business,Management,Junior,Male,In-State,2.87,Enrolled
101609,2019,Business,Marketing,Senior,Male,Out-of-State,3.67,Enrolled
101610,2019,Business,Finance,Junior,Male,In-State,3.72,Enrolled
101611,2019,Business,Accounting,Freshman,Female,Out-of-State,3.15,Enrolled
101612,2019,Business,Marketing,Senior,Female,In-State,3.78,Enrolled
101613,2019,Business,Finance,Freshman,Male,In-State,3.5,Enrolled
101614,2019,Business,Finance,Freshman,Male,Out-of-State,3.0,Enrolled
101615,2019,Business,Marketing,Senior,Male,In-State,3.81,Enrolled
101616,2019,Business,Management,Sophomore,Male,In-State,3.47,Enrolled
101617,2019,Business,Marketing,Freshman,Female,In-State,2.91,Enrolled
101618,2019,Business,Management,Junior,Female,In-State,3.17,Graduated
101619,2019,Business,Management,Sophomore,Female,In-State,3.51,Graduated
101620,2019,Business,Accounting,Junior,Male,In-State,3.64,Enrolled
101621,2019,Business,Accounting,Senior,Male,In-State,2.61,Enrolled
101622,2019,Business,Management,Freshman,Male,Out-of-State,4.0,Enrolled
101623,2019,Business,Accounting,Freshman,Female,Out-of-State,3.31,Enrolled
101624,2019,Business,Marketing,Freshman,Male,Out-of-State,1.98,Enrolled
101625,2019,Business,Finance,Freshman,Female,In-State,3.29,Enrolled
101626,2019,Business,Management,Freshman,Male,In-State,2.98,Enrolled
101627,2019,Business,Marketing,Senior,Male,In-State,2.96,Enrolled
101628,2019,Business,Finance,Senior,Female,In-State,2.53,Enrolled
101629,2019,Business,Management,Junior,Female,In-State,3.94,Enrolled
101630,2019,Business,Accounting,Freshman,Male,In-State,4.0,Enrolled
101631,2020,Business,Management,Senior,Male,Out-of-State,3.04,Enrolled
101632,2020,Business,Marketing,Graduate,Female,In-State,3.18,Graduated
101633,2020,Business,Accounting,Junior,Male,In-State,2.3,Enrolled
101634,2020,Business,Management,Freshman,Male,International,3.25,Enrolled
101635,2020,Business,Management,Sophomore,Male,In-State,3.07,Enrolled
101636,2020,Business,Marketing,Junior,Male,In-State,2.14,Graduated
101637,2020,Business,Finance,Junior,Female,Out-of-State,4.0,On Leave
101638,2020,Business,Management,Sophomore,Female,Out-of-State,3.03,Enrolled
101639,2020,Business,Accounting,Sophomore,Male,Out-of-State,3.3,Enrolled
101640,2020,Business,Accounting,Junior,Female,In-State,2.91,Enrolled
101641,2020,Business,Management,Junior,Male,In-State,3.44,Enrolled
101642,2020,Business,Management,Junior,Female,Out-of-State,3.66,Graduated
101643,2020,Business,Marketing,Sophomore,Female,In-State,2.99,Enrolled
101644,2020,Business,Accounting,Freshman,Female,Out-of-State,3.1,On Leave
101645,2020,Business,Finance,Senior,Female,International,2.84,Enrolled
101646,2020,Business,Management,Junior,Male,In-State,2.52,Enrolled
101647,2020,Business,Finance,Freshman,Other,In-State,3.06,Enrolled
101648,2020,Business,Accounting,Senior,Female,In-State,3.35,Withdrawn
101649,2020,Business,Management,Sophomore,Female,In-State,3.29,Enrolled
101650,2020,Business,Accounting,Sophomore,Female,Out-of-State,3.48,Enrolled
101651,2020,Business,Finance,Freshman,Female,In-State,3.57,Enrolled
101652,2020,Business,Marketing,Sophomore,Male,In-State,3.17,On Leave
101653,2020,Business,Finance,Graduate,Female,Out-of-State,2.96,Enrolled
101654,2020,Business,Accounting,Freshman,Female,In-State,3.16,Enrolled
101655,2020,Business,Accounting,Freshman,Male,In-State,2.24,Enrolled
101656,2020,Business,Accounting,Senior,Male,In-State,3.07,Enrolled
101657,2020,Business,Accounting,Junior,Male,In-State,2.21,Graduated
101658,2020,Business,Marketing,Junior,Female,In-State,3.16,Enrolled
101659,2020,Business,Accounting,Graduate,Male,In-State,3.11,Enrolled
101660,2020,Business,Management,Senior,Female,In-State,2.94,Enrolled
101661,2020,Business,Marketing,Graduate,Male,In-State,3.01,Enrolled
101662,2020,Business,Marketing,Graduate,Female,International,2.89,Enrolled
101663,2020,Business,Accounting,Junior,Male,In-State,2.43,Enrolled
101664,2020,Business,Accounting,Junior,Female,Out-of-State,2.95,Enrolled
101665,2020,Business,Accounting,Freshman,Female,International,3.65,Enrolled
101666,2020,Business,Accounting,Senior,Female,In-State,2.92,Graduated
101667,2020,Business,Accounting,Freshman,Male,Out-of-State,3.27,Enrolled
101668,2020,Business,Management,Freshman,Female,International,3.1,Enrolled
101669,2020,Business,Management,Senior,Male,In-State,3.24,Withdrawn
101670,2020,Business,Marketing,Sophomore,Female,In-State,2.84,Withdrawn
101671,2020,Business,Management,Freshman,Female,International,3.74,Graduated
101672,2020,Business,Marketing,Freshman,Female,In-State,3.27,Enrolled
101673,2020,Business,Marketing,Sophomore,Female,International,3.07,Enrolled
101674,2020,Business,Management,Freshman,Female,Out-of-State,3.94,Enrolled
101675,2020,Business,Management,Senior,Male,In-State,3.17,Enrolled
101676,2020,Business,Marketing,Sophomore,Female,In-State,2.41,Enrolled
101677,2020,Business,Management,Freshman,Female,Out-of-State,2.75,Enrolled
101678,2020,Business,Marketing,Sophomore,Female,In-State,2.32,Graduated
101679,2020,Business,Finance,Sophomore,Male,In-State,2.64,Graduated
101680,2020,Business,Accounting,Freshman,Male,International,3.64,Enrolled
101681,2020,Business,Accounting,Freshman,Female,In-State,3.27,Graduated
101682,2020,Business,Finance,Junior,Female,Out-of-State,2.97,Enrolled
101683,2020,Business,Finance,Senior,Male,In-State,3.19,Enrolled
101684,2020,Business,Accounting,Junior,Female,In-State,2.86,Enrolled
101685,2020,Business,Finance,Freshman,Female,In-State,3.84,Withdrawn
101686,2020,Business,Marketing,Junior,Male,Out-of-State,3.06,Withdrawn
101687,2020,Business,Finance,Sophomore,Female,Out-of-State,3.3,Enrolled
101688,2020,Business,Marketing,Freshman,Female,In-State,3.55,Enrolled
101689,2020,Business,Finance,Junior,Male,In-State,2.76,Enrolled
101690,2020,Business,Marketing,Junior,Male,Out-of-State,2.62,Enrolled
101691,2020,Business,Finance,Senior,Male,Out-of-State,3.39,Enrolled
101692,2020,Business,Finance,Junior,Male,In-State,3.37,Enrolled
101693,2020,Business,Marketing,Freshman,Male,In-State,2.98,Graduated
101694,2020,Business,Management,Freshman,Female,In-State,2.4,Enrolled
101695,2020,Business,Marketing,Freshman,Female,In-State,2.3,Graduated
101696,2020,Business,Finance,Senior,Female,Out-of-State,3.4,Graduated
101697,2020,Business,Management,Sophomore,Female,International,2.97,Graduated
101698,2020,Business,Finance,Freshman,Female,In-State,3.62,Withdrawn
101699,2020,Business,Finance,Senior,Female,Out-of-State,3.2,Enrolled
101700,2020,Business,Marketing,Freshman,Female,Out-of-State,2.33,Enrolled
101701,2020,Business,Marketing,Graduate,Male,Out-of-State,3.75,Enrolled
101702,2020,Business,Accounting,Freshman,Male,International,3.53,Withdrawn
101703,2020,Business,Finance,Sophomore,Male,Out-of-State,2.53,Enrolled
101704,2021,Business,Marketing,Senior,Female,In-State,3.04,Enrolled
101705,2021,Business,Accounting,Junior,Male,In-State,2.61,Enrolled
101706,2021,Business,Finance,Freshman,Male,In-State,3.26,Enrolled
101707,2021,Business,Accounting,Junior,Other,Out-of-State,3.76,Enrolled
101708,2021,Business,Finance,Graduate,Female,Out-of-State,4.0,Enrolled
101709,2021,Business,Accounting,Junior,Female,In-State,3.66,Enrolled
101710,2021,Business,Marketing,Senior,Female,Out-of-State,2.81,Enrolled
101711,2021,Business,Marketing,Freshman,Male,Out-of-State,3.95,Enrolled
101712,2021,Business,Marketing,Senior,Male,In-State,3.35,Enrolled
101713,2021,Business,Accounting,Senior,Male,In-State,2.74,Enrolled
101714,2021,Business,Marketing,Sophomore,Male,Out-of-State,4.0,Graduated
101715,2021,Business,Marketing,Sophomore,Male,Out-of-State,3.97,Enrolled
101716,2021,Business,Management,Freshman,Female,Out-of-State,3.43,Enrolled
101717,2021,Business,Accounting,Graduate,Female,In-State,3.91,Enrolled
101718,2021,Business,Marketing,Senior,Male,In-State,3.96,Enrolled
101719,2021,Business,Accounting,Junior,Male,In-State,3.65,Enrolled
101720,2021,Business,Finance,Junior,Male,In-State,3.4,Enrolled
101721,2021,Business,Marketing,Graduate,Male,In-State,3.8,Enrolled
101722,2021,Business,Finance,Sophomore,Male,Out-of-State,3.7,Enrolled
101723,2021,Business,Finance,Junior,Male,In-State,3.19,Enrolled
101724,2021,Business,Marketing,Junior,Female,In-State,3.17,Enrolled
101725,2021,Business,Marketing,Graduate,Female,In-State,3.57,Enrolled
101726,2021,Business,Management,Freshman,Female,In-State,3.51,Enrolled
101727,2021,Business,Finance,Freshman,Male,In-State,4.0,Enrolled
101728,2021,Business,Management,Sophomore,Female,In-State,3.06,Enrolled
101729,2021,Business,Accounting,Senior,Female,In-State,3.8,Withdrawn
101730,2021,Business,Marketing,Junior,Female,Out-of-State,3.58,On Leave
101731,2021,Business,Accounting,Sophomore,Female,International,4.0,Enrolled
101732,2021,Business,Finance,Senior,Male,In-State,3.53,Enrolled
101733,2021,Business,Marketing,Graduate,Male,In-State,3.38,Enrolled
101734,2021,Business,Accounting,Sophomore,Female,In-State,4.0,Enrolled
101735,2021,Business,Management,Junior,Male,Out-of-State,3.61,Enrolled
101736,2021,Business,Marketing,Sophomore,Female,International,3.64,Enrolled
101737,2021,Business,Marketing,Senior,Male,In-State,4.0,Enrolled
101738,2021,Business,Marketing,Graduate,Male,In-State,3.55,Enrolled
101739,2021,Business,Finance,Sophomore,Male,Out-of-State,2.98,Withdrawn
101740,2021,Business,Management,Senior,Female,In-State,4.0,Enrolled
101741,2021,Business,Accounting,Senior,Male,In-State,3.26,Enrolled
101742,2021,Business,Accounting,Junior,Male,In-State,3.79,Enrolled
101743,2021,Business,Management,Freshman,Female,Out-of-State,3.38,Withdrawn
101744,2021,Business,Marketing,Senior,Female,In-State,4.0,Withdrawn
101745,2021,Business,Management,Graduate,Male,In-State,3.45,Enrolled
101746,2021,Business,Management,Sophomore,Male,In-State,3.67,Enrolled
101747,2021,Business,Finance,Senior,Female,International,3.97,Enrolled
101748,2021,Business,Management,Senior,Female,Out-of-State,3.43,Enrolled
101749,2021,Business,Finance,Junior,Male,International,2.99,Enrolled
101750,2021,Business,Finance,Senior,Male,In-State,3.41,Withdrawn
101751,2021,Business,Finance,Senior,Female,In-State,4.0,Graduated
101752,2021,Business,Accounting,Sophomore,Female,Out-of-State,3.9,Enrolled
101753,2021,Business,Accounting,Junior,Female,In-State,4.0,Withdrawn
101754,2021,Business,Accounting,Senior,Female,In-State,3.52,Graduated
101755,2021,Business,Accounting,Sophomore,Female,In-State,3.34,Enrolled
101756,2021,Business,Finance,Graduate,Female,In-State,3.98,Enrolled
101757,2021,Business,Accounting,Junior,Female,Out-of-State,3.16,Graduated
101758,2021,Business,Marketing,Freshman,Male,Out-of-State,2.78,Enrolled
101759,2021,Business,Marketing,Senior,Female,In-State,3.56,Graduated
101760,2021,Business,Management,Senior,Female,In-State,2.75,Withdrawn
101761,2021,Business,Management,Junior,Female,In-State,3.62,Enrolled
101762,2021,Business,Finance,Sophomore,Female,International,3.26,Withdrawn
101763,2021,Business,Management,Junior,Female,In-State,3.16,Enrolled
101764,2021,Business,Accounting,Sophomore,Other,Out-of-State,4.0,Enrolled
101765,2021,Business,Finance,Graduate,Male,In-State,3.67,Enrolled
101766,2021,Business,Accounting,Senior,Male,Out-of-State,3.28,Enrolled
101767,2021,Business,Management,Senior,Female,In-State,3.96,Enrolled
101768,2021,Business,Finance,Freshman,Female,In-State,3.42,Enrolled
101769,2021,Business,Management,Sophomore,Female,In-State,3.36,Enrolled
101770,2021,Business,Finance,Freshman,Male,In-State,2.86,On Leave
101771,2021,Business,Management,Freshman,Female,Out-of-State,3.31,Enrolled
101772,2021,Business,Marketing,Junior,Female,Out-of-State,3.26,Enrolled
101773,2021,Business,Management,Sophomore,Male,Out-of-State,4.0,Enrolled
101774,2021,Business,Accounting,Senior,Male,In-State,3.32,Enrolled
101775,2021,Business,Accounting,Junior,Female,In-State,3.02,Graduated
101776,2021,Business,Marketing,Junior,Male,Out-of-State,3.51,Enrolled
101777,2021,Business,Marketing,Freshman,Male,In-State,3.72,Enrolled
101778,2021,Business,Management,Junior,Male,Out-of-State,3.71,On Leave
101779,2021,Business,Accounting,Freshman,Male,In-State,3.81,Enrolled
101780,2021,Business,Finance,Junior,Female,In-State,3.56,Enrolled
101781,2021,Business,Finance,Graduate,Other,Out-of-State,3.39,Enrolled
101782,2021,Business,Finance,Junior,Female,Out-of-State,4.0,Enrolled
101783,2021,Business,Management,Sophomore,Female,In-State,4.0,Enrolled
101784,2021,Business,Accounting,Senior,Female,Out-of-State,3.79,Enrolled
101785,2021,Business,Management,Sophomore,Male,In-State,3.45,Enrolled
101786,2021,Business,Finance,Junior,Female,Out-of-State,3.49,Enrolled
101787,2021,Business,Marketing,Sophomore,Male,International,4.0,Graduated
101788,2021,Business,Marketing,Senior,Male,In-State,3.82,Enrolled
101789,2021,Business,Finance,Senior,Male,In-State,3.07,Enrolled
101790,2021,Business,Management,Freshman,Female,International,3.12,Enrolled
101791,2021,Business,Accounting,Sophomore,Female,Out-of-State,3.15,Enrolled
101792,2021,Business,Management,Senior,Male,In-State,3.66,Enrolled
101793,2021,Business,Management,Graduate,Male,In-State,3.42,Enrolled
101794,2021,Business,Marketing,Freshman,Female,International,3.83,Enrolled
101795,2021,Business,Accounting,Freshman,Male,In-State,3.02,Enrolled
101796,2022,Business,Finance,Sophomore,Female,International,3.17,Enrolled
101797,2022,Business,Marketing,Sophomore,Male,In-State,3.13,Enrolled
101798,2022,Business,Finance,Sophomore,Female,International,3.42,Enrolled
101799,2022,Business,Accounting,Sophomore,Female,Out-of-State,3.35,Enrolled
101800,2022,Business,Management,Sophomore,Male,In-State,2.38,Enrolled
101801,2022,Business,Accounting,Sophomore,Female,In-State,3.31,Enrolled
101802,2022,Business,Management,Senior,Male,In-State,3.35,Enrolled
101803,2022,Business,Accounting,Senior,Male,In-State,3.27,Enrolled
101804,2022,Business,Finance,Sophomore,Male,Out-of-State,3.18,Enrolled
101805,2022,Business,Marketing,Junior,Male,Out-of-State,3.15,Enrolled
101806,2022,Business,Marketing,Sophomore,Female,In-State,3.68,Enrolled
101807,2022,Business,Management,Freshman,Male,International,2.91,Enrolled
101808,2022,Business,Accounting,Sophomore,Other,In-State,3.75,Enrolled
101809,2022,Business,Management,Sophomore,Male,In-State,2.39,Enrolled
101810,2022,Business,Management,Junior,Male,In-State,3.52,Graduated
101811,2022,Business,Finance,Freshman,Male,In-State,2.72,Enrolled
101812,2022,Business,Marketing,Senior,Female,In-State,3.16,Withdrawn
101813,2022,Business,Marketing,Sophomore,Female,In-State,3.19,Enrolled
101814,2022,Business,Accounting,Senior,Male,Out-of-State,3.42,Enrolled
101815,2022,Business,Finance,Junior,Male,International,3.92,Enrolled
101816,2022,Business,Management,Freshman,Male,Out-of-State,3.48,Enrolled
101817,2022,Business,Management,Sophomore,Female,In-State,3.88,Enrolled
101818,2022,Business,Management,Freshman,Male,Out-of-State,3.37,Graduated
101819,2022,Business,Marketing,Freshman,Male,Out-of-State,3.02,Enrolled
101820,2022,Business,Finance,Graduate,Female,In-State,3.05,Withdrawn
101821,2022,Business,Accounting,Graduate,Male,In-State,2.51,Withdrawn
101822,2022,Business,Management,Sophomore,Male,International,3.73,Enrolled
101823,2022,Business,Management,Junior,Female,International,3.88,Withdrawn
101824,2022,Business,Management,Junior,Male,In-State,3.56,Enrolled
101825,2022,Business,Management,Junior,Female,In-State,3.13,Withdrawn
101826,2022,Business,Management,Junior,Female,In-State,3.12,Withdrawn
101827,2022,Business,Marketing,Junior,Female,In-State,3.57,Enrolled
101828,2022,Business,Marketing,Freshman,Female,International,3.14,Enrolled
101829,2022,Business,Accounting,Junior,Male,In-State,2.97,Graduated
101830,2022,Business,Finance,Sophomore,Male,In-State,3.12,Graduated
101831,2022,Business,Management,Freshman,Male,International,3.16,Graduated
101832,2022,Business,Marketing,Junior,Female,International,2.44,Enrolled
101833,2022,Business,Management,Junior,Female,International,2.49,Graduated
101834,2022,Business,Management,Freshman,Male,In-State,2.62,Enrolled
101835,2022,Business,Marketing,Senior,Female,Out-of-State,3.3,Withdrawn
101836,2022,Business,Marketing,Graduate,Female,In-State,3.21,Graduated
101837,2022,Business,Marketing,Senior,Male,In-State,3.47,Enrolled
101838,2022,Business,Marketing,Graduate,Female,Out-of-State,2.51,Enrolled
101839,2022,Business,Management,Senior,Male,In-State,2.87,Enrolled
101840,2022,Business,Accounting,Sophomore,Male,In-State,2.28,Enrolled
101841,2022,Business,Finance,Freshman,Female,International,2.63,Enrolled
101842,2022,Business,Marketing,Freshman,Female,In-State,2.82,Enrolled
101843,2022,Business,Accounting,Sophomore,Female,In-State,2.71,Graduated
101844,2022,Business,Finance,Sophomore,Male,In-State,4.0,Enrolled
101845,2022,Business,Management,Freshman,Male,Out-of-State,2.87,Enrolled
101846,2022,Business,Accounting,Sophomore,Other,Out-of-State,3.28,Enrolled
101847,2022,Business,Accounting,Junior,Male,In-State,2.83,Graduated
101848,2022,Business,Marketing,Senior,Female,Out-of-State,2.95,Enrolled
101849,2022,Business,Finance,Senior,Female,Out-of-State,2.84,Enrolled
101850,2022,Business,Finance,Senior,Female,In-State,2.54,Graduated
101851,2022,Business,Finance,Junior,Female,In-State,4.0,Enrolled
101852,2022,Business,Marketing,Sophomore,Female,Out-of-State,3.1,Enrolled
101853,2022,Business,Finance,Junior,Female,International,3.11,Enrolled
101854,2022,Business,Finance,Freshman,Male,In-State,3.37,Enrolled
101855,2022,Business,Finance,Graduate,Male,International,2.95,Enrolled
101856,2022,Business,Marketing,Freshman,Female,In-State,3.76,Graduated
101857,2022,Business,Marketing,Freshman,Male,In-State,2.64,Enrolled
101858,2022,Business,Accounting,Freshman,Female,In-State,2.75,Enrolled
101859,2022,Business,Accounting,Freshman,Male,Out-of-State,3.05,Enrolled
101860,2022,Business,Management,Junior,Female,International,2.7,Enrolled
101861,2022,Business,Finance,Freshman,Male,Out-of-State,2.68,Enrolled
101862,2022,Business,Marketing,Senior,Male,In-State,2.88,Enrolled
101863,2022,Business,Accounting,Junior,Male,In-State,2.99,Enrolled
101864,2022,Business,Marketing,Senior,Female,In-State,3.17,Enrolled
101865,2022,Business,Accounting,Freshman,Female,In-State,2.86,Enrolled
101866,2022,Business,Marketing,Junior,Male,In-State,3.38,Enrolled
101867,2022,Business,Accounting,Freshman,Male,In-State,2.82,Enrolled
101868,2022,Business,Marketing,Freshman,Female,Out-of-State,2.95,Enrolled
101869,2022,Business,Finance,Junior,Male,In-State,2.18,Enrolled
101870,2022,Business,Management,Senior,Female,In-State,3.56,Enrolled
101871,2022,Business,Finance,Junior,Female,In-State,3.08,Enrolled
101872,2022,Business,Finance,Junior,Male,Out-of-State,3.76,Enrolled
101873,2022,Business,Marketing,Freshman,Male,Out-of-State,2.74,On Leave
101874,2022,Business,Finance,Senior,Female,Out-of-State,3.52,Enrolled
101875,2022,Business,Management,Senior,Female,In-State,2.99,Enrolled
101876,2022,Business,Management,Sophomore,Male,In-State,3.89,Enrolled
101877,2022,Business,Accounting,Freshman,Female,In-State,2.36,Enrolled
101878,2022,Business,Accounting,Senior,Male,In-State,3.97,Enrolled
101879,2022,Business,Accounting,Junior,Male,In-State,3.35,Enrolled
101880,2022,Business,Management,Graduate,Female,In-State,2.67,Enrolled
101881,2022,Business,Marketing,Freshman,Female,In-State,3.75,Enrolled
101882,2022,Business,Marketing,Freshman,Male,In-State,3.58,Enrolled
101883,2022,Business,Accounting,Sophomore,Female,Out-of-State,2.84,Withdrawn
101884,2023,Business,Accounting,Sophomore,Male,Out-of-State,3.05,Enrolled
101885,2023,Business,Accounting,Junior,Female,International,3.47,Enrolled
101886,2023,Business,Finance,Junior,Female,Out-of-State,3.6,Graduated
101887,2023,Business,Management,Sophomore,Male,In-State,3.56,Enrolled
101888,2023,Business,Management,Sophomore,Female,Out-of-State,3.53,Enrolled
101889,2023,Business,Finance,Sophomore,Female,Out-of-State,2.81,Enrolled
101890,2023,Business,Finance,Freshman,Male,International,3.6,Enrolled
101891,2023,Business,Accounting,Sophomore,Female,In-State,3.94,Withdrawn
101892,2023,Business,Accounting,Junior,Female,Out-of-State,3.6,Enrolled
101893,2023,Business,Marketing,Freshman,Male,In-State,3.67,Enrolled
101894,2023,Business,Accounting,Graduate,Female,In-State,4.0,Enrolled
101895,2023,Business,Marketing,Sophomore,Female,In-State,3.29,Enrolled
101896,2023,Business,Management,Senior,Female,International,3.56,Enrolled
101897,2023,Business,Finance,Graduate,Female,Out-of-State,3.18,Enrolled
101898,2023,Business,Finance,Sophomore,Female,International,3.41,Graduated
101899,2023,Business,Finance,Senior,Female,In-State,3.07,Enrolled
101900,2023,Business,Marketing,Sophomore,Male,In-State,3.23,Enrolled
101901,2023,Business,Finance,Junior,Female,In-State,3.48,Enrolled
101902,2023,Business,Management,Sophomore,Male,Out-of-State,3.12,Enrolled
101903,2023,Business,Accounting,Freshman,Male,Out-of-State,4.0,Enrolled
101904,2023,Business,Marketing,Junior,Female,Out-of-State,3.29,Enrolled
101905,2023,Business,Finance,Freshman,Female,In-State,2.84,Enrolled
101906,2023,Business,Finance,Senior,Male,In-State,3.94,Enrolled
101907,2023,Business,Management,Senior,Female,Out-of-State,2.92,Withdrawn
101908,2023,Business,Marketing,Senior,Female,In-State,4.0,Enrolled
101909,2023,Business,Accounting,Freshman,Male,Out-of-State,3.58,Enrolled
101910,2023,Business,Marketing,Freshman,Male,Out-of-State,3.61,Enrolled
101911,2023,Business,Marketing,Sophomore,Female,In-State,4.0,Enrolled
101912,2023,Business,Management,Junior,Male,Out-of-State,3.33,Graduated
101913,2023,Business,Marketing,Freshman,Male,In-State,3.65,Enrolled
101914,2023,Business,Finance,Freshman,Female,In-State,4.0,Enrolled
101915,2023,Business,Management,Senior,Male,In-State,3.5,Enrolled
101916,2023,Business,Marketing,Sophomore,Female,In-State,3.01,Graduated
101917,2023,Business,Management,Freshman,Female,Out-of-State,3.8,Enrolled
101918,2023,Business,Accounting,Junior,Female,Out-of-State,3.32,Graduated
101919,2023,Business,Accounting,Graduate,Male,In-State,3.13,Enrolled
101920,2023,Business,Accounting,Freshman,Female,Out-of-State,4.0,Enrolled
101921,2023,Business,Finance,Graduate,Male,In-State,3.08,Enrolled
101922,2023,Business,Management,Junior,Male,In-State,3.32,Enrolled
101923,2023,Business,Marketing,Senior,Female,In-State,2.84,Enrolled
101924,2023,Business,Finance,Sophomore,Female,International,2.49,Enrolled
101925,2023,Business,Finance,Junior,Female,In-State,3.98,Enrolled
101926,2023,Business,Accounting,Senior,Female,Out-of-State,2.66,Enrolled
101927,2023,Business,Management,Junior,Female,In-State,3.56,Enrolled
101928,2023,Business,Marketing,Sophomore,Female,Out-of-State,2.69,Enrolled
101929,2023,Business,Finance,Freshman,Female,Out-of-State,3.86,Graduated
101930,2023,Business,Management,Sophomore,Female,Out-of-State,4.0,Enrolled
101931,2023,Business,Accounting,Junior,Female,Out-of-State,3.4,Graduated
101932,2023,Business,Marketing,Junior,Male,Out-of-State,3.7,Enrolled
101933,2023,Business,Management,Freshman,Female,In-State,3.18,Enrolled
101934,2023,Business,Finance,Junior,Male,International,2.84,Enrolled
101935,2023,Business,Marketing,Senior,Female,In-State,2.9,Graduated
101936,2023,Business,Accounting,Sophomore,Male,In-State,3.89,Enrolled
101937,2023,Business,Accounting,Graduate,Male,In-State,3.4,Graduated
101938,2023,Business,Management,Freshman,Male,Out-of-State,2.65,Enrolled
101939,2023,Business,Marketing,Sophomore,Female,Out-of-State,3.31,Enrolled
101940,2023,Business,Management,Sophomore,Other,In-State,2.74,Graduated
101941,2023,Business,Finance,Sophomore,Female,In-State,4.0,Enrolled
101942,2023,Business,Finance,Senior,Male,In-State,2.84,Enrolled
101943,2023,Business,Finance,Sophomore,Female,Out-of-State,3.7,Enrolled
101944,2023,Business,Management,Senior,Female,In-State,3.95,Enrolled
101945,2023,Business,Accounting,Junior,Male,In-State,2.57,Enrolled
101946,2023,Business,Finance,Junior,Male,Out-of-State,2.8,Enrolled
101947,2023,Business,Marketing,Senior,Female,In-State,3.16,On Leave
101948,2023,Business,Finance,Junior,Female,In-State,2.47,Enrolled
101949,2023,Business,Finance,Junior,Male,In-State,3.69,Enrolled
101950,2023,Business,Management,Junior,Female,International,3.99,Enrolled
101951,2023,Business,Marketing,Sophomore,Female,Out-of-State,3.19,Enrolled
101952,2023,Business,Accounting,Sophomore,Male,In-State,3.24,Enrolled
101953,2023,Business,Management,Senior,Female,In-State,3.54,Enrolled
101954,2023,Business,Marketing,Sophomore,Female,In-State,2.98,Withdrawn
101955,2023,Business,Accounting,Senior,Male,In-State,3.07,Withdrawn
101956,2023,Business,Marketing,Freshman,Male,In-State,3.51,Enrolled
101957,2023,Business,Accounting,Senior,Male,In-State,3.58,Enrolled
101958,2023,Business,Management,Senior,Female,In-State,3.77,Graduated
101959,2023,Business,Marketing,Junior,Female,In-State,4.0,Enrolled
101960,2023,Business,Management,Freshman,Female,Out-of-State,3.67,Enrolled
101961,2023,Business,Finance,Junior,Male,International,3.78,Enrolled
101962,2023,Business,Accounting,Sophomore,Female,In-State,3.07,Enrolled
101963,2023,Business,Accounting,Junior,Female,Out-of-State,4.0,Enrolled
101964,2023,Business,Accounting,Senior,Male,Out-of-State,3.47,Withdrawn
101965,2023,Business,Finance,Junior,Male,In-State,2.9,Enrolled
101966,2023,Business,Management,Senior,Female,In-State,4.0,Enrolled
101967,2023,Business,Marketing,Senior,Female,Out-of-State,3.59,Enrolled
101968,2023,Business,Management,Graduate,Female,In-State,3.63,Enrolled
101969,2023,Business,Accounting,Sophomore,Female,In-State,3.91,Enrolled
101970,2023,Business,Marketing,Senior,Female,In-State,3.23,Enrolled
101971,2023,Business,Accounting,Sophomore,Male,In-State,3.45,Enrolled
101972,2023,Business,Accounting,Sophomore,Male,In-State,3.63,Enrolled
101973,2023,Business,Marketing,Junior,Male,In-State,3.6,Enrolled
101974,2023,Business,Finance,Freshman,Male,Out-of-State,3.49,Enrolled
101975,2023,Business,Management,Junior,Male,In-State,3.27,Enrolled
101976,2023,Business,Marketing,Senior,Female,Out-of-State,4.0,Enrolled
101977,2023,Business,Marketing,Junior,Male,In-State,4.0,Enrolled
101978,2023,Business,Accounting,Sophomore,Male,International,2.97,Graduated
101979,2023,Business,Management,Junior,Female,In-State,4.0,Enrolled
101980,2023,Business,Finance,Senior,Male,Out-of-State,3.13,Graduated
101981,2023,Business,Marketing,Freshman,Female,In-State,3.17,Enrolled
101982,2023,Business,Management,Sophomore,Female,Out-of-State,3.47,Enrolled
101983,2023,Business,Accounting,Junior,Female,International,3.3,Withdrawn
101984,2023,Business,Accounting,Sophomore,Female,Out-of-State,3.8,Enrolled
101985,2023,Business,Accounting,Freshman,Female,In-State,3.55,Enrolled
101986,2023,Business,Finance,Sophomore,Female,In-State,3.05,Graduated
101987,2023,Business,Finance,Graduate,Other,Out-of-State,2.68,Enrolled
101988,2023,Business,Accounting,Sophomore,Male,In-State,3.93,Enrolled
101989,2023,Business,Accounting,Junior,Male,In-State,2.96,Enrolled
101990,2023,Business,Management,Freshman,Female,Out-of-State,3.51,Enrolled
101991,2023,Business,Management,Junior,Male,In-State,3.23,Graduated
101992,2023,Business,Management,Senior,Female,In-State,3.33,On Leave
101993,2023,Business,Finance,Senior,Female,In-State,3.59,Enrolled
101994,2023,Business,Management,Graduate,Female,In-State,2.76,Enrolled
101995,2023,Business,Marketing,Sophomore,Male,Out-of-State,2.99,Enrolled
101996,2023,Business,Finance,Senior,Male,International,3.16,Enrolled
101997,2023,Business,Accounting,Senior,Male,Out-of-State,3.4,On Leave
101998,2023,Business,Accounting,Junior,Male,Out-of-State,4.0,Enrolled
101999,2023,Business,Accounting,Sophomore,Male,Out-of-State,2.91,Enrolled
102000,2023,Business,Marketing,Freshman,Male,International,3.27,Graduated
102001,2023,Business,Accounting,Graduate,Female,Out-of-State,3.54,Graduated
102002,2023,Business,Marketing,Freshman,Female,Out-of-State,3.13,Enrolled
102003,2023,Business,Finance,Junior,Female,Out-of-State,3.32,Enrolled
102004,2023,Business,Marketing,Senior,Male,Out-of-State,4.0,Enrolled
102005,2023,Business,Management,Freshman,Female,In-State,3.48,Enrolled
102006,2023,Business,Marketing,Freshman,Male,In-State,3.44,Enrolled
102007,2023,Business,Marketing,Senior,Female,International,3.59,Enrolled
102008,2023,Business,Management,Freshman,Female,In-State,3.97,Enrolled
102009,2023,Business,Finance,Freshman,Female,In-State,3.56,Enrolled
102010,2023,Business,Marketing,Freshman,Male,Out-of-State,3.77,Enrolled
102011,2023,Business,Finance,Senior,Female,In-State,3.29,Enrolled
102012,2023,Business,Management,Senior,Male,In-State,3.68,Enrolled
102013,2023,Business,Marketing,Graduate,Female,In-State,2.91,Enrolled
102014,2023,Business,Finance,Sophomore,Male,In-State,2.3,Graduated
102015,2023,Business,Management,Sophomore,Female,International,3.35,Enrolled
102016,2023,Business,Management,Sophomore,Female,In-State,3.8,Enrolled
102017,2023,Business,Finance,Junior,Male,In-State,3.52,Enrolled
102018,2023,Business,Accounting,Junior,Male,In-State,2.73,Enrolled
102019,2023,Business,Finance,Junior,Male,Out-of-State,3.05,Graduated
102020,2023,Business,Accounting,Graduate,Female,In-State,3.38,Enrolled
102021,2023,Business,Management,Sophomore,Male,Out-of-State,3.16,Enrolled
102022,2023,Business,Finance,Sophomore,Male,In-State,3.42,Enrolled
102023,2023,Business,Finance,Sophomore,Female,In-State,2.95,Graduated
102024,2023,Business,Marketing,Sophomore,Female,In-State,4.0,Enrolled
102025,2023,Business,Management,Junior,Male,In-State,2.68,Enrolled
102026,2023,Business,Finance,Graduate,Female,International,2.69,Enrolled
102027,2023,Business,Accounting,Senior,Male,In-State,3.45,Enrolled
102028,2023,Business,Finance,Junior,Female,In-State,3.17,Graduated
102029,2023,Business,Management,Freshman,Female,In-State,3.76,Enrolled
102030,2023,Business,Accounting,Freshman,Male,Out-of-State,4.0,Enrolled
102031,2023,Business,Marketing,Sophomore,Male,Out-of-State,3.65,Enrolled
102032,2023,Business,Finance,Sophomore,Female,In-State,3.33,Enrolled
102033,2023,Business,Finance,Freshman,Male,In-State,3.67,Enrolled
102034,2023,Business,Accounting,Sophomore,Female,Out-of-State,3.41,Enrolled
102035,2023,Business,Finance,Graduate,Male,In-State,3.82,Withdrawn
102036,2023,Business,Accounting,Junior,Female,In-State,3.27,Enrolled
102037,2023,Business,Management,Junior,Female,Out-of-State,3.15,Graduated
102038,2023,Business,Marketing,Junior,Male,In-State,3.9,Enrolled
102039,2023,Business,Marketing,Sophomore,Male,In-State,3.53,Enrolled
102040,2023,Business,Marketing,Senior,Male,Out-of-State,3.33,Enrolled
102041,2023,Business,Management,Junior,Female,International,4.0,Graduated
102042,2023,Business,Management,Junior,Female,In-State,3.32,Enrolled
102043,2023,Business,Finance,Sophomore,Male,In-State,4.0,On Leave
102044,2023,Business,Marketing,Graduate,Female,In-State,4.0,Enrolled
102045,2024,Business,Accounting,Sophomore,Female,Out-of-State,3.21,Enrolled
102046,2024,Business,Accounting,Sophomore,Female,In-State,3.82,Enrolled
102047,2024,Business,Accounting,Junior,Female,In-State,3.18,Enrolled
102048,2024,Business,Marketing,Freshman,Female,In-State,3.3,Enrolled
102049,2024,Business,Finance,Senior,Male,International,3.29,Graduated
102050,2024,Business,Finance,Sophomore,Female,In-State,3.45,Enrolled
102051,2024,Business,Marketing,Junior,Male,In-State,3.2,Enrolled
102052,2024,Business,Marketing,Graduate,Male,Out-of-State,3.07,Enrolled
102053,2024,Business,Marketing,Senior,Female,In-State,3.42,Enrolled
102054,2024,Business,Marketing,Junior,Female,International,3.29,Enrolled
102055,2024,Business,Management,Senior,Male,Out-of-State,3.59,Enrolled
102056,2024,Business,Finance,Junior,Female,In-State,3.58,Withdrawn
102057,2024,Business,Management,Junior,Male,Out-of-State,3.06,Graduated
102058,2024,Business,Accounting,Freshman,Male,In-State,3.48,Enrolled
102059,2024,Business,Finance,Junior,Female,In-State,3.48,Graduated
102060,2024,Business,Accounting,Sophomore,Female,Out-of-State,3.27,Enrolled
102061,2024,Business,Marketing,Freshman,Female,In-State,2.76,Enrolled
102062,2024,Business,Management,Freshman,Male,In-State,2.75,Enrolled
102063,2024,Business,Marketing,Junior,Male,In-State,3.14,Enrolled
102064,2024,Business,Accounting,Junior,Female,In-State,2.91,Withdrawn
102065,2024,Business,Marketing,Sophomore,Male,Out-of-State,3.41,Withdrawn
102066,2024,Business,Finance,Senior,Other,In-State,3.85,Enrolled
102067,2024,Business,Accounting,Freshman,Female,Out-of-State,2.82,Enrolled
102068,2024,Business,Finance,Sophomore,Male,Out-of-State,2.82,Enrolled
102069,2024,Business,Marketing,Sophomore,Female,In-State,3.72,Withdrawn
102070,2024,Business,Finance,Junior,Female,Out-of-State,3.09,Enrolled
102071,2024,Business,Management,Freshman,Female,In-State,4.0,Enrolled
102072,2024,Business,Management,Freshman,Male,In-State,3.08,Enrolled
102073,2024,Business,Finance,Sophomore,Female,In-State,3.25,Enrolled
102074,2024,Business,Accounting,Junior,Female,International,2.76,Enrolled
102075,2024,Business,Accounting,Senior,Female,In-State,1.99,Graduated
102076,2024,Business,Management,Senior,Female,In-State,3.21,Withdrawn
102077,2024,Business,Finance,Sophomore,Male,In-State,3.84,Enrolled
102078,2024,Business,Finance,Junior,Female,Out-of-State,3.02,On Leave
102079,2024,Business,Finance,Graduate,Female,In-State,3.96,Graduated
102080,2024,Business,Management,Freshman,Female,In-State,3.03,Graduated
102081,2024,Business,Finance,Senior,Male,In-State,3.16,Enrolled
102082,2024,Business,Finance,Sophomore,Male,In-State,3.08,Enrolled
102083,2024,Business,Management,Senior,Male,In-State,3.76,Enrolled
102084,2024,Business,Finance,Freshman,Female,In-State,3.41,Enrolled
102085,2024,Business,Finance,Junior,Male,Out-of-State,4.0,Enrolled
102086,2024,Business,Management,Junior,Female,Out-of-State,3.46,Withdrawn
102087,2024,Business,Accounting,Senior,Male,International,3.51,Enrolled
102088,2024,Business,Accounting,Freshman,Male,In-State,3.37,Withdrawn
102089,2024,Business,Management,Sophomore,Female,In-State,3.13,Enrolled
102090,2024,Business,Finance,Graduate,Female,In-State,3.38,Enrolled
102091,2024,Business,Management,Graduate,Male,In-State,2.88,Enrolled
102092,2024,Business,Management,Sophomore,Male,Out-of-State,2.31,Enrolled
102093,2024,Business,Accounting,Sophomore,Female,Out-of-State,3.11,Enrolled
102094,2024,Business,Management,Sophomore,Male,Out-of-State,2.82,Graduated
102095,2024,Business,Marketing,Senior,Female,In-State,2.83,Enrolled
102096,2024,Business,Finance,Sophomore,Female,In-State,2.98,Enrolled
102097,2024,Business,Management,Sophomore,Female,In-State,2.86,Enrolled
102098,2024,Business,Accounting,Freshman,Female,In-State,3.74,Enrolled
102099,2024,Business,Finance,Junior,Male,In-State,3.61,Enrolled
102100,2024,Business,Management,Senior,Male,Out-of-State,3.92,Enrolled
102101,2024,Business,Finance,Senior,Female,In-State,3.58,Enrolled
102102,2024,Business,Management,Junior,Male,In-State,3.35,Enrolled
102103,2024,Business,Management,Freshman,Male,In-State,3.25,Enrolled
102104,2024,Business,Finance,Freshman,Male,In-State,2.88,Graduated
102105,2024,Business,Accounting,Freshman,Female,In-State,3.09,Enrolled
102106,2024,Business,Marketing,Junior,Female,In-State,3.06,Enrolled
102107,2024,Business,Accounting,Junior,Male,In-State,2.99,Enrolled
102108,2024,Business,Finance,Freshman,Male,In-State,3.1,Enrolled
102109,2024,Business,Accounting,Sophomore,Female,In-State,3.06,Enrolled
102110,2024,Business,Finance,Senior,Male,In-State,3.88,Enrolled
102111,2024,Business,Accounting,Junior,Female,Out-of-State,2.94,Enrolled
102112,2024,Business,Marketing,Sophomore,Male,In-State,3.08,Enrolled
102113,2024,Business,Finance,Graduate,Female,In-State,3.34,Enrolled
102114,2024,Business,Marketing,Sophomore,Female,Out-of-State,2.92,Enrolled
102115,2024,Business,Marketing,Freshman,Female,In-State,3.9,Enrolled
102116,2024,Business,Finance,Senior,Male,In-State,3.92,Enrolled
102117,2024,Business,Accounting,Sophomore,Male,In-State,2.38,Enrolled
102118,2024,Business,Finance,Junior,Male,Out-of-State,4.0,Enrolled
102119,2024,Business,Finance,Sophomore,Female,Out-of-State,2.56,Enrolled
102120,2024,Business,Marketing,Sophomore,Male,Out-of-State,3.39,Graduated
102121,2024,Business,Management,Junior,Female,Out-of-State,2.78,Enrolled
102122,2024,Business,Management,Freshman,Male,Out-of-State,3.5,Withdrawn
102123,2024,Business,Finance,Senior,Male,In-State,3.25,Enrolled
102124,2024,Business,Management,Senior,Male,In-State,3.34,Enrolled
102125,2024,Business,Finance,Senior,Male,Out-of-State,3.44,On Leave
102126,2024,Business,Accounting,Junior,Female,In-State,3.58,Withdrawn
102127,2024,Business,Accounting,Senior,Male,In-State,3.91,Enrolled
102128,2024,Business,Accounting,Senior,Male,In-State,2.46,Enrolled
102129,2024,Business,Finance,Sophomore,Female,In-State,2.8,Enrolled
102130,2025,Business,Accounting,Freshman,Female,In-State,3.44,Enrolled
102131,2025,Business,Marketing,Junior,Female,In-State,3.47,Enrolled
102132,2025,Business,Marketing,Freshman,Male,In-State,2.78,Enrolled
102133,2025,Business,Management,Freshman,Female,In-State,3.6,Enrolled
102134,2025,Business,Marketing,Sophomore,Male,In-State,3.68,Enrolled
102135,2025,Business,Management,Freshman,Female,Out-of-State,3.12,Enrolled
102136,2025,Business,Accounting,Sophomore,Female,In-State,4.0,Enrolled
102137,2025,Business,Management,Senior,Female,In-State,2.56,Enrolled
102138,2025,Business,Management,Graduate,Female,In-State,3.4,Enrolled
102139,2025,Business,Accounting,Senior,Male,In-State,3.32,Enrolled
102140,2025,Business,Marketing,Sophomore,Male,In-State,3.89,Enrolled
102141,2025,Business,Accounting,Freshman,Male,In-State,3.2,Enrolled
102142,2025,Business,Accounting,Freshman,Male,Out-of-State,3.56,Enrolled
102143,2025,Business,Finance,Sophomore,Female,In-State,3.51,Enrolled
102144,2025,Business,Management,Senior,Male,In-State,3.74,Enrolled
102145,2025,Business,Finance,Freshman,Female,Out-of-State,3.47,Withdrawn
102146,2025,Business,Accounting,Graduate,Female,Out-of-State,3.58,On Leave
102147,2025,Business,Marketing,Freshman,Male,Out-of-State,3.43,Enrolled
102148,2025,Business,Management,Sophomore,Female,International,3.28,Graduated
102149,2025,Business,Marketing,Freshman,Male,Out-of-State,3.34,Enrolled
102150,2025,Business,Accounting,Sophomore,Male,In-State,4.0,Enrolled
102151,2025,Business,Marketing,Sophomore,Female,In-State,3.67,Enrolled
102152,2025,Business,Marketing,Junior,Female,Out-of-State,3.49,Enrolled
102153,2025,Business,Finance,Freshman,Female,In-State,3.13,Enrolled
102154,2025,Business,Accounting,Senior,Male,In-State,2.82,Enrolled
102155,2025,Business,Finance,Junior,Male,Out-of-State,4.0,Enrolled
102156,2025,Business,Management,Sophomore,Female,In-State,3.43,Enrolled
102157,2025,Business,Finance,Freshman,Male,Out-of-State,3.39,Graduated
102158,2025,Business,Accounting,Freshman,Male,In-State,3.08,Enrolled
102159,2025,Business,Finance,Graduate,Female,Out-of-State,3.6,Withdrawn
102160,2025,Business,Management,Freshman,Female,International,3.26,Enrolled
102161,2025,Business,Marketing,Junior,Female,In-State,2.86,Enrolled
102162,2025,Business,Accounting,Senior,Male,In-State,3.25,Enrolled
102163,2025,Business,Accounting,Sophomore,Female,In-State,4.0,Enrolled
102164,2025,Business,Accounting,Graduate,Female,In-State,3.44,Enrolled
102165,2025,Business,Finance,Sophomore,Male,In-State,2.04,Enrolled
102166,2025,Business,Accounting,Senior,Female,Out-of-State,3.21,Enrolled
102167,2025,Business,Marketing,Freshman,Female,International,3.73,On Leave
102168,2025,Business,Finance,Senior,Male,In-State,3.41,Enrolled
102169,2025,Business,Finance,Freshman,Male,International,3.39,Enrolled
102170,2025,Business,Marketing,Freshman,Male,In-State,3.47,Enrolled
102171,2025,Business,Finance,Sophomore,Female,Out-of-State,3.25,Enrolled
102172,2025,Business,Accounting,Freshman,Male,In-State,3.76,Enrolled
102173,2025,Business,Marketing,Senior,Female,In-State,4.0,Withdrawn
102174,2025,Business,Management,Senior,Female,In-State,3.22,Enrolled
102175,2025,Business,Accounting,Senior,Female,In-State,3.28,Enrolled
102176,2025,Business,Accounting,Freshman,Male,Out-of-State,2.71,Graduated
102177,2025,Business,Management,Freshman,Female,In-State,2.75,Enrolled
102178,2025,Business,Accounting,Graduate,Female,Out-of-State,3.0,Withdrawn
102179,2025,Business,Finance,Junior,Male,In-State,3.05,Enrolled
102180,2025,Business,Marketing,Junior,Female,In-State,4.0,Withdrawn
102181,2025,Business,Finance,Junior,Female,Out-of-State,3.75,Enrolled
102182,2025,Business,Marketing,Sophomore,Male,In-State,4.0,Enrolled
102183,2025,Business,Marketing,Junior,Male,In-State,3.17,Enrolled
102184,2025,Business,Management,Sophomore,Male,In-State,3.07,Enrolled
102185,2025,Business,Accounting,Junior,Male,In-State,3.34,Enrolled
102186,2025,Business,Management,Senior,Female,Out-of-State,3.26,Enrolled
102187,2025,Business,Management,Sophomore,Male,In-State,3.43,Enrolled
102188,2025,Business,Accounting,Freshman,Female,Out-of-State,4.0,Enrolled
102189,2025,Business,Marketing,Freshman,Male,In-State,4.0,Enrolled
102190,2025,Business,Accounting,Freshman,Male,Out-of-State,3.27,Graduated
102191,2025,Business,Finance,Senior,Female,Out-of-State,3.25,Enrolled
102192,2025,Business,Accounting,Sophomore,Female,Out-of-State,3.94,Enrolled
102193,2025,Business,Marketing,Sophomore,Male,In-State,3.37,Graduated
102194,2025,Business,Management,Sophomore,Female,In-State,3.42,Enrolled
102195,2025,Business,Management,Senior,Female,In-State,3.68,Enrolled
102196,2025,Business,Marketing,Freshman,Female,Out-of-State,4.0,On Leave
102197,2025,Business,Marketing,Freshman,Male,In-State,3.04,Enrolled
102198,2025,Business,Accounting,Freshman,Female,In-State,2.96,Enrolled
102199,2025,Business,Finance,Freshman,Female,In-State,4.0,Enrolled
102200,2025,Business,Management,Graduate,Male,In-State,3.34,Enrolled
102201,2025,Business,Accounting,Sophomore,Female,Out-of-State,2.58,On Leave
102202,2025,Business,Marketing,Junior,Male,In-State,4.0,Enrolled
102203,2025,Business,Accounting,Freshman,Female,In-State,3.21,Graduated
102204,2025,Business,Finance,Sophomore,Male,In-State,2.54,Enrolled
102205,2025,Business,Accounting,Graduate,Female,In-State,3.09,Enrolled
102206,2025,Business,Finance,Junior,Male,In-State,3.47,Graduated
102207,2025,Business,Finance,Freshman,Male,In-State,3.57,Enrolled
102208,2025,Business,Management,Sophomore,Female,In-State,3.27,Enrolled
102209,2025,Business,Management,Senior,Female,In-State,3.36,Enrolled
102210,2025,Business,Accounting,Junior,Female,Out-of-State,4.0,Graduated
102211,2025,Business,Marketing,Freshman,Female,Out-of-State,3.43,Enrolled
102212,2025,Business,Management,Sophomore,Male,In-State,3.32,Enrolled
102213,2025,Business,Finance,Sophomore,Male,In-State,4.0,Graduated
102214,2025,Business,Management,Freshman,Female,Out-of-State,2.99,Enrolled
102215,2025,Business,Finance,Junior,Male,In-State,3.22,Withdrawn
102216,2025,Business,Management,Graduate,Female,Out-of-State,3.54,Enrolled
102217,2025,Business,Management,Freshman,Male,Out-of-State,3.31,Enrolled
102218,2025,Business,Finance,Graduate,Female,In-State,2.53,Enrolled
102219,2025,Business,Finance,Junior,Female,In-State,3.02,Graduated
102220,2025,Business,Accounting,Graduate,Female,In-State,3.36,Enrolled
102221,2025,Business,Finance,Senior,Female,Out-of-State,2.63,Enrolled
102222,2025,Business,Marketing,Sophomore,Male,In-State,3.51,Graduated
102223,2025,Business,Marketing,Senior,Female,In-State,3.54,Enrolled
102224,2025,Business,Accounting,Sophomore,Female,International,3.34,Enrolled
102225,2025,Business,Marketing,Sophomore,Female,In-State,3.06,Graduated
102226,2025,Business,Marketing,Graduate,Female,International,3.36,Enrolled
102227,2025,Business,Finance,Junior,Female,In-State,2.98,Enrolled
102228,2025,Business,Accounting,Sophomore,Male,In-State,4.0,Enrolled
102229,2025,Business,Management,Junior,Male,Out-of-State,3.04,Enrolled
102230,2025,Business,Management,Freshman,Male,In-State,3.41,Enrolled
102231,2025,Business,Management,Sophomore,Male,In-State,3.55,Enrolled
102232,2025,Business,Management,Sophomore,Female,Out-of-State,3.16,Enrolled
102233,2025,Business,Marketing,Junior,Male,In-State,3.69,Withdrawn
102234,2025,Business,Marketing,Freshman,Male,In-State,3.67,Enrolled
102235,2025,Business,Accounting,Freshman,Male,In-State,3.28,Enrolled
102236,2025,Business,Marketing,Senior,Female,In-State,3.84,Enrolled
102237,2025,Business,Accounting,Freshman,Female,In-State,3.64,Enrolled
102238,2025,Business,Accounting,Graduate,Male,In-State,2.46,Enrolled
102239,2025,Business,Marketing,Senior,Female,In-State,3.39,Enrolled
102240,2025,Business,Finance,Sophomore,Male,In-State,2.0,Enrolled
102241,2025,Business,Finance,Freshman,Female,In-State,3.17,Enrolled
102242,2025,Business,Management,Sophomore,Female,Out-of-State,3.87,Enrolled
102243,2025,Business,Accounting,Senior,Female,Out-of-State,3.5,Enrolled
102244,2025,Business,Management,Sophomore,Male,In-State,3.61,Enrolled
102245,2025,Business,Management,Freshman,Male,Out-of-State,3.34,On Leave
102246,2025,Business,Management,Graduate,Male,In-State,3.2,Withdrawn
102247,2025,Business,Accounting,Freshman,Female,In-State,3.21,Enrolled
102248,2025,Business,Marketing,Junior,Male,International,3.2,Enrolled
102249,2025,Business,Accounting,Freshman,Male,In-State,3.43,Enrolled
102250,2025,Business,Management,Junior,Female,Out-of-State,3.27,Enrolled
102251,2025,Business,Accounting,Sophomore,Female,Out-of-State,3.11,Enrolled
102252,2025,Business,Management,Senior,Other,Out-of-State,3.68,Enrolled
102253,2025,Business,Finance,Freshman,Female,In-State,2.8,Graduated
102254,2025,Business,Marketing,Sophomore,Female,In-State,3.39,Enrolled
102255,2025,Business,Marketing,Freshman,Female,In-State,2.83,Enrolled
102256,2025,Business,Management,Senior,Male,Out-of-State,3.74,Enrolled
102257,2025,Business,Management,Senior,Male,Out-of-State,2.58,Enrolled
102258,2025,Business,Marketing,Freshman,Female,In-State,3.94,Enrolled
102259,2025,Business,Finance,Sophomore,Male,In-State,3.25,Enrolled
102260,2025,Business,Marketing,Junior,Male,In-State,2.87,Enrolled
102261,2025,Business,Marketing,Junior,Male,International,3.26,Enrolled
102262,2025,Business,Finance,Senior,Female,In-State,3.14,Enrolled
102263,2025,Business,Management,Junior,Female,In-State,3.77,Enrolled
102264,2025,Business,Marketing,Senior,Male,Out-of-State,3.09,Enrolled
102265,2025,Business,Management,Senior,Female,In-State,4.0,Enrolled
102266,2025,Business,Finance,Sophomore,Female,Out-of-State,4.0,Enrolled
102267,2025,Business,Finance,Freshman,Male,In-State,3.73,Enrolled
102268,2025,Business,Marketing,Senior,Female,In-State,3.83,Graduated
102269,2025,Business,Finance,Sophomore,Female,In-State,3.1,Graduated
102270,2025,Business,Finance,Junior,Female,In-State,3.37,Graduated
102271,2025,Business,Management,Freshman,Male,International,3.67,Enrolled
102272,2025,Business,Accounting,Senior,Female,In-State,3.61,Enrolled
102273,2025,Business,Accounting,Freshman,Male,In-State,3.6,Enrolled
102274,2025,Business,Finance,Sophomore,Male,In-State,3.43,Graduated
102275,2025,Business,Marketing,Sophomore,Male,In-State,3.38,Enrolled
102276,2025,Business,Management,Freshman,Male,In-State,3.19,Enrolled
102277,2025,Business,Accounting,Sophomore,Male,In-State,4.0,Enrolled
102278,2025,Business,Management,Senior,Female,In-State,2.94,Enrolled
102279,2025,Business,Finance,Freshman,Female,In-State,3.28,Enrolled
102280,2025,Business,Marketing,Senior,Male,In-State,3.66,Enrolled
102281,2025,Business,Accounting,Freshman,Female,Out-of-State,3.62,Enrolled
102282,2025,Business,Finance,Graduate,Female,Out-of-State,3.24,Enrolled
102283,2025,Business,Accounting,Junior,Female,In-State,3.02,Enrolled
102284,2025,Business,Management,Senior,Female,In-State,3.52,Enrolled
102285,2025,Business,Accounting,Junior,Female,Out-of-State,3.96,Enrolled
102286,2025,Business,Marketing,Sophomore,Male,In-State,3.2,Graduated
102287,2025,Business,Marketing,Sophomore,Female,In-State,3.05,Graduated
102288,2025,Business,Management,Junior,Female,In-State,2.93,Enrolled
102289,2025,Business,Management,Freshman,Male,In-State,3.82,Enrolled
102290,2025,Business,Marketing,Senior,Male,In-State,3.67,Enrolled
102291,2025,Business,Finance,Sophomore,Male,In-State,3.84,Graduated
102292,2025,Business,Finance,Freshman,Male,International,4.0,Enrolled
102293,2025,Business,Marketing,Sophomore,Female,Out-of-State,3.81,Enrolled
102294,2025,Business,Management,Freshman,Male,International,3.74,Withdrawn
102295,2025,Business,Management,Freshman,Female,Out-of-State,4.0,Enrolled
102296,2025,Business,Management,Sophomore,Female,In-State,3.37,Enrolled
102297,2025,Business,Accounting,Freshman,Male,Out-of-State,3.91,Enrolled
102298,2025,Business,Management,Graduate,Male,In-State,3.52,Graduated
102299,2025,Business,Marketing,Junior,Male,In-State,2.85,Enrolled
102300,2025,Business,Finance,Junior,Female,In-State,2.84,Enrolled
102301,2025,Business,Management,Freshman,Male,In-State,3.08,Enrolled
102302,2025,Business,Marketing,Junior,Male,In-State,3.89,Graduated
102303,2025,Business,Marketing,Freshman,Male,In-State,3.12,Enrolled
102304,2025,Business,Accounting,Senior,Female,Out-of-State,3.67,Enrolled
102305,2015,Arts & Sciences,Psychology,Freshman,Female,International,2.62,Graduated
102306,2015,Arts & Sciences,Psychology,Junior,Male,International,3.11,Enrolled
102307,2015,Arts & Sciences,History,Junior,Female,International,2.85,Enrolled
102308,2015,Arts & Sciences,Psychology,Graduate,Female,Out-of-State,3.53,Enrolled
102309,2015,Arts & Sciences,Mathematics,Sophomore,Male,In-State,2.65,Enrolled
102310,2015,Arts & Sciences,Biology,Freshman,Female,Out-of-State,3.14,Enrolled
102311,2015,Arts & Sciences,Psychology,Freshman,Female,Out-of-State,3.65,Enrolled
102312,2015,Arts & Sciences,Biology,Sophomore,Female,International,3.03,Enrolled
102313,2015,Arts & Sciences,Psychology,Freshman,Male,In-State,3.96,Enrolled
102314,2015,Arts & Sciences,Mathematics,Sophomore,Male,International,2.87,Enrolled
102315,2015,Arts & Sciences,Mathematics,Senior,Male,In-State,3.18,Enrolled
102316,2015,Arts & Sciences,Mathematics,Sophomore,Female,In-State,3.61,Enrolled
102317,2015,Arts & Sciences,Mathematics,Freshman,Female,Out-of-State,3.07,Enrolled
102318,2015,Arts & Sciences,Mathematics,Sophomore,Female,In-State,2.41,Enrolled
102319,2015,Arts & Sciences,History,Freshman,Female,In-State,3.22,Enrolled
102320,2015,Arts & Sciences,History,Freshman,Female,Out-of-State,3.59,Enrolled
102321,2015,Arts & Sciences,Psychology,Junior,Female,Out-of-State,2.88,Enrolled
102322,2015,Arts & Sciences,Mathematics,Freshman,Female,Out-of-State,2.86,Enrolled
102323,2015,Arts & Sciences,Mathematics,Junior,Female,Out-of-State,2.81,Enrolled
102324,2015,Arts & Sciences,Biology,Junior,Female,Out-of-State,3.2,Enrolled
102325,2015,Arts & Sciences,Biology,Junior,Female,International,2.38,Enrolled
102326,2015,Arts & Sciences,Psychology,Senior,Male,Out-of-State,2.59,Enrolled
102327,2015,Arts & Sciences,Psychology,Graduate,Male,In-State,3.07,Enrolled
102328,2015,Arts & Sciences,Mathematics,Junior,Male,Out-of-State,2.71,Enrolled
102329,2015,Arts & Sciences,History,Junior,Male,In-State,3.74,Enrolled
102330,2015,Arts & Sciences,History,Senior,Male,In-State,3.04,Enrolled
102331,2015,Arts & Sciences,Psychology,Sophomore,Female,In-State,3.58,Enrolled
102332,2015,Arts & Sciences,Psychology,Junior,Female,In-State,3.34,Enrolled
102333,2015,Arts & Sciences,History,Sophomore,Male,In-State,4.0,Withdrawn
102334,2015,Arts & Sciences,Biology,Senior,Female,In-State,3.19,Enrolled
102335,2015,Arts & Sciences,Psychology,Senior,Female,Out-of-State,3.1,On Leave
102336,2015,Arts & Sciences,History,Freshman,Male,In-State,3.84,Enrolled
102337,2015,Arts & Sciences,Biology,Junior,Female,Out-of-State,2.92,Enrolled
102338,2015,Arts & Sciences,History,Junior,Female,Out-of-State,2.98,Enrolled
102339,2015,Arts & Sciences,Biology,Junior,Female,In-State,2.84,Enrolled
102340,2015,Arts & Sciences,Psychology,Freshman,Male,Out-of-State,3.32,Enrolled
102341,2015,Arts & Sciences,Mathematics,Graduate,Female,Out-of-State,3.33,Enrolled
102342,2015,Arts & Sciences,Biology,Senior,Female,Out-of-State,3.26,Graduated
102343,2015,Arts & Sciences,Mathematics,Sophomore,Male,In-State,3.4,Enrolled
102344,2015,Arts & Sciences,Mathematics,Sophomore,Male,Out-of-State,3.12,Enrolled
102345,2015,Arts & Sciences,Biology,Sophomore,Female,In-State,2.92,Graduated
102346,2015,Arts & Sciences,Biology,Junior,Male,In-State,2.62,Enrolled
102347,2015,Arts & Sciences,History,Senior,Female,In-State,3.11,Enrolled
102348,2015,Arts & Sciences,History,Freshman,Male,International,2.12,Enrolled
102349,2015,Arts & Sciences,Psychology,Senior,Female,Out-of-State,3.62,Enrolled
102350,2015,Arts & Sciences,Biology,Freshman,Male,Out-of-State,3.52,Enrolled
102351,2015,Arts & Sciences,Biology,Sophomore,Female,International,3.25,Withdrawn
102352,2015,Arts & Sciences,Biology,Freshman,Female,Out-of-State,3.15,Enrolled
102353,2015,Arts & Sciences,Psychology,Freshman,Female,In-State,4.0,Enrolled
102354,2015,Arts & Sciences,History,Senior,Male,In-State,3.19,Enrolled
102355,2015,Arts & Sciences,Mathematics,Senior,Female,In-State,3.35,Graduated
102356,2015,Arts & Sciences,Psychology,Sophomore,Male,In-State,3.2,Enrolled
102357,2015,Arts & Sciences,Psychology,Junior,Female,International,2.53,Enrolled
102358,2015,Arts & Sciences,Mathematics,Sophomore,Male,In-State,2.92,Enrolled
102359,2015,Arts & Sciences,Psychology,Graduate,Male,In-State,2.32,Enrolled
102360,2015,Arts & Sciences,Biology,Senior,Female,In-State,3.69,Enrolled
102361,2015,Arts & Sciences,Mathematics,Junior,Female,In-State,4.0,Enrolled
102362,2015,Arts & Sciences,History,Junior,Male,In-State,3.74,Enrolled
102363,2015,Arts & Sciences,Mathematics,Senior,Female,Out-of-State,3.14,Enrolled
102364,2015,Arts & Sciences,Psychology,Junior,Female,In-State,3.27,Enrolled
102365,2015,Arts & Sciences,Psychology,Freshman,Male,In-State,3.55,Graduated
102366,2015,Arts & Sciences,Mathematics,Senior,Male,Out-of-State,2.91,Graduated
102367,2015,Arts & Sciences,Mathematics,Senior,Female,International,2.42,Enrolled
102368,2015,Arts & Sciences,Psychology,Senior,Male,In-State,3.69,Graduated
102369,2015,Arts & Sciences,Psychology,Senior,Male,In-State,3.65,Enrolled
102370,2015,Arts & Sciences,Mathematics,Senior,Female,International,3.1,Enrolled
102371,2015,Arts & Sciences,Biology,Junior,Female,Out-of-State,2.5,Graduated
102372,2015,Arts & Sciences,Mathematics,Freshman,Other,Out-of-State,3.6,On Leave
102373,2015,Arts & Sciences,Psychology,Freshman,Male,In-State,3.01,Enrolled
102374,2015,Arts & Sciences,History,Sophomore,Female,In-State,3.22,Enrolled
102375,2015,Arts & Sciences,Psychology,Junior,Female,In-State,2.71,Enrolled
102376,2015,Arts & Sciences,History,Graduate,Male,International,4.0,Graduated
102377,2015,Arts & Sciences,Mathematics,Graduate,Male,In-State,3.72,Graduated
102378,2015,Arts & Sciences,Psychology,Senior,Male,In-State,3.2,Enrolled
102379,2015,Arts & Sciences,Psychology,Junior,Female,In-State,3.36,Enrolled
102380,2015,Arts & Sciences,Biology,Sophomore,Male,In-State,4.0,Enrolled
102381,2015,Arts & Sciences,Mathematics,Junior,Male,In-State,2.54,Enrolled
102382,2015,Arts & Sciences,Biology,Senior,Male,Out-of-State,4.0,Enrolled
102383,2015,Arts & Sciences,History,Graduate,Male,In-State,2.86,Enrolled
102384,2015,Arts & Sciences,Psychology,Graduate,Male,In-State,3.37,Enrolled
102385,2015,Arts & Sciences,Mathematics,Sophomore,Female,In-State,3.75,Enrolled
102386,2015,Arts & Sciences,Psychology,Sophomore,Female,In-State,3.25,Enrolled
102387,2015,Arts & Sciences,Mathematics,Junior,Male,Out-of-State,3.74,Enrolled
102388,2015,Arts & Sciences,Biology,Sophomore,Female,In-State,3.66,Enrolled
102389,2015,Arts & Sciences,History,Junior,Female,In-State,4.0,Enrolled
102390,2015,Arts & Sciences,Mathematics,Sophomore,Female,In-State,3.35,Enrolled
102391,2015,Arts & Sciences,History,Sophomore,Male,International,3.74,Enrolled
102392,2015,Arts & Sciences,History,Senior,Female,International,3.38,Enrolled
102393,2015,Arts & Sciences,Psychology,Freshman,Male,International,3.06,Enrolled
102394,2015,Arts & Sciences,Psychology,Freshman,Female,Out-of-State,3.7,Enrolled
102395,2015,Arts & Sciences,Mathematics,Sophomore,Female,In-State,3.67,Enrolled
102396,2015,Arts & Sciences,History,Junior,Female,In-State,2.87,Graduated
102397,2015,Arts & Sciences,Biology,Junior,Male,International,3.04,Enrolled
102398,2015,Arts & Sciences,Psychology,Sophomore,Male,International,2.73,Enrolled
102399,2015,Arts & Sciences,Mathematics,Senior,Female,In-State,3.89,Enrolled
102400,2015,Arts & Sciences,Mathematics,Junior,Female,Out-of-State,2.19,Enrolled
102401,2015,Arts & Sciences,Mathematics,Senior,Female,International,2.87,Enrolled
102402,2015,Arts & Sciences,History,Sophomore,Male,In-State,3.05,Graduated
102403,2015,Arts & Sciences,Psychology,Senior,Male,Out-of-State,3.32,Graduated
102404,2015,Arts & Sciences,History,Senior,Male,In-State,2.9,Enrolled
102405,2015,Arts & Sciences,History,Senior,Male,Out-of-State,3.62,Enrolled
102406,2015,Arts & Sciences,Mathematics,Junior,Female,In-State,4.0,Enrolled
102407,2015,Arts & Sciences,History,Sophomore,Female,In-State,3.05,Graduated
102408,2015,Arts & Sciences,Mathematics,Graduate,Female,In-State,2.59,Enrolled
102409,2015,Arts & Sciences,Psychology,Senior,Female,Out-of-State,3.5,Enrolled
102410,2015,Arts & Sciences,History,Senior,Female,In-State,3.35,Graduated
102411,2015,Arts & Sciences,Mathematics,Junior,Male,Out-of-State,3.46,Enrolled
102412,2015,Arts & Sciences,Biology,Senior,Male,In-State,2.69,Graduated
102413,2015,Arts & Sciences,Biology,Junior,Female,In-State,2.44,Graduated
102414,2015,Arts & Sciences,History,Junior,Male,In-State,2.86,Enrolled
102415,2015,Arts & Sciences,Mathematics,Senior,Male,In-State,3.46,Enrolled
102416,2015,Arts & Sciences,History,Senior,Female,International,2.54,Enrolled
102417,2015,Arts & Sciences,Psychology,Freshman,Female,In-State,3.6,Graduated
102418,2015,Arts & Sciences,Psychology,Freshman,Female,In-State,3.75,Enrolled
102419,2015,Arts & Sciences,History,Sophomore,Male,In-State,3.77,Enrolled
102420,2015,Arts & Sciences,Biology,Senior,Female,Out-of-State,3.25,Enrolled
102421,2015,Arts & Sciences,Psychology,Graduate,Female,In-State,3.23,Graduated
102422,2016,Arts & Sciences,Mathematics,Junior,Female,In-State,2.72,Graduated
102423,2016,Arts & Sciences,History,Senior,Male,Out-of-State,2.75,Enrolled
102424,2016,Arts & Sciences,Mathematics,Senior,Other,In-State,3.37,Withdrawn
102425,2016,Arts & Sciences,Mathematics,Freshman,Male,In-State,3.48,Enrolled
102426,2016,Arts & Sciences,History,Junior,Male,In-State,3.54,Enrolled
102427,2016,Arts & Sciences,History,Sophomore,Female,International,3.49,Enrolled
102428,2016,Arts & Sciences,Psychology,Sophomore,Male,In-State,2.99,Enrolled
102429,2016,Arts & Sciences,Mathematics,Junior,Male,Out-of-State,3.67,Enrolled
102430,2016,Arts & Sciences,Psychology,Sophomore,Female,International,3.14,Enrolled
102431,2016,Arts & Sciences,Mathematics,Freshman,Female,Out-of-State,3.37,Enrolled
102432,2016,Arts & Sciences,Psychology,Junior,Male,Out-of-State,2.67,Withdrawn
102433,2016,Arts & Sciences,Biology,Junior,Male,In-State,3.31,Enrolled
102434,2016,Arts & Sciences,Biology,Freshman,Male,In-State,3.71,Enrolled
102435,2016,Arts & Sciences,Psychology,Freshman,Female,In-State,2.5,Enrolled
102436,2016,Arts & Sciences,History,Sophomore,Female,Out-of-State,2.67,Enrolled
102437,2016,Arts & Sciences,Mathematics,Sophomore,Female,In-State,3.36,Enrolled
102438,2016,Arts & Sciences,Mathematics,Senior,Female,Out-of-State,3.18,Graduated
102439,2016,Arts & Sciences,Mathematics,Graduate,Male,In-State,3.26,Enrolled
102440,2016,Arts & Sciences,Psychology,Freshman,Female,International,3.55,Enrolled
102441,2016,Arts & Sciences,Psychology,Senior,Male,International,3.51,Enrolled
102442,2016,Arts & Sciences,Mathematics,Sophomore,Male,In-State,3.36,Graduated
102443,2016,Arts & Sciences,History,Sophomore,Male,International,3.48,Enrolled
102444,2016,Arts & Sciences,Mathematics,Junior,Female,In-State,2.47,Enrolled
102445,2016,Arts & Sciences,Psychology,Sophomore,Female,In-State,3.04,Enrolled
102446,2016,Arts & Sciences,History,Senior,Male,In-State,2.78,Enrolled
102447,2016,Arts & Sciences,Psychology,Freshman,Male,In-State,3.31,Enrolled
102448,2016,Arts & Sciences,Psychology,Graduate,Male,In-State,3.36,Graduated
102449,2016,Arts & Sciences,History,Junior,Female,In-State,3.16,Enrolled
102450,2016,Arts & Sciences,Mathematics,Junior,Male,Out-of-State,3.68,Enrolled
102451,2016,Arts & Sciences,Biology,Graduate,Male,In-State,3.28,Enrolled
102452,2016,Arts & Sciences,Mathematics,Freshman,Female,In-State,2.72,Enrolled
102453,2016,Arts & Sciences,Psychology,Junior,Male,Out-of-State,3.6,Enrolled
102454,2016,Arts & Sciences,Mathematics,Junior,Female,Out-of-State,3.01,Enrolled
102455,2016,Arts & Sciences,Biology,Freshman,Female,Out-of-State,2.17,Enrolled
102456,2016,Arts & Sciences,History,Junior,Male,Out-of-State,2.36,Enrolled
102457,2016,Arts & Sciences,History,Junior,Male,In-State,2.77,Enrolled
102458,2016,Arts & Sciences,Mathematics,Sophomore,Male,Out-of-State,3.32,Enrolled
102459,2016,Arts & Sciences,History,Senior,Male,In-State,2.88,Enrolled
102460,2016,Arts & Sciences,Mathematics,Sophomore,Female,In-State,2.88,Enrolled
102461,2016,Arts & Sciences,Mathematics,Senior,Female,Out-of-State,3.34,Enrolled
102462,2016,Arts & Sciences,Mathematics,Junior,Male,In-State,2.91,Enrolled
102463,2016,Arts & Sciences,Mathematics,Freshman,Male,In-State,3.15,Enrolled
102464,2016,Arts & Sciences,Biology,Senior,Male,In-State,3.49,Enrolled
102465,2016,Arts & Sciences,History,Freshman,Female,International,3.21,On Leave
102466,2016,Arts & Sciences,Biology,Senior,Male,Out-of-State,1.69,Withdrawn
102467,2016,Arts & Sciences,Psychology,Junior,Male,International,3.09,Enrolled
102468,2016,Arts & Sciences,History,Junior,Male,Out-of-State,3.35,Enrolled
102469,2016,Arts & Sciences,History,Junior,Female,In-State,2.94,Enrolled
102470,2016,Arts & Sciences,Biology,Junior,Male,International,2.7,Graduated
102471,2016,Arts & Sciences,Mathematics,Freshman,Female,In-State,3.56,Enrolled
102472,2016,Arts & Sciences,Biology,Sophomore,Other,International,3.29,Withdrawn
102473,2016,Arts & Sciences,History,Graduate,Male,International,3.04,Graduated
102474,2016,Arts & Sciences,History,Freshman,Female,In-State,3.45,Enrolled
102475,2016,Arts & Sciences,History,Sophomore,Male,Out-of-State,2.79,Enrolled
102476,2016,Arts & Sciences,Psychology,Freshman,Female,In-State,3.44,Enrolled
102477,2016,Arts & Sciences,Mathematics,Senior,Male,In-State,2.65,On Leave
102478,2016,Arts & Sciences,Biology,Graduate,Male,In-State,2.99,Enrolled
102479,2016,Arts & Sciences,Psychology,Sophomore,Female,Out-of-State,2.01,Enrolled
102480,2016,Arts & Sciences,Mathematics,Senior,Female,In-State,3.72,Enrolled
102481,2016,Arts & Sciences,Psychology,Sophomore,Male,In-State,2.95,Graduated
102482,2016,Arts & Sciences,History,Graduate,Male,International,3.19,Enrolled
102483,2016,Arts & Sciences,Mathematics,Freshman,Female,In-State,3.06,Enrolled
102484,2016,Arts & Sciences,Mathematics,Junior,Male,International,2.34,Enrolled
102485,2016,Arts & Sciences,Mathematics,Junior,Male,International,2.5,Enrolled
102486,2016,Arts & Sciences,History,Sophomore,Male,In-State,3.09,Enrolled
102487,2016,Arts & Sciences,Psychology,Sophomore,Female,Out-of-State,2.57,Enrolled
102488,2016,Arts & Sciences,Psychology,Graduate,Female,Out-of-State,3.02,On Leave
102489,2016,Arts & Sciences,History,Sophomore,Female,In-State,3.27,Enrolled
102490,2016,Arts & Sciences,Mathematics,Junior,Male,In-State,2.8,Graduated
102491,2016,Arts & Sciences,Biology,Junior,Male,Out-of-State,2.6,Graduated
102492,2016,Arts & Sciences,Biology,Sophomore,Male,International,3.68,Enrolled
102493,2016,Arts & Sciences,Mathematics,Freshman,Female,Out-of-State,3.28,Enrolled
102494,2016,Arts & Sciences,Mathematics,Sophomore,Female,In-State,2.34,Enrolled
102495,2016,Arts & Sciences,Mathematics,Senior,Female,In-State,3.05,Enrolled
102496,2016,Arts & Sciences,Mathematics,Freshman,Female,In-State,3.87,Enrolled
102497,2016,Arts & Sciences,Mathematics,Sophomore,Male,In-State,3.46,Enrolled
102498,2016,Arts & Sciences,Mathematics,Junior,Male,Out-of-State,2.82,Enrolled
102499,2016,Arts & Sciences,Biology,Sophomore,Male,In-State,3.77,Enrolled
102500,2016,Arts & Sciences,Biology,Senior,Female,Out-of-State,2.86,Enrolled
102501,2016,Arts & Sciences,Mathematics,Junior,Female,Out-of-State,2.92,Enrolled
102502,2016,Arts & Sciences,History,Junior,Male,In-State,2.64,Enrolled
102503,2016,Arts & Sciences,Mathematics,Sophomore,Female,In-State,3.51,Enrolled
102504,2016,Arts & Sciences,Mathematics,Senior,Female,Out-of-State,3.59,Enrolled
102505,2016,Arts & Sciences,History,Senior,Female,In-State,2.89,Enrolled
102506,2016,Arts & Sciences,Biology,Junior,Female,Out-of-State,3.11,Enrolled
102507,2016,Arts & Sciences,History,Graduate,Female,Out-of-State,3.35,Enrolled
102508,2016,Arts & Sciences,Mathematics,Junior,Female,Out-of-State,2.31,Enrolled
102509,2016,Arts & Sciences,History,Senior,Male,In-State,3.1,Enrolled
102510,2016,Arts & Sciences,History,Senior,Female,In-State,2.99,Enrolled
102511,2016,Arts & Sciences,Mathematics,Freshman,Female,In-State,2.72,Graduated
102512,2016,Arts & Sciences,History,Sophomore,Male,In-State,3.11,Withdrawn
102513,2016,Arts & Sciences,Mathematics,Junior,Male,In-State,3.45,Enrolled
102514,2016,Arts & Sciences,Mathematics,Sophomore,Female,In-State,3.68,Graduated
102515,2016,Arts & Sciences,Biology,Sophomore,Female,Out-of-State,3.2,Enrolled
102516,2016,Arts & Sciences,Psychology,Senior,Female,In-State,3.45,Enrolled
102517,2016,Arts & Sciences,Biology,Senior,Female,In-State,2.18,Enrolled
102518,2016,Arts & Sciences,Biology,Junior,Male,Out-of-State,3.51,Graduated
102519,2016,Arts & Sciences,Psychology,Sophomore,Male,In-State,3.06,Graduated
102520,2016,Arts & Sciences,Mathematics,Freshman,Male,In-State,2.74,Graduated
102521,2016,Arts & Sciences,History,Senior,Female,In-State,2.77,Enrolled
102522,2016,Arts & Sciences,Mathematics,Sophomore,Male,In-State,2.85,Enrolled
102523,2016,Arts & Sciences,Mathematics,Senior,Male,In-State,2.67,Enrolled
102524,2016,Arts & Sciences,Psychology,Sophomore,Male,In-State,2.41,Enrolled
102525,2016,Arts & Sciences,History,Freshman,Female,International,3.22,Graduated
102526,2016,Arts & Sciences,History,Freshman,Male,In-State,3.3,Enrolled
102527,2016,Arts & Sciences,Mathematics,Junior,Female,In-State,3.65,Enrolled
102528,2016,Arts & Sciences,Psychology,Freshman,Female,In-State,3.51,Enrolled
102529,2016,Arts & Sciences,History,Freshman,Male,Out-of-State,2.48,Enrolled
102530,2016,Arts & Sciences,Psychology,Junior,Male,In-State,3.58,Enrolled
102531,2016,Arts & Sciences,Mathematics,Freshman,Male,In-State,2.57,Enrolled
102532,2016,Arts & Sciences,History,Sophomore,Female,In-State,3.35,Enrolled
102533,2016,Arts & Sciences,Biology,Graduate,Male,In-State,2.88,Enrolled
102534,2016,Arts & Sciences,Psychology,Sophomore,Female,Out-of-State,2.72,Enrolled
102535,2016,Arts & Sciences,Mathematics,Freshman,Female,Out-of-State,3.18,Enrolled
102536,2016,Arts & Sciences,Psychology,Senior,Female,International,3.52,Enrolled
102537,2016,Arts & Sciences,Mathematics,Senior,Female,Out-of-State,3.69,Enrolled
102538,2016,Arts & Sciences,Mathematics,Junior,Male,In-State,2.93,Enrolled
102539,2016,Arts & Sciences,Biology,Sophomore,Male,Out-of-State,3.36,Enrolled
102540,2016,Arts & Sciences,Mathematics,Freshman,Female,Out-of-State,4.0,Enrolled
102541,2016,Arts & Sciences,History,Freshman,Male,In-State,3.17,Enrolled
102542,2016,Arts & Sciences,Mathematics,Senior,Female,In-State,2.81,Enrolled
102543,2016,Arts & Sciences,Psychology,Sophomore,Male,In-State,3.42,Enrolled
102544,2016,Arts & Sciences,Biology,Senior,Female,International,3.32,Enrolled
102545,2016,Arts & Sciences,Biology,Freshman,Male,In-State,2.87,Enrolled
102546,2017,Arts & Sciences,Biology,Freshman,Male,In-State,3.15,Withdrawn
102547,2017,Arts & Sciences,History,Senior,Female,Out-of-State,2.94,Enrolled
102548,2017,Arts & Sciences,Biology,Senior,Female,In-State,2.41,Enrolled
102549,2017,Arts & Sciences,Psychology,Sophomore,Female,In-State,2.63,Graduated
102550,2017,Arts & Sciences,Psychology,Senior,Male,In-State,3.36,On Leave
102551,2017,Arts & Sciences,History,Senior,Male,In-State,2.89,Withdrawn
102552,2017,Arts & Sciences,Psychology,Sophomore,Male,International,2.82,Enrolled
102553,2017,Arts & Sciences,History,Senior,Male,Out-of-State,2.74,Enrolled
102554,2017,Arts & Sciences,History,Sophomore,Female,Out-of-State,3.46,Graduated
102555,2017,Arts & Sciences,Mathematics,Freshman,Female,Out-of-State,3.23,Enrolled
102556,2017,Arts & Sciences,History,Sophomore,Female,In-State,2.59,Enrolled
102557,2017,Arts & Sciences,Mathematics,Freshman,Female,International,2.47,Enrolled
102558,2017,Arts & Sciences,Mathematics,Sophomore,Male,Out-of-State,2.83,Enrolled
102559,2017,Arts & Sciences,Biology,Sophomore,Male,In-State,2.67,Graduated
102560,2017,Arts & Sciences,Biology,Senior,Male,Out-of-State,2.06,Graduated
102561,2017,Arts & Sciences,Mathematics,Sophomore,Male,In-State,3.89,Enrolled
102562,2017,Arts & Sciences,History,Freshman,Male,In-State,3.09,Enrolled
102563,2017,Arts & Sciences,Biology,Sophomore,Male,In-State,2.26,Enrolled
102564,2017,Arts & Sciences,Biology,Junior,Male,In-State,2.54,Enrolled
102565,2017,Arts & Sciences,History,Graduate,Male,Out-of-State,2.81,Enrolled
102566,2017,Arts & Sciences,Biology,Senior,Male,Out-of-State,2.93,Enrolled
102567,2017,Arts & Sciences,Mathematics,Sophomore,Male,In-State,3.05,Enrolled
102568,2017,Arts & Sciences,Biology,Senior,Male,In-State,3.47,Enrolled
102569,2017,Arts & Sciences,History,Senior,Female,Out-of-State,2.61,Enrolled
102570,2017,Arts & Sciences,Biology,Junior,Male,In-State,3.4,Enrolled
102571,2017,Arts & Sciences,History,Sophomore,Male,In-State,1.91,Enrolled
102572,2017,Arts & Sciences,Psychology,Freshman,Male,In-State,3.41,Enrolled
102573,2017,Arts & Sciences,Mathematics,Senior,Male,International,2.97,Enrolled
102574,2017,Arts & Sciences,History,Freshman,Male,In-State,3.76,Enrolled
102575,2017,Arts & Sciences,Mathematics,Sophomore,Male,In-State,2.05,Enrolled
102576,2017,Arts & Sciences,Mathematics,Freshman,Female,International,3.83,Enrolled
102577,2017,Arts & Sciences,Mathematics,Junior,Female,International,3.11,Enrolled
102578,2017,Arts & Sciences,Psychology,Junior,Female,Out-of-State,2.45,Enrolled
102579,2017,Arts & Sciences,Psychology,Senior,Female,In-State,2.35,Enrolled
102580,2017,Arts & Sciences,History,Senior,Female,In-State,3.44,Graduated
102581,2017,Arts & Sciences,Biology,Freshman,Male,In-State,2.77,Enrolled
102582,2017,Arts & Sciences,History,Sophomore,Female,In-State,3.52,Withdrawn
102583,2017,Arts & Sciences,Biology,Sophomore,Male,In-State,2.6,Withdrawn
102584,2017,Arts & Sciences,Mathematics,Junior,Male,In-State,4.0,Graduated
102585,2017,Arts & Sciences,Biology,Freshman,Female,In-State,3.58,Enrolled
102586,2017,Arts & Sciences,Psychology,Freshman,Female,Out-of-State,2.74,Enrolled
102587,2017,Arts & Sciences,History,Sophomore,Male,In-State,2.37,Enrolled
102588,2017,Arts & Sciences,Mathematics,Sophomore,Female,In-State,2.48,Enrolled
102589,2017,Arts & Sciences,Mathematics,Senior,Male,Out-of-State,2.34,Enrolled
102590,2017,Arts & Sciences,Psychology,Senior,Female,In-State,3.59,Enrolled
102591,2017,Arts & Sciences,Biology,Sophomore,Female,In-State,3.68,Enrolled
102592,2017,Arts & Sciences,Biology,Freshman,Male,In-State,3.01,Withdrawn
102593,2017,Arts & Sciences,Biology,Senior,Female,Out-of-State,3.74,Enrolled
102594,2017,Arts & Sciences,History,Senior,Male,In-State,2.84,Graduated
102595,2017,Arts & Sciences,Psychology,Sophomore,Female,In-State,4.0,Enrolled
102596,2017,Arts & Sciences,History,Freshman,Male,Out-of-State,2.86,Enrolled
102597,2017,Arts & Sciences,History,Sophomore,Female,Out-of-State,3.02,Enrolled
102598,2017,Arts & Sciences,Psychology,Senior,Female,In-State,3.04,Enrolled
102599,2017,Arts & Sciences,History,Junior,Male,Out-of-State,2.77,Withdrawn
102600,2017,Arts & Sciences,Mathematics,Freshman,Male,International,3.32,Enrolled
102601,2017,Arts & Sciences,Mathematics,Sophomore,Male,In-State,2.74,Graduated
102602,2017,Arts & Sciences,Mathematics,Freshman,Female,In-State,3.0,Enrolled
102603,2017,Arts & Sciences,Mathematics,Freshman,Female,In-State,2.19,Enrolled
102604,2017,Arts & Sciences,History,Freshman,Female,In-State,3.19,Enrolled
102605,2017,Arts & Sciences,Psychology,Freshman,Female,Out-of-State,3.67,Enrolled
102606,2017,Arts & Sciences,Mathematics,Senior,Female,Out-of-State,3.44,Enrolled
102607,2017,Arts & Sciences,History,Senior,Female,International,3.81,On Leave
102608,2017,Arts & Sciences,History,Graduate,Female,Out-of-State,2.66,Enrolled
102609,2017,Arts & Sciences,Biology,Freshman,Male,In-State,3.15,Enrolled
102610,2017,Arts & Sciences,History,Freshman,Female,International,3.18,Enrolled
102611,2017,Arts & Sciences,Biology,Freshman,Female,Out-of-State,3.25,Graduated
102612,2017,Arts & Sciences,History,Sophomore,Male,Out-of-State,2.95,Graduated
102613,2017,Arts & Sciences,History,Sophomore,Male,Out-of-State,1.84,Enrolled
102614,2017,Arts & Sciences,Psychology,Senior,Male,In-State,3.24,Enrolled
102615,2017,Arts & Sciences,Biology,Sophomore,Female,In-State,2.75,Withdrawn
102616,2017,Arts & Sciences,Psychology,Junior,Female,In-State,3.38,Enrolled
102617,2017,Arts & Sciences,Mathematics,Junior,Female,International,2.47,Enrolled
102618,2017,Arts & Sciences,Biology,Junior,Female,In-State,2.43,Enrolled
102619,2017,Arts & Sciences,Mathematics,Sophomore,Female,In-State,2.28,Enrolled
102620,2017,Arts & Sciences,Mathematics,Senior,Female,In-State,3.15,Enrolled
102621,2017,Arts & Sciences,Mathematics,Junior,Female,Out-of-State,3.05,Enrolled
102622,2017,Arts & Sciences,Biology,Junior,Male,Out-of-State,3.85,Enrolled
102623,2017,Arts & Sciences,Mathematics,Sophomore,Male,In-State,3.37,Enrolled
102624,2017,Arts & Sciences,Mathematics,Sophomore,Male,In-State,2.57,Enrolled
102625,2017,Arts & Sciences,History,Senior,Male,In-State,3.21,Enrolled
102626,2017,Arts & Sciences,Psychology,Junior,Female,In-State,2.66,Enrolled
102627,2017,Arts & Sciences,Biology,Junior,Female,International,3.06,Graduated
102628,2017,Arts & Sciences,Mathematics,Sophomore,Female,In-State,2.41,Enrolled
102629,2017,Arts & Sciences,Mathematics,Junior,Male,In-State,2.75,Enrolled
102630,2017,Arts & Sciences,Psychology,Graduate,Male,Out-of-State,2.67,Enrolled
102631,2017,Arts & Sciences,Biology,Freshman,Female,Out-of-State,4.0,Enrolled
102632,2017,Arts & Sciences,Mathematics,Freshman,Male,In-State,2.31,Enrolled
102633,2017,Arts & Sciences,History,Senior,Male,In-State,3.09,Enrolled
102634,2017,Arts & Sciences,Mathematics,Graduate,Male,In-State,3.11,Graduated
102635,2017,Arts & Sciences,History,Junior,Male,Out-of-State,3.06,Enrolled
102636,2017,Arts & Sciences,Biology,Sophomore,Male,In-State,3.37,Withdrawn
102637,2017,Arts & Sciences,History,Graduate,Female,In-State,2.95,Enrolled
102638,2017,Arts & Sciences,Psychology,Freshman,Male,Out-of-State,3.13,Graduated
102639,2017,Arts & Sciences,Biology,Sophomore,Male,In-State,2.62,Enrolled
102640,2017,Arts & Sciences,Biology,Freshman,Male,In-State,3.2,Enrolled
102641,2017,Arts & Sciences,Mathematics,Freshman,Female,Out-of-State,3.0,Enrolled
102642,2017,Arts & Sciences,Psychology,Sophomore,Male,In-State,2.99,Enrolled
102643,2017,Arts & Sciences,History,Freshman,Male,In-State,3.36,Enrolled
102644,2017,Arts & Sciences,Psychology,Junior,Female,International,3.41,Graduated
102645,2017,Arts & Sciences,Biology,Senior,Female,In-State,2.33,Enrolled
102646,2017,Arts & Sciences,Biology,Sophomore,Female,In-State,3.21,Enrolled
102647,2017,Arts & Sciences,Psychology,Graduate,Female,Out-of-State,2.46,Enrolled
102648,2017,Arts & Sciences,Biology,Sophomore,Female,Out-of-State,2.82,Enrolled
102649,2017,Arts & Sciences,Biology,Freshman,Female,In-State,3.68,Enrolled
102650,2017,Arts & Sciences,History,Freshman,Male,In-State,2.58,Enrolled
102651,2017,Arts & Sciences,Mathematics,Junior,Female,Out-of-State,3.0,Enrolled
102652,2017,Arts & Sciences,Biology,Graduate,Female,International,3.08,Enrolled
102653,2017,Arts & Sciences,Mathematics,Junior,Female,In-State,3.13,Enrolled
102654,2017,Arts & Sciences,Psychology,Freshman,Male,Out-of-State,2.55,Enrolled
102655,2017,Arts & Sciences,History,Sophomore,Male,Out-of-State,2.24,Enrolled
102656,2017,Arts & Sciences,Psychology,Junior,Male,In-State,3.36,Enrolled
102657,2017,Arts & Sciences,History,Freshman,Male,In-State,1.95,Enrolled
102658,2017,Arts & Sciences,Psychology,Junior,Male,Out-of-State,3.22,Enrolled
102659,2017,Arts & Sciences,Mathematics,Freshman,Female,International,2.91,Enrolled
102660,2017,Arts & Sciences,History,Sophomore,Other,In-State,3.12,Enrolled
102661,2017,Arts & Sciences,History,Freshman,Female,Out-of-State,2.54,Enrolled
102662,2017,Arts & Sciences,Biology,Freshman,Female,In-State,2.76,Graduated
102663,2017,Arts & Sciences,History,Freshman,Male,In-State,2.92,Enrolled
102664,2017,Arts & Sciences,Mathematics,Sophomore,Male,Out-of-State,2.91,Enrolled
102665,2017,Arts & Sciences,Biology,Junior,Female,In-State,2.91,Enrolled
102666,2017,Arts & Sciences,Mathematics,Freshman,Male,In-State,3.14,Enrolled
102667,2017,Arts & Sciences,History,Freshman,Male,Out-of-State,2.86,Enrolled
102668,2017,Arts & Sciences,Biology,Sophomore,Male,In-State,2.5,Enrolled
102669,2017,Arts & Sciences,Biology,Freshman,Male,In-State,2.93,Enrolled
102670,2017,Arts & Sciences,History,Freshman,Male,Out-of-State,2.69,Enrolled
102671,2017,Arts & Sciences,History,Freshman,Female,In-State,3.12,Enrolled
102672,2017,Arts & Sciences,Psychology,Freshman,Male,In-State,2.83,Enrolled
102673,2017,Arts & Sciences,Psychology,Junior,Female,Out-of-State,3.02,Graduated
102674,2017,Arts & Sciences,Mathematics,Freshman,Male,In-State,2.98,Graduated
102675,2017,Arts & Sciences,Psychology,Senior,Male,In-State,3.2,Enrolled
102676,2017,Arts & Sciences,Biology,Senior,Male,International,2.87,Enrolled
102677,2017,Arts & Sciences,Biology,Senior,Female,Out-of-State,2.23,Enrolled
102678,2017,Arts & Sciences,Biology,Senior,Female,Out-of-State,3.11,Enrolled
102679,2017,Arts & Sciences,Biology,Sophomore,Female,Out-of-State,3.55,Enrolled
102680,2017,Arts & Sciences,Mathematics,Sophomore,Female,International,3.02,Enrolled
102681,2017,Arts & Sciences,Mathematics,Sophomore,Male,International,3.66,Enrolled
102682,2017,Arts & Sciences,History,Junior,Female,International,2.99,On Leave
102683,2017,Arts & Sciences,Biology,Senior,Male,In-State,3.27,Enrolled
102684,2017,Arts & Sciences,History,Freshman,Male,In-State,3.54,On Leave
102685,2017,Arts & Sciences,Psychology,Junior,Female,In-State,3.27,Enrolled
102686,2017,Arts & Sciences,History,Senior,Female,Out-of-State,2.86,Enrolled
102687,2017,Arts & Sciences,History,Freshman,Female,Out-of-State,3.03,Withdrawn
102688,2017,Arts & Sciences,Psychology,Junior,Female,Out-of-State,2.5,On Leave
102689,2017,Arts & Sciences,Psychology,Sophomore,Male,In-State,2.68,Graduated
102690,2017,Arts & Sciences,Mathematics,Senior,Male,In-State,2.5,Enrolled
102691,2017,Arts & Sciences,History,Junior,Female,In-State,3.3,Enrolled
102692,2017,Arts & Sciences,Biology,Junior,Female,In-State,2.63,Graduated
102693,2017,Arts & Sciences,Psychology,Junior,Female,In-State,2.81,Enrolled
102694,2017,Arts & Sciences,Psychology,Sophomore,Female,In-State,3.48,Enrolled
102695,2017,Arts & Sciences,History,Junior,Male,In-State,3.56,Enrolled
102696,2017,Arts & Sciences,Psychology,Senior,Female,International,3.33,Enrolled
102697,2017,Arts & Sciences,Psychology,Freshman,Male,In-State,2.78,Enrolled
102698,2017,Arts & Sciences,History,Graduate,Female,In-State,3.64,Enrolled
102699,2017,Arts & Sciences,Biology,Senior,Male,In-State,2.67,Enrolled
102700,2017,Arts & Sciences,Psychology,Junior,Female,International,3.1,Enrolled
102701,2017,Arts & Sciences,Biology,Sophomore,Other,Out-of-State,3.68,Enrolled
102702,2017,Arts & Sciences,Biology,Freshman,Female,Out-of-State,2.57,Graduated
102703,2017,Arts & Sciences,Biology,Graduate,Female,Out-of-State,3.72,Enrolled
102704,2017,Arts & Sciences,History,Senior,Male,In-State,3.74,Enrolled
102705,2017,Arts & Sciences,Biology,Sophomore,Male,In-State,2.93,Enrolled
102706,2017,Arts & Sciences,Mathematics,Senior,Female,International,2.99,Enrolled
102707,2017,Arts & Sciences,Biology,Senior,Female,Out-of-State,2.44,Enrolled
102708,2017,Arts & Sciences,Mathematics,Junior,Female,In-State,3.6,Enrolled
102709,2017,Arts & Sciences,History,Sophomore,Female,International,2.74,Enrolled
102710,2017,Arts & Sciences,Mathematics,Senior,Female,International,2.48,Enrolled
102711,2017,Arts & Sciences,Psychology,Freshman,Male,International,3.2,Enrolled
102712,2017,Arts & Sciences,Biology,Graduate,Male,In-State,2.26,Graduated
102713,2017,Arts & Sciences,Psychology,Sophomore,Male,In-State,3.9,Enrolled
102714,2017,Arts & Sciences,History,Graduate,Male,International,2.12,Enrolled
102715,2017,Arts & Sciences,History,Senior,Female,In-State,2.52,Enrolled
102716,2018,Arts & Sciences,History,Junior,Male,In-State,2.91,Graduated
102717,2018,Arts & Sciences,History,Sophomore,Male,In-State,3.45,Enrolled
102718,2018,Arts & Sciences,Biology,Freshman,Female,In-State,2.94,Enrolled
102719,2018,Arts & Sciences,Mathematics,Sophomore,Male,International,2.33,Enrolled
102720,2018,Arts & Sciences,Mathematics,Freshman,Female,In-State,2.72,Enrolled
102721,2018,Arts & Sciences,History,Sophomore,Male,International,3.72,Enrolled
102722,2018,Arts & Sciences,Psychology,Freshman,Male,In-State,3.24,Graduated
102723,2018,Arts & Sciences,Biology,Junior,Male,Out-of-State,2.64,Enrolled
102724,2018,Arts & Sciences,Psychology,Freshman,Male,In-State,3.45,Enrolled
102725,2018,Arts & Sciences,Psychology,Sophomore,Female,International,2.33,Withdrawn
102726,2018,Arts & Sciences,Psychology,Sophomore,Male,In-State,3.35,Enrolled
102727,2018,Arts & Sciences,Biology,Freshman,Female,In-State,2.48,Enrolled
102728,2018,Arts & Sciences,Biology,Freshman,Male,In-State,2.41,Enrolled
102729,2018,Arts & Sciences,History,Junior,Male,In-State,3.33,Graduated
102730,2018,Arts & Sciences,History,Sophomore,Male,In-State,3.9,Enrolled
102731,2018,Arts & Sciences,Mathematics,Junior,Female,Out-of-State,3.7,Enrolled
102732,2018,Arts & Sciences,Psychology,Junior,Female,Out-of-State,2.63,Enrolled
102733,2018,Arts & Sciences,History,Freshman,Female,Out-of-State,2.54,On Leave
102734,2018,Arts & Sciences,Mathematics,Senior,Male,In-State,3.29,Enrolled
102735,2018,Arts & Sciences,Biology,Graduate,Female,In-State,3.62,Enrolled
102736,2018,Arts & Sciences,History,Sophomore,Male,In-State,2.85,Enrolled
102737,2018,Arts & Sciences,Mathematics,Freshman,Female,In-State,2.86,Enrolled
102738,2018,Arts & Sciences,Psychology,Junior,Male,In-State,2.65,Graduated
102739,2018,Arts & Sciences,Biology,Freshman,Male,In-State,3.35,Enrolled
102740,2018,Arts & Sciences,History,Graduate,Female,Out-of-State,3.08,Enrolled
102741,2018,Arts & Sciences,History,Graduate,Other,Out-of-State,3.91,Enrolled
102742,2018,Arts & Sciences,Biology,Senior,Male,In-State,3.97,Enrolled
102743,2018,Arts & Sciences,Psychology,Senior,Female,In-State,3.45,Enrolled
102744,2018,Arts & Sciences,Biology,Sophomore,Female,In-State,2.95,Enrolled
102745,2018,Arts & Sciences,Mathematics,Sophomore,Female,International,3.49,Enrolled
102746,2018,Arts & Sciences,Psychology,Graduate,Male,In-State,2.96,Enrolled
102747,2018,Arts & Sciences,Psychology,Senior,Male,In-State,3.41,Graduated
102748,2018,Arts & Sciences,History,Sophomore,Female,International,3.04,Enrolled
102749,2018,Arts & Sciences,History,Sophomore,Female,In-State,3.25,Graduated
102750,2018,Arts & Sciences,Biology,Junior,Female,In-State,2.93,Enrolled
102751,2018,Arts & Sciences,Psychology,Freshman,Female,Out-of-State,3.62,Enrolled
102752,2018,Arts & Sciences,Psychology,Junior,Female,In-State,2.76,Graduated
102753,2018,Arts & Sciences,Mathematics,Freshman,Male,In-State,3.14,Enrolled
102754,2018,Arts & Sciences,History,Sophomore,Female,In-State,3.33,Withdrawn
102755,2018,Arts & Sciences,Psychology,Sophomore,Female,In-State,3.6,Enrolled
102756,2018,Arts & Sciences,History,Junior,Male,International,4.0,Enrolled
102757,2018,Arts & Sciences,Biology,Senior,Male,In-State,3.48,Enrolled
102758,2018,Arts & Sciences,Biology,Graduate,Male,In-State,2.82,Enrolled
102759,2018,Arts & Sciences,Mathematics,Freshman,Male,Out-of-State,3.31,Enrolled
102760,2018,Arts & Sciences,History,Sophomore,Female,Out-of-State,3.01,Enrolled
102761,2018,Arts & Sciences,Psychology,Sophomore,Male,Out-of-State,2.93,Enrolled
102762,2018,Arts & Sciences,Psychology,Junior,Female,In-State,3.94,Enrolled
102763,2018,Arts & Sciences,Mathematics,Freshman,Female,In-State,2.4,Enrolled
102764,2018,Arts & Sciences,History,Freshman,Female,In-State,3.57,Enrolled
102765,2018,Arts & Sciences,Biology,Freshman,Male,International,3.4,Graduated
102766,2018,Arts & Sciences,Biology,Junior,Female,In-State,2.31,Enrolled
102767,2018,Arts & Sciences,Biology,Senior,Female,International,2.67,Enrolled
102768,2018,Arts & Sciences,History,Freshman,Male,Out-of-State,3.23,Enrolled
102769,2018,Arts & Sciences,Psychology,Sophomore,Male,International,3.26,Enrolled
102770,2018,Arts & Sciences,Mathematics,Freshman,Female,In-State,2.39,Enrolled
102771,2018,Arts & Sciences,Biology,Freshman,Female,In-State,2.65,Withdrawn
102772,2018,Arts & Sciences,History,Junior,Male,In-State,2.22,Graduated
102773,2018,Arts & Sciences,Psychology,Freshman,Male,In-State,2.27,Enrolled
102774,2018,Arts & Sciences,Psychology,Graduate,Female,Out-of-State,3.89,Enrolled
102775,2018,Arts & Sciences,History,Junior,Female,In-State,3.06,Enrolled
102776,2018,Arts & Sciences,Mathematics,Sophomore,Male,In-State,3.63,Enrolled
102777,2018,Arts & Sciences,History,Junior,Male,In-State,3.27,Enrolled
102778,2018,Arts & Sciences,Psychology,Freshman,Male,In-State,3.38,On Leave
102779,2018,Arts & Sciences,Mathematics,Sophomore,Other,In-State,2.51,Enrolled
102780,2018,Arts & Sciences,Biology,Graduate,Male,International,2.48,Enrolled
102781,2018,Arts & Sciences,Biology,Sophomore,Female,In-State,2.51,Enrolled
102782,2018,Arts & Sciences,Biology,Freshman,Male,In-State,3.36,Enrolled
102783,2018,Arts & Sciences,Mathematics,Freshman,Male,In-State,3.61,Enrolled
102784,2018,Arts & Sciences,Psychology,Senior,Male,In-State,3.62,Graduated
102785,2018,Arts & Sciences,Biology,Junior,Female,Out-of-State,3.52,Enrolled
102786,2018,Arts & Sciences,Biology,Freshman,Male,In-State,3.85,On Leave
102787,2018,Arts & Sciences,Mathematics,Graduate,Male,In-State,3.06,Enrolled
102788,2018,Arts & Sciences,Psychology,Sophomore,Male,Out-of-State,2.36,Graduated
102789,2018,Arts & Sciences,Psychology,Freshman,Female,In-State,2.55,Enrolled
102790,2018,Arts & Sciences,Mathematics,Sophomore,Female,In-State,3.31,Enrolled
102791,2018,Arts & Sciences,History,Sophomore,Female,Out-of-State,2.84,Enrolled
102792,2018,Arts & Sciences,History,Senior,Female,In-State,3.64,Enrolled
102793,2018,Arts & Sciences,Mathematics,Junior,Male,International,3.38,Withdrawn
102794,2018,Arts & Sciences,Psychology,Junior,Male,In-State,2.44,Enrolled
102795,2018,Arts & Sciences,Mathematics,Junior,Female,Out-of-State,2.65,Graduated
102796,2018,Arts & Sciences,Biology,Junior,Female,In-State,3.04,Enrolled
102797,2018,Arts & Sciences,History,Graduate,Male,Out-of-State,3.02,Enrolled
102798,2018,Arts & Sciences,Psychology,Junior,Female,In-State,3.6,Enrolled
102799,2018,Arts & Sciences,Mathematics,Freshman,Male,In-State,3.55,Enrolled
102800,2018,Arts & Sciences,History,Sophomore,Female,In-State,2.74,Graduated
102801,2018,Arts & Sciences,Mathematics,Junior,Female,Out-of-State,2.87,Graduated
102802,2018,Arts & Sciences,Mathematics,Freshman,Female,International,2.56,Enrolled
102803,2018,Arts & Sciences,Mathematics,Freshman,Female,In-State,2.57,Enrolled
102804,2018,Arts & Sciences,Psychology,Junior,Male,Out-of-State,3.21,Enrolled
102805,2018,Arts & Sciences,Psychology,Freshman,Female,In-State,3.16,Graduated
102806,2018,Arts & Sciences,Psychology,Senior,Female,In-State,2.58,On Leave
102807,2018,Arts & Sciences,Psychology,Sophomore,Male,In-State,2.69,Enrolled
102808,2018,Arts & Sciences,Biology,Graduate,Female,In-State,3.38,Graduated
102809,2018,Arts & Sciences,Psychology,Junior,Male,In-State,3.03,Enrolled
102810,2018,Arts & Sciences,Biology,Sophomore,Female,In-State,3.19,Enrolled
102811,2018,Arts & Sciences,Psychology,Freshman,Male,Out-of-State,3.07,Enrolled
102812,2018,Arts & Sciences,History,Sophomore,Male,In-State,3.49,Enrolled
102813,2018,Arts & Sciences,History,Senior,Male,In-State,3.09,On Leave
102814,2018,Arts & Sciences,Mathematics,Freshman,Female,In-State,3.54,Enrolled
102815,2018,Arts & Sciences,Psychology,Senior,Male,In-State,3.07,Enrolled
102816,2018,Arts & Sciences,Psychology,Sophomore,Female,In-State,2.32,Enrolled
102817,2018,Arts & Sciences,Mathematics,Senior,Female,Out-of-State,2.89,Enrolled
102818,2018,Arts & Sciences,Biology,Sophomore,Male,Out-of-State,3.22,Enrolled
102819,2018,Arts & Sciences,Biology,Freshman,Male,Out-of-State,2.52,Enrolled
102820,2018,Arts & Sciences,Mathematics,Freshman,Male,In-State,3.18,Graduated
102821,2018,Arts & Sciences,Psychology,Senior,Male,International,3.26,Enrolled
102822,2018,Arts & Sciences,Mathematics,Senior,Female,International,3.66,Enrolled
102823,2018,Arts & Sciences,Psychology,Senior,Female,Out-of-State,2.98,Graduated
102824,2018,Arts & Sciences,Biology,Junior,Female,International,3.43,Graduated
102825,2018,Arts & Sciences,Mathematics,Graduate,Female,In-State,3.52,Enrolled
102826,2018,Arts & Sciences,History,Junior,Female,In-State,2.14,Enrolled
102827,2018,Arts & Sciences,History,Graduate,Female,Out-of-State,3.54,Graduated
102828,2018,Arts & Sciences,Psychology,Sophomore,Male,In-State,3.28,Enrolled
102829,2018,Arts & Sciences,History,Freshman,Female,In-State,3.39,Enrolled
102830,2018,Arts & Sciences,History,Junior,Male,In-State,2.84,Enrolled
102831,2018,Arts & Sciences,Biology,Senior,Female,Out-of-State,1.97,Enrolled
102832,2018,Arts & Sciences,Psychology,Freshman,Female,In-State,3.53,Enrolled
102833,2018,Arts & Sciences,History,Freshman,Male,International,2.7,Enrolled
102834,2018,Arts & Sciences,Mathematics,Senior,Female,In-State,3.4,Enrolled
102835,2018,Arts & Sciences,Psychology,Sophomore,Male,International,2.01,Enrolled
102836,2018,Arts & Sciences,Mathematics,Freshman,Female,In-State,2.41,Enrolled
102837,2018,Arts & Sciences,Psychology,Freshman,Female,In-State,2.34,Graduated
102838,2018,Arts & Sciences,Biology,Sophomore,Female,In-State,3.1,Enrolled
102839,2018,Arts & Sciences,Mathematics,Freshman,Female,International,2.52,Enrolled
102840,2018,Arts & Sciences,History,Junior,Female,International,3.46,Enrolled
102841,2018,Arts & Sciences,History,Freshman,Female,In-State,3.53,Enrolled
102842,2018,Arts & Sciences,Psychology,Senior,Other,In-State,2.94,Graduated
102843,2018,Arts & Sciences,Biology,Senior,Female,International,2.68,On Leave
102844,2018,Arts & Sciences,Mathematics,Junior,Female,In-State,2.34,Enrolled
102845,2018,Arts & Sciences,Biology,Junior,Female,In-State,3.52,Graduated
102846,2018,Arts & Sciences,Mathematics,Freshman,Male,In-State,3.04,Enrolled
102847,2018,Arts & Sciences,History,Sophomore,Female,In-State,2.89,Graduated
102848,2018,Arts & Sciences,Psychology,Junior,Male,Out-of-State,2.87,Enrolled
102849,2018,Arts & Sciences,Mathematics,Sophomore,Male,Out-of-State,2.85,Enrolled
102850,2018,Arts & Sciences,History,Junior,Female,In-State,3.09,Enrolled
102851,2018,Arts & Sciences,Psychology,Freshman,Female,In-State,2.97,Enrolled
102852,2018,Arts & Sciences,History,Freshman,Female,In-State,3.24,On Leave
102853,2018,Arts & Sciences,Mathematics,Junior,Male,In-State,2.56,Enrolled
102854,2018,Arts & Sciences,Mathematics,Graduate,Female,Out-of-State,2.53,Enrolled
102855,2018,Arts & Sciences,Mathematics,Freshman,Male,In-State,3.51,Enrolled
102856,2018,Arts & Sciences,Psychology,Freshman,Other,In-State,3.34,Enrolled
102857,2018,Arts & Sciences,Psychology,Freshman,Male,Out-of-State,2.97,Enrolled
102858,2018,Arts & Sciences,Biology,Senior,Female,In-State,3.97,Enrolled
102859,2018,Arts & Sciences,Mathematics,Senior,Female,International,3.14,Withdrawn
102860,2018,Arts & Sciences,Biology,Sophomore,Male,In-State,3.05,Enrolled
102861,2018,Arts & Sciences,History,Sophomore,Female,Out-of-State,2.75,Withdrawn
102862,2018,Arts & Sciences,Mathematics,Freshman,Male,In-State,2.89,Graduated
102863,2018,Arts & Sciences,History,Senior,Male,In-State,2.84,Enrolled
102864,2018,Arts & Sciences,Mathematics,Sophomore,Female,In-State,3.51,Enrolled
102865,2018,Arts & Sciences,History,Junior,Female,In-State,3.64,Enrolled
102866,2018,Arts & Sciences,Mathematics,Freshman,Male,In-State,2.59,Enrolled
102867,2018,Arts & Sciences,Biology,Freshman,Male,In-State,3.05,Enrolled
102868,2018,Arts & Sciences,History,Senior,Female,Out-of-State,3.19,Graduated
102869,2018,Arts & Sciences,Psychology,Junior,Male,In-State,3.49,Enrolled
102870,2018,Arts & Sciences,Mathematics,Graduate,Male,Out-of-State,3.15,Withdrawn
102871,2018,Arts & Sciences,History,Senior,Male,In-State,3.56,Enrolled
102872,2018,Arts & Sciences,Biology,Junior,Male,In-State,2.4,Enrolled
102873,2018,Arts & Sciences,Mathematics,Junior,Male,In-State,2.94,Enrolled
102874,2018,Arts & Sciences,Mathematics,Senior,Male,Out-of-State,3.08,Enrolled
102875,2018,Arts & Sciences,Psychology,Graduate,Other,In-State,3.45,Enrolled
102876,2018,Arts & Sciences,History,Graduate,Male,International,3.17,Enrolled
102877,2018,Arts & Sciences,Biology,Senior,Male,In-State,3.13,Enrolled
102878,2018,Arts & Sciences,Psychology,Senior,Female,In-State,3.22,Enrolled
102879,2018,Arts & Sciences,History,Sophomore,Female,Out-of-State,3.22,Enrolled
102880,2018,Arts & Sciences,History,Sophomore,Male,Out-of-State,2.0,Enrolled
102881,2018,Arts & Sciences,History,Sophomore,Female,In-State,2.59,Enrolled
102882,2018,Arts & Sciences,Mathematics,Senior,Female,International,2.73,Enrolled
102883,2018,Arts & Sciences,Biology,Sophomore,Male,International,3.82,Enrolled
102884,2018,Arts & Sciences,Psychology,Junior,Male,In-State,4.0,Enrolled
102885,2018,Arts & Sciences,Mathematics,Sophomore,Other,Out-of-State,2.83,Enrolled
102886,2018,Arts & Sciences,Psychology,Junior,Female,Out-of-State,2.86,Enrolled
102887,2018,Arts & Sciences,History,Junior,Female,Out-of-State,2.69,Enrolled
102888,2018,Arts & Sciences,Mathematics,Sophomore,Female,Out-of-State,2.5,Enrolled
102889,2018,Arts & Sciences,History,Sophomore,Male,Out-of-State,3.0,Enrolled
102890,2018,Arts & Sciences,Psychology,Freshman,Female,Out-of-State,3.14,Enrolled
102891,2018,Arts & Sciences,Biology,Junior,Male,In-State,3.36,Enrolled
102892,2018,Arts & Sciences,History,Senior,Male,International,2.28,Enrolled
102893,2018,Arts & Sciences,Biology,Senior,Female,In-State,2.55,Enrolled
102894,2018,Arts & Sciences,History,Graduate,Male,In-State,2.54,Enrolled
102895,2018,Arts & Sciences,History,Freshman,Male,In-State,3.44,Enrolled
102896,2018,Arts & Sciences,Biology,Freshman,Male,In-State,3.45,Enrolled
102897,2018,Arts & Sciences,Biology,Junior,Male,In-State,2.93,Enrolled
102898,2018,Arts & Sciences,Mathematics,Sophomore,Female,In-State,2.82,Enrolled
102899,2018,Arts & Sciences,Psychology,Graduate,Male,In-State,3.13,Graduated
102900,2018,Arts & Sciences,Biology,Senior,Female,In-State,3.14,Enrolled
102901,2018,Arts & Sciences,History,Sophomore,Male,In-State,3.55,Graduated
102902,2018,Arts & Sciences,Biology,Senior,Female,In-State,3.9,Enrolled
102903,2018,Arts & Sciences,Mathematics,Freshman,Female,Out-of-State,3.15,Enrolled
102904,2018,Arts & Sciences,History,Graduate,Male,In-State,2.62,Enrolled
102905,2018,Arts & Sciences,History,Senior,Female,In-State,3.03,Enrolled
102906,2018,Arts & Sciences,History,Senior,Male,Out-of-State,2.93,Enrolled
102907,2019,Arts & Sciences,History,Junior,Female,International,2.58,Graduated
102908,2019,Arts & Sciences,History,Sophomore,Female,In-State,2.72,Graduated
102909,2019,Arts & Sciences,Mathematics,Graduate,Male,Out-of-State,4.0,Graduated
102910,2019,Arts & Sciences,History,Senior,Female,International,3.34,Enrolled
102911,2019,Arts & Sciences,Psychology,Senior,Male,Out-of-State,3.54,Enrolled
102912,2019,Arts & Sciences,History,Junior,Male,International,3.26,Enrolled
102913,2019,Arts & Sciences,Biology,Graduate,Female,In-State,3.26,Enrolled
102914,2019,Arts & Sciences,Biology,Freshman,Female,In-State,2.86,Graduated
102915,2019,Arts & Sciences,Biology,Sophomore,Male,Out-of-State,3.92,Enrolled
102916,2019,Arts & Sciences,History,Junior,Female,In-State,2.85,Enrolled
102917,2019,Arts & Sciences,History,Freshman,Male,In-State,2.67,Enrolled
102918,2019,Arts & Sciences,Biology,Junior,Female,Out-of-State,3.15,Enrolled
102919,2019,Arts & Sciences,Mathematics,Sophomore,Female,In-State,2.65,Enrolled
102920,2019,Arts & Sciences,Biology,Freshman,Male,In-State,3.56,Enrolled
102921,2019,Arts & Sciences,Mathematics,Junior,Female,In-State,3.33,Enrolled
102922,2019,Arts & Sciences,History,Senior,Female,In-State,2.96,Enrolled
102923,2019,Arts & Sciences,Biology,Freshman,Male,In-State,3.86,Enrolled
102924,2019,Arts & Sciences,Biology,Freshman,Female,Out-of-State,2.51,Enrolled
102925,2019,Arts & Sciences,Mathematics,Freshman,Female,Out-of-State,2.59,Graduated
102926,2019,Arts & Sciences,Mathematics,Sophomore,Female,In-State,2.84,Enrolled
102927,2019,Arts & Sciences,Mathematics,Sophomore,Female,In-State,3.35,Enrolled
102928,2019,Arts & Sciences,History,Sophomore,Other,In-State,3.33,Withdrawn
102929,2019,Arts & Sciences,Psychology,Senior,Female,In-State,3.64,Enrolled
102930,2019,Arts & Sciences,Psychology,Graduate,Female,In-State,3.89,Enrolled
102931,2019,Arts & Sciences,Biology,Junior,Female,Out-of-State,3.36,Enrolled
102932,2019,Arts & Sciences,Biology,Sophomore,Female,International,2.63,Enrolled
102933,2019,Arts & Sciences,Mathematics,Sophomore,Female,In-State,3.07,Enrolled
102934,2019,Arts & Sciences,Psychology,Junior,Female,Out-of-State,3.38,Enrolled
102935,2019,Arts & Sciences,Mathematics,Junior,Male,International,4.0,Enrolled
102936,2019,Arts & Sciences,Biology,Graduate,Female,In-State,2.85,Enrolled
102937,2019,Arts & Sciences,Mathematics,Sophomore,Male,In-State,2.21,Enrolled
102938,2019,Arts & Sciences,History,Sophomore,Male,In-State,3.67,Enrolled
102939,2019,Arts & Sciences,Mathematics,Senior,Female,In-State,3.49,Withdrawn
102940,2019,Arts & Sciences,Biology,Graduate,Female,Out-of-State,3.88,On Leave
102941,2019,Arts & Sciences,Psychology,Graduate,Female,International,3.21,Enrolled
102942,2019,Arts & Sciences,Biology,Junior,Female,In-State,3.83,Enrolled
102943,2019,Arts & Sciences,Mathematics,Freshman,Male,In-State,2.74,Graduated
102944,2019,Arts & Sciences,Biology,Sophomore,Female,In-State,3.44,Withdrawn
102945,2019,Arts & Sciences,Mathematics,Junior,Female,International,3.78,Enrolled
102946,2019,Arts & Sciences,Biology,Graduate,Male,Out-of-State,3.19,Enrolled
102947,2019,Arts & Sciences,Mathematics,Freshman,Male,Out-of-State,3.12,Enrolled
102948,2019,Arts & Sciences,Biology,Freshman,Male,Out-of-State,3.71,Enrolled
102949,2019,Arts & Sciences,History,Sophomore,Female,Out-of-State,3.49,Enrolled
102950,2019,Arts & Sciences,Psychology,Senior,Female,In-State,3.32,Enrolled
102951,2019,Arts & Sciences,Psychology,Graduate,Female,In-State,2.95,Enrolled
102952,2019,Arts & Sciences,Mathematics,Sophomore,Female,Out-of-State,3.22,Enrolled
102953,2019,Arts & Sciences,Psychology,Sophomore,Male,International,2.76,Enrolled
102954,2019,Arts & Sciences,History,Freshman,Male,International,2.49,Enrolled
102955,2019,Arts & Sciences,Biology,Senior,Male,Out-of-State,3.45,Graduated
102956,2019,Arts & Sciences,History,Junior,Female,Out-of-State,3.22,Withdrawn
102957,2019,Arts & Sciences,Biology,Senior,Female,In-State,3.68,Enrolled
102958,2019,Arts & Sciences,Mathematics,Sophomore,Male,International,3.08,Enrolled
102959,2019,Arts & Sciences,Psychology,Senior,Male,Out-of-State,3.04,Enrolled
102960,2019,Arts & Sciences,History,Junior,Female,In-State,3.06,Enrolled
102961,2019,Arts & Sciences,History,Freshman,Male,Out-of-State,2.63,Enrolled
102962,2019,Arts & Sciences,Biology,Sophomore,Male,Out-of-State,3.58,Enrolled
102963,2019,Arts & Sciences,Biology,Freshman,Male,In-State,4.0,On Leave
102964,2019,Arts & Sciences,Mathematics,Junior,Male,In-State,4.0,Enrolled
102965,2019,Arts & Sciences,Psychology,Senior,Male,In-State,3.83,Enrolled
102966,2019,Arts & Sciences,Psychology,Freshman,Female,In-State,3.36,Enrolled
102967,2019,Arts & Sciences,History,Junior,Male,In-State,3.23,Enrolled
102968,2019,Arts & Sciences,Biology,Graduate,Male,In-State,2.25,Enrolled
102969,2019,Arts & Sciences,Biology,Junior,Male,In-State,2.91,Enrolled
102970,2019,Arts & Sciences,History,Graduate,Female,In-State,3.29,Enrolled
102971,2019,Arts & Sciences,Biology,Sophomore,Female,In-State,3.63,Enrolled
102972,2019,Arts & Sciences,Biology,Sophomore,Male,International,3.02,Enrolled
102973,2019,Arts & Sciences,History,Senior,Male,Out-of-State,2.53,Withdrawn
102974,2019,Arts & Sciences,Mathematics,Junior,Male,Out-of-State,3.47,Enrolled
102975,2019,Arts & Sciences,Mathematics,Graduate,Female,Out-of-State,3.67,Enrolled
102976,2019,Arts & Sciences,History,Junior,Male,In-State,2.39,Enrolled
102977,2019,Arts & Sciences,Psychology,Sophomore,Female,In-State,3.54,Enrolled
102978,2019,Arts & Sciences,Psychology,Graduate,Male,Out-of-State,2.47,Enrolled
102979,2019,Arts & Sciences,Mathematics,Sophomore,Female,In-State,3.04,Enrolled
102980,2019,Arts & Sciences,Biology,Sophomore,Female,In-State,3.17,Enrolled
102981,2019,Arts & Sciences,History,Junior,Female,Out-of-State,3.31,Enrolled
102982,2019,Arts & Sciences,Mathematics,Junior,Male,International,4.0,Enrolled
102983,2019,Arts & Sciences,History,Freshman,Male,In-State,2.83,Enrolled
102984,2019,Arts & Sciences,Mathematics,Sophomore,Female,In-State,3.36,Enrolled
102985,2019,Arts & Sciences,History,Sophomore,Male,International,2.58,Enrolled
102986,2019,Arts & Sciences,Biology,Senior,Female,International,3.44,Enrolled
102987,2019,Arts & Sciences,Psychology,Freshman,Male,Out-of-State,2.82,Enrolled
102988,2019,Arts & Sciences,Psychology,Sophomore,Male,In-State,2.53,On Leave
102989,2019,Arts & Sciences,History,Freshman,Male,Out-of-State,2.8,Graduated
102990,2019,Arts & Sciences,Psychology,Sophomore,Female,In-State,4.0,Graduated
102991,2019,Arts & Sciences,Mathematics,Sophomore,Male,Out-of-State,2.59,Enrolled
102992,2019,Arts & Sciences,History,Freshman,Male,In-State,3.76,Withdrawn
102993,2019,Arts & Sciences,Biology,Freshman,Male,In-State,3.9,Graduated
102994,2019,Arts & Sciences,History,Senior,Male,In-State,3.21,Enrolled
102995,2019,Arts & Sciences,Biology,Sophomore,Female,In-State,3.03,Enrolled
102996,2019,Arts & Sciences,Mathematics,Senior,Female,In-State,3.61,Enrolled
102997,2019,Arts & Sciences,Psychology,Freshman,Female,Out-of-State,3.36,Graduated
102998,2019,Arts & Sciences,History,Sophomore,Female,In-State,3.59,Graduated
102999,2019,Arts & Sciences,Psychology,Freshman,Male,In-State,3.7,Enrolled
103000,2019,Arts & Sciences,Mathematics,Junior,Male,In-State,3.09,Withdrawn
103001,2019,Arts & Sciences,History,Graduate,Female,Out-of-State,3.29,Enrolled
103002,2019,Arts & Sciences,History,Senior,Female,International,2.91,Enrolled
103003,2019,Arts & Sciences,Psychology,Junior,Female,Out-of-State,2.81,Enrolled
103004,2019,Arts & Sciences,Mathematics,Junior,Female,In-State,2.79,Enrolled
103005,2019,Arts & Sciences,History,Graduate,Female,In-State,3.0,Enrolled
103006,2019,Arts & Sciences,History,Senior,Male,Out-of-State,3.16,Enrolled
103007,2019,Arts & Sciences,History,Sophomore,Male,Out-of-State,3.3,Enrolled
103008,2019,Arts & Sciences,Mathematics,Graduate,Female,In-State,4.0,Enrolled
103009,2019,Arts & Sciences,Psychology,Junior,Female,Out-of-State,3.57,Enrolled
103010,2019,Arts & Sciences,Psychology,Junior,Female,Out-of-State,3.69,Graduated
103011,2019,Arts & Sciences,Biology,Freshman,Female,Out-of-State,3.11,Enrolled
103012,2019,Arts & Sciences,Mathematics,Sophomore,Male,In-State,2.99,Enrolled
103013,2019,Arts & Sciences,History,Sophomore,Female,Out-of-State,2.95,Graduated
103014,2019,Arts & Sciences,History,Freshman,Male,Out-of-State,3.12,Enrolled
103015,2019,Arts & Sciences,Biology,Senior,Male,In-State,2.93,Enrolled
103016,2019,Arts & Sciences,Biology,Freshman,Female,Out-of-State,2.82,Enrolled
103017,2019,Arts & Sciences,History,Sophomore,Female,In-State,2.78,Enrolled
103018,2019,Arts & Sciences,History,Senior,Male,In-State,3.09,Enrolled
103019,2019,Arts & Sciences,Biology,Senior,Male,Out-of-State,3.25,Enrolled
103020,2019,Arts & Sciences,Mathematics,Sophomore,Female,Out-of-State,3.83,Enrolled
103021,2019,Arts & Sciences,Biology,Junior,Male,In-State,3.65,Enrolled
103022,2019,Arts & Sciences,Mathematics,Junior,Female,In-State,3.08,Graduated
103023,2019,Arts & Sciences,Biology,Sophomore,Female,International,3.44,Enrolled
103024,2019,Arts & Sciences,History,Freshman,Male,In-State,3.64,Enrolled
103025,2019,Arts & Sciences,History,Senior,Female,In-State,2.05,Enrolled
103026,2019,Arts & Sciences,History,Junior,Female,In-State,3.43,Enrolled
103027,2019,Arts & Sciences,Psychology,Junior,Male,In-State,2.5,Enrolled
103028,2019,Arts & Sciences,Psychology,Junior,Female,Out-of-State,2.94,Enrolled
103029,2019,Arts & Sciences,Biology,Senior,Female,International,3.48,Enrolled
103030,2019,Arts & Sciences,History,Senior,Male,International,3.52,Enrolled
103031,2019,Arts & Sciences,Biology,Senior,Male,Out-of-State,3.93,Enrolled
103032,2019,Arts & Sciences,History,Senior,Other,Out-of-State,2.98,Graduated
103033,2019,Arts & Sciences,Biology,Graduate,Male,Out-of-State,3.58,Enrolled
103034,2019,Arts & Sciences,Biology,Freshman,Female,In-State,3.32,Enrolled
103035,2019,Arts & Sciences,Mathematics,Senior,Female,Out-of-State,2.83,Enrolled
103036,2019,Arts & Sciences,Biology,Senior,Male,In-State,2.65,Graduated
103037,2019,Arts & Sciences,Biology,Sophomore,Female,In-State,3.25,Enrolled
103038,2019,Arts & Sciences,Mathematics,Sophomore,Female,In-State,2.54,Enrolled
103039,2019,Arts & Sciences,Biology,Sophomore,Female,In-State,2.91,Enrolled
103040,2019,Arts & Sciences,Psychology,Junior,Male,In-State,4.0,Enrolled
103041,2019,Arts & Sciences,Mathematics,Sophomore,Male,Out-of-State,3.54,Enrolled
103042,2019,Arts & Sciences,History,Senior,Female,In-State,3.44,Enrolled
103043,2019,Arts & Sciences,Biology,Junior,Female,International,3.07,On Leave
103044,2019,Arts & Sciences,Mathematics,Sophomore,Male,International,3.8,Graduated
103045,2019,Arts & Sciences,History,Senior,Female,In-State,3.54,Enrolled
103046,2019,Arts & Sciences,Psychology,Graduate,Female,International,3.94,Graduated
103047,2019,Arts & Sciences,History,Junior,Female,In-State,3.08,Enrolled
103048,2019,Arts & Sciences,History,Freshman,Male,In-State,2.53,Enrolled
103049,2020,Arts & Sciences,History,Freshman,Male,International,3.25,Enrolled
103050,2020,Arts & Sciences,Psychology,Senior,Female,International,4.0,Enrolled
103051,2020,Arts & Sciences,Biology,Junior,Female,In-State,2.05,Enrolled
103052,2020,Arts & Sciences,History,Senior,Female,Out-of-State,2.87,Enrolled
103053,2020,Arts & Sciences,Biology,Junior,Female,In-State,3.37,Enrolled
103054,2020,Arts & Sciences,Biology,Sophomore,Male,In-State,2.47,Withdrawn
103055,2020,Arts & Sciences,Psychology,Freshman,Male,In-State,3.12,Enrolled
103056,2020,Arts & Sciences,History,Sophomore,Female,In-State,3.44,Enrolled
103057,2020,Arts & Sciences,Biology,Senior,Female,Out-of-State,3.06,Enrolled
103058,2020,Arts & Sciences,Biology,Junior,Female,In-State,3.87,Graduated
103059,2020,Arts & Sciences,Psychology,Senior,Female,International,2.92,Enrolled
103060,2020,Arts & Sciences,Psychology,Freshman,Male,In-State,2.31,Enrolled
103061,2020,Arts & Sciences,Psychology,Sophomore,Female,Out-of-State,3.59,Enrolled
103062,2020,Arts & Sciences,Psychology,Freshman,Male,In-State,3.06,Withdrawn
103063,2020,Arts & Sciences,Psychology,Senior,Female,International,3.32,Enrolled
103064,2020,Arts & Sciences,Biology,Senior,Male,Out-of-State,2.97,Graduated
103065,2020,Arts & Sciences,Biology,Senior,Male,Out-of-State,3.91,Enrolled
103066,2020,Arts & Sciences,Mathematics,Junior,Female,In-State,4.0,Enrolled
103067,2020,Arts & Sciences,Psychology,Senior,Female,In-State,3.66,Enrolled
103068,2020,Arts & Sciences,History,Freshman,Female,In-State,3.19,Enrolled
103069,2020,Arts & Sciences,History,Freshman,Female,In-State,3.22,Graduated
103070,2020,Arts & Sciences,Biology,Senior,Male,Out-of-State,4.0,Enrolled
103071,2020,Arts & Sciences,Psychology,Freshman,Female,In-State,2.84,Withdrawn
103072,2020,Arts & Sciences,History,Freshman,Male,In-State,2.24,Enrolled
103073,2020,Arts & Sciences,Biology,Freshman,Male,Out-of-State,3.81,Enrolled
103074,2020,Arts & Sciences,Biology,Senior,Male,In-State,2.66,Enrolled
103075,2020,Arts & Sciences,History,Senior,Male,International,3.74,Enrolled
103076,2020,Arts & Sciences,Biology,Freshman,Female,International,3.5,Enrolled
103077,2020,Arts & Sciences,Biology,Sophomore,Female,In-State,2.99,Enrolled
103078,2020,Arts & Sciences,Biology,Senior,Male,Out-of-State,3.21,Enrolled
103079,2020,Arts & Sciences,Psychology,Sophomore,Male,In-State,3.2,Enrolled
103080,2020,Arts & Sciences,Mathematics,Freshman,Male,In-State,2.49,Withdrawn
103081,2020,Arts & Sciences,Mathematics,Graduate,Female,Out-of-State,3.75,Enrolled
103082,2020,Arts & Sciences,History,Senior,Male,Out-of-State,3.16,Enrolled
103083,2020,Arts & Sciences,History,Graduate,Female,In-State,3.97,Enrolled
103084,2020,Arts & Sciences,Biology,Sophomore,Female,International,3.2,Enrolled
103085,2020,Arts & Sciences,History,Graduate,Female,In-State,3.62,Enrolled
103086,2020,Arts & Sciences,Mathematics,Sophomore,Female,In-State,3.43,Enrolled
103087,2020,Arts & Sciences,Mathematics,Sophomore,Female,Out-of-State,3.82,Enrolled
103088,2020,Arts & Sciences,Mathematics,Freshman,Female,In-State,3.34,Enrolled
103089,2020,Arts & Sciences,History,Sophomore,Male,In-State,2.95,Graduated
103090,2020,Arts & Sciences,Mathematics,Freshman,Female,International,3.2,Withdrawn
103091,2020,Arts & Sciences,Mathematics,Graduate,Male,Out-of-State,3.72,Enrolled
103092,2020,Arts & Sciences,Psychology,Senior,Female,Out-of-State,3.22,Withdrawn
103093,2020,Arts & Sciences,Psychology,Sophomore,Female,Out-of-State,3.37,Enrolled
103094,2020,Arts & Sciences,Psychology,Graduate,Male,Out-of-State,2.78,Enrolled
103095,2020,Arts & Sciences,Mathematics,Freshman,Other,In-State,3.72,Graduated
103096,2020,Arts & Sciences,History,Sophomore,Female,In-State,3.06,Enrolled
103097,2020,Arts & Sciences,History,Freshman,Female,Out-of-State,2.59,Graduated
103098,2020,Arts & Sciences,Biology,Junior,Male,Out-of-State,3.45,Enrolled
103099,2020,Arts & Sciences,Biology,Senior,Other,In-State,3.62,Enrolled
103100,2020,Arts & Sciences,History,Sophomore,Female,In-State,2.26,Enrolled
103101,2020,Arts & Sciences,Mathematics,Sophomore,Female,In-State,3.31,Graduated
103102,2020,Arts & Sciences,Psychology,Junior,Male,International,3.75,Withdrawn
103103,2020,Arts & Sciences,Psychology,Junior,Male,International,2.6,Enrolled
103104,2020,Arts & Sciences,History,Junior,Female,International,3.76,Enrolled
103105,2020,Arts & Sciences,History,Sophomore,Female,In-State,4.0,Withdrawn
103106,2020,Arts & Sciences,History,Freshman,Male,In-State,3.21,Graduated
103107,2020,Arts & Sciences,History,Freshman,Female,In-State,3.27,Graduated
103108,2020,Arts & Sciences,Biology,Freshman,Female,In-State,3.65,Enrolled
103109,2020,Arts & Sciences,Mathematics,Senior,Male,Out-of-State,3.59,Enrolled
103110,2020,Arts & Sciences,Mathematics,Senior,Male,In-State,3.14,Graduated
103111,2020,Arts & Sciences,Psychology,Sophomore,Male,International,3.11,Withdrawn
103112,2020,Arts & Sciences,Psychology,Senior,Female,In-State,2.48,Enrolled
103113,2020,Arts & Sciences,Psychology,Senior,Male,International,3.56,On Leave
103114,2020,Arts & Sciences,Mathematics,Freshman,Male,In-State,2.9,Withdrawn
103115,2020,Arts & Sciences,Biology,Junior,Female,In-State,2.54,Enrolled
103116,2020,Arts & Sciences,History,Junior,Male,In-State,3.39,Enrolled
103117,2020,Arts & Sciences,Biology,Freshman,Female,In-State,3.23,Enrolled
103118,2020,Arts & Sciences,History,Junior,Male,Out-of-State,3.32,Enrolled
103119,2020,Arts & Sciences,Psychology,Sophomore,Female,In-State,2.67,Enrolled
103120,2020,Arts & Sciences,Psychology,Junior,Male,In-State,3.49,Enrolled
103121,2020,Arts & Sciences,Psychology,Junior,Female,In-State,3.26,Enrolled
103122,2020,Arts & Sciences,Biology,Junior,Female,In-State,3.14,On Leave
103123,2020,Arts & Sciences,History,Freshman,Female,International,3.61,Withdrawn
103124,2020,Arts & Sciences,Psychology,Sophomore,Male,In-State,2.92,Enrolled
103125,2020,Arts & Sciences,History,Senior,Male,Out-of-State,2.87,Enrolled
103126,2020,Arts & Sciences,Mathematics,Freshman,Female,In-State,2.74,Enrolled
103127,2020,Arts & Sciences,Biology,Senior,Male,In-State,2.84,Enrolled
103128,2020,Arts & Sciences,Psychology,Senior,Female,In-State,2.92,Enrolled
103129,2020,Arts & Sciences,Mathematics,Senior,Male,Out-of-State,3.93,Enrolled
103130,2020,Arts & Sciences,Mathematics,Sophomore,Female,In-State,3.18,Withdrawn
103131,2020,Arts & Sciences,Mathematics,Senior,Female,In-State,2.43,Graduated
103132,2020,Arts & Sciences,Biology,Freshman,Female,In-State,3.16,Graduated
103133,2020,Arts & Sciences,History,Graduate,Female,In-State,3.33,Graduated
103134,2020,Arts & Sciences,Biology,Freshman,Female,Out-of-State,3.24,Enrolled
103135,2020,Arts & Sciences,Psychology,Sophomore,Female,In-State,2.65,Graduated
103136,2020,Arts & Sciences,Biology,Senior,Female,In-State,3.12,Enrolled
103137,2020,Arts & Sciences,Mathematics,Freshman,Female,International,3.01,Enrolled
103138,2020,Arts & Sciences,History,Junior,Male,In-State,3.43,Enrolled
103139,2020,Arts & Sciences,Biology,Senior,Female,In-State,3.3,Enrolled
103140,2020,Arts & Sciences,Mathematics,Sophomore,Male,Out-of-State,3.14,Enrolled
103141,2020,Arts & Sciences,Biology,Junior,Male,In-State,3.31,Enrolled
103142,2020,Arts & Sciences,Mathematics,Sophomore,Female,In-State,3.35,Enrolled
103143,2020,Arts & Sciences,Biology,Junior,Male,In-State,3.12,Enrolled
103144,2020,Arts & Sciences,Biology,Freshman,Male,In-State,3.28,Enrolled
103145,2020,Arts & Sciences,History,Sophomore,Male,Out-of-State,2.27,Enrolled
103146,2020,Arts & Sciences,Psychology,Sophomore,Male,In-State,3.25,Enrolled
103147,2020,Arts & Sciences,Psychology,Junior,Female,International,2.89,Enrolled
103148,2020,Arts & Sciences,Mathematics,Sophomore,Female,Out-of-State,3.33,Enrolled
103149,2020,Arts & Sciences,Biology,Freshman,Female,International,3.63,Enrolled
103150,2020,Arts & Sciences,Biology,Sophomore,Male,In-State,3.21,Enrolled
103151,2020,Arts & Sciences,Psychology,Sophomore,Male,In-State,3.42,Enrolled
103152,2020,Arts & Sciences,Psychology,Sophomore,Male,In-State,4.0,Withdrawn
103153,2020,Arts & Sciences,Psychology,Freshman,Female,Out-of-State,3.76,Enrolled
103154,2020,Arts & Sciences,Biology,Sophomore,Female,In-State,3.01,Enrolled
103155,2020,Arts & Sciences,Psychology,Freshman,Female,Out-of-State,3.42,Enrolled
103156,2020,Arts & Sciences,Mathematics,Freshman,Male,In-State,3.42,On Leave
103157,2020,Arts & Sciences,Psychology,Sophomore,Male,In-State,3.77,Enrolled
103158,2020,Arts & Sciences,Biology,Freshman,Male,In-State,3.34,Enrolled
103159,2020,Arts & Sciences,Psychology,Sophomore,Female,Out-of-State,2.3,Enrolled
103160,2020,Arts & Sciences,Biology,Senior,Female,In-State,3.5,Enrolled
103161,2020,Arts & Sciences,Psychology,Junior,Male,In-State,2.97,Enrolled
103162,2020,Arts & Sciences,Psychology,Junior,Female,In-State,3.42,Enrolled
103163,2020,Arts & Sciences,Mathematics,Freshman,Female,In-State,3.22,Enrolled
103164,2020,Arts & Sciences,Mathematics,Junior,Female,In-State,3.98,Enrolled
103165,2020,Arts & Sciences,Biology,Freshman,Female,Out-of-State,3.93,Enrolled
103166,2020,Arts & Sciences,History,Freshman,Male,Out-of-State,3.67,Withdrawn
103167,2020,Arts & Sciences,Psychology,Senior,Female,In-State,2.83,Withdrawn
103168,2020,Arts & Sciences,Psychology,Sophomore,Male,In-State,3.41,Enrolled
103169,2020,Arts & Sciences,History,Freshman,Female,In-State,3.95,Graduated
103170,2020,Arts & Sciences,Mathematics,Sophomore,Female,International,3.63,Enrolled
103171,2020,Arts & Sciences,Mathematics,Sophomore,Female,In-State,2.81,Enrolled
103172,2020,Arts & Sciences,Mathematics,Sophomore,Female,Out-of-State,4.0,Enrolled
103173,2020,Arts & Sciences,Psychology,Graduate,Female,In-State,3.34,Enrolled
103174,2020,Arts & Sciences,Psychology,Senior,Female,International,3.19,Enrolled
103175,2020,Arts & Sciences,History,Sophomore,Male,In-State,2.88,Enrolled
103176,2020,Arts & Sciences,Psychology,Junior,Male,In-State,3.11,Withdrawn
103177,2020,Arts & Sciences,History,Senior,Male,In-State,3.34,Enrolled
103178,2020,Arts & Sciences,History,Graduate,Female,In-State,2.95,Enrolled
103179,2020,Arts & Sciences,Biology,Freshman,Female,In-State,2.85,Graduated
103180,2020,Arts & Sciences,Biology,Graduate,Male,Out-of-State,3.48,Enrolled
103181,2020,Arts & Sciences,Biology,Senior,Female,Out-of-State,3.25,Withdrawn
103182,2020,Arts & Sciences,History,Sophomore,Female,Out-of-State,3.1,Enrolled
103183,2020,Arts & Sciences,Psychology,Freshman,Male,In-State,2.86,Enrolled
103184,2020,Arts & Sciences,Psychology,Junior,Male,In-State,2.62,Enrolled
103185,2020,Arts & Sciences,Mathematics,Junior,Female,Out-of-State,3.34,Enrolled
103186,2020,Arts & Sciences,Psychology,Senior,Female,Out-of-State,2.7,Enrolled
103187,2020,Arts & Sciences,History,Freshman,Female,International,2.7,Enrolled
103188,2020,Arts & Sciences,History,Junior,Female,Out-of-State,3.13,Withdrawn
103189,2020,Arts & Sciences,Psychology,Sophomore,Male,Out-of-State,3.01,Enrolled
103190,2020,Arts & Sciences,Biology,Senior,Female,In-State,2.32,Enrolled
103191,2020,Arts & Sciences,History,Junior,Other,In-State,3.82,Enrolled
103192,2020,Arts & Sciences,Psychology,Graduate,Male,In-State,3.15,Enrolled
103193,2020,Arts & Sciences,History,Graduate,Female,In-State,3.4,Enrolled
103194,2020,Arts & Sciences,Psychology,Junior,Female,International,3.1,Enrolled
103195,2020,Arts & Sciences,Psychology,Senior,Female,In-State,3.51,Enrolled
103196,2020,Arts & Sciences,History,Freshman,Male,Out-of-State,3.42,Graduated
103197,2020,Arts & Sciences,History,Senior,Male,In-State,4.0,Enrolled
103198,2020,Arts & Sciences,Biology,Junior,Female,In-State,3.5,Enrolled
103199,2020,Arts & Sciences,History,Senior,Male,In-State,2.73,Graduated
103200,2020,Arts & Sciences,History,Senior,Female,In-State,2.78,Enrolled
103201,2020,Arts & Sciences,Psychology,Junior,Female,Out-of-State,3.72,Enrolled
103202,2020,Arts & Sciences,Psychology,Sophomore,Male,In-State,2.81,Enrolled
103203,2020,Arts & Sciences,History,Freshman,Male,In-State,3.12,Enrolled
103204,2020,Arts & Sciences,Biology,Graduate,Female,In-State,3.91,Enrolled
103205,2020,Arts & Sciences,Biology,Freshman,Female,In-State,2.85,Enrolled
103206,2020,Arts & Sciences,Mathematics,Freshman,Female,In-State,2.8,Enrolled
103207,2020,Arts & Sciences,Biology,Sophomore,Male,In-State,2.71,Enrolled
103208,2020,Arts & Sciences,Psychology,Freshman,Male,Out-of-State,3.04,Enrolled
103209,2020,Arts & Sciences,Psychology,Junior,Male,In-State,2.76,Withdrawn
103210,2021,Arts & Sciences,Mathematics,Freshman,Male,In-State,3.09,Enrolled
103211,2021,Arts & Sciences,Psychology,Senior,Female,In-State,3.29,Enrolled
103212,2021,Arts & Sciences,Psychology,Freshman,Female,Out-of-State,3.08,Enrolled
103213,2021,Arts & Sciences,Psychology,Junior,Female,International,2.61,Enrolled
103214,2021,Arts & Sciences,Psychology,Junior,Other,In-State,2.95,Graduated
103215,2021,Arts & Sciences,Mathematics,Sophomore,Male,In-State,2.96,Enrolled
103216,2021,Arts & Sciences,Psychology,Freshman,Male,Out-of-State,2.4,Graduated
103217,2021,Arts & Sciences,Biology,Senior,Male,Out-of-State,2.84,Enrolled
103218,2021,Arts & Sciences,Biology,Junior,Female,In-State,3.8,Enrolled
103219,2021,Arts & Sciences,History,Junior,Female,Out-of-State,2.97,Enrolled
103220,2021,Arts & Sciences,Mathematics,Junior,Female,Out-of-State,3.63,Enrolled
103221,2021,Arts & Sciences,Mathematics,Junior,Female,Out-of-State,3.85,Enrolled
103222,2021,Arts & Sciences,Mathematics,Freshman,Female,International,3.3,Withdrawn
103223,2021,Arts & Sciences,History,Junior,Female,In-State,2.42,Enrolled
103224,2021,Arts & Sciences,Biology,Sophomore,Female,Out-of-State,2.97,Enrolled
103225,2021,Arts & Sciences,History,Sophomore,Female,In-State,3.26,Enrolled
103226,2021,Arts & Sciences,Psychology,Freshman,Female,In-State,3.3,Withdrawn
103227,2021,Arts & Sciences,Psychology,Senior,Female,In-State,3.66,Graduated
103228,2021,Arts & Sciences,History,Senior,Female,In-State,3.1,Enrolled
103229,2021,Arts & Sciences,History,Graduate,Male,Out-of-State,3.59,Enrolled
103230,2021,Arts & Sciences,Psychology,Junior,Female,In-State,2.86,Enrolled
103231,2021,Arts & Sciences,History,Freshman,Male,International,2.96,Graduated
103232,2021,Arts & Sciences,Psychology,Junior,Female,In-State,2.76,Enrolled
103233,2021,Arts & Sciences,Biology,Sophomore,Male,In-State,3.22,Enrolled
103234,2021,Arts & Sciences,History,Freshman,Female,In-State,2.9,Enrolled
103235,2021,Arts & Sciences,Psychology,Freshman,Female,Out-of-State,3.82,Withdrawn
103236,2021,Arts & Sciences,Psychology,Freshman,Male,In-State,3.58,Enrolled
103237,2021,Arts & Sciences,Psychology,Sophomore,Male,In-State,2.74,Enrolled
103238,2021,Arts & Sciences,Biology,Sophomore,Female,In-State,3.14,Enrolled
103239,2021,Arts & Sciences,Mathematics,Sophomore,Female,In-State,2.75,Enrolled
103240,2021,Arts & Sciences,Psychology,Graduate,Female,In-State,3.1,Enrolled
103241,2021,Arts & Sciences,History,Junior,Female,International,2.71,Enrolled
103242,2021,Arts & Sciences,History,Junior,Other,In-State,3.58,Enrolled
103243,2021,Arts & Sciences,Mathematics,Sophomore,Male,In-State,2.4,Enrolled
103244,2021,Arts & Sciences,Biology,Sophomore,Female,In-State,3.73,Enrolled
103245,2021,Arts & Sciences,Biology,Senior,Male,Out-of-State,3.36,Enrolled
103246,2021,Arts & Sciences,Biology,Junior,Male,Out-of-State,3.13,Graduated
103247,2021,Arts & Sciences,Biology,Senior,Female,Out-of-State,2.84,Enrolled
103248,2021,Arts & Sciences,Mathematics,Junior,Male,In-State,4.0,Enrolled
103249,2021,Arts & Sciences,Biology,Senior,Male,Out-of-State,2.71,Enrolled
103250,2021,Arts & Sciences,History,Freshman,Female,In-State,3.38,Enrolled
103251,2021,Arts & Sciences,History,Sophomore,Female,In-State,3.09,Enrolled
103252,2021,Arts & Sciences,Psychology,Senior,Male,In-State,2.93,Enrolled
103253,2021,Arts & Sciences,Mathematics,Junior,Male,Out-of-State,2.97,Enrolled
103254,2021,Arts & Sciences,Mathematics,Freshman,Male,Out-of-State,2.3,Enrolled
103255,2021,Arts & Sciences,Mathematics,Senior,Male,In-State,3.07,Withdrawn
103256,2021,Arts & Sciences,Biology,Freshman,Female,In-State,3.08,Enrolled
103257,2021,Arts & Sciences,Biology,Freshman,Male,In-State,2.47,Enrolled
103258,2021,Arts & Sciences,History,Sophomore,Male,In-State,2.68,Enrolled
103259,2021,Arts & Sciences,Psychology,Junior,Male,In-State,2.64,Enrolled
103260,2021,Arts & Sciences,History,Junior,Male,In-State,2.78,Graduated
103261,2021,Arts & Sciences,Biology,Senior,Male,International,3.36,Enrolled
103262,2021,Arts & Sciences,History,Sophomore,Male,In-State,2.87,Enrolled
103263,2021,Arts & Sciences,Psychology,Freshman,Female,In-State,2.64,Enrolled
103264,2021,Arts & Sciences,History,Senior,Male,In-State,3.67,Enrolled
103265,2021,Arts & Sciences,Mathematics,Freshman,Female,International,2.49,Enrolled
103266,2021,Arts & Sciences,History,Freshman,Female,International,2.61,Graduated
103267,2021,Arts & Sciences,Biology,Sophomore,Male,In-State,2.41,Enrolled
103268,2021,Arts & Sciences,Biology,Junior,Female,Out-of-State,2.76,Enrolled
103269,2021,Arts & Sciences,Mathematics,Sophomore,Female,In-State,3.21,On Leave
103270,2021,Arts & Sciences,Mathematics,Junior,Female,In-State,2.91,Enrolled
103271,2021,Arts & Sciences,Mathematics,Sophomore,Male,In-State,2.92,Graduated
103272,2021,Arts & Sciences,Biology,Freshman,Male,In-State,3.29,Graduated
103273,2021,Arts & Sciences,Psychology,Senior,Female,In-State,3.46,Enrolled
103274,2021,Arts & Sciences,Mathematics,Junior,Female,In-State,2.92,Enrolled
103275,2021,Arts & Sciences,History,Freshman,Male,In-State,3.02,Enrolled
103276,2021,Arts & Sciences,Mathematics,Junior,Female,In-State,3.1,Graduated
103277,2021,Arts & Sciences,Biology,Senior,Female,In-State,2.93,Enrolled
103278,2021,Arts & Sciences,Mathematics,Junior,Male,Out-of-State,2.73,Enrolled
103279,2021,Arts & Sciences,Biology,Senior,Female,In-State,3.44,Enrolled
103280,2021,Arts & Sciences,Biology,Graduate,Male,In-State,3.31,Enrolled
103281,2021,Arts & Sciences,Biology,Graduate,Male,In-State,2.95,Enrolled
103282,2021,Arts & Sciences,Biology,Junior,Male,In-State,2.92,Enrolled
103283,2021,Arts & Sciences,History,Sophomore,Female,In-State,2.53,Enrolled
103284,2021,Arts & Sciences,Psychology,Junior,Male,In-State,3.8,Enrolled
103285,2021,Arts & Sciences,History,Freshman,Male,Out-of-State,3.51,Enrolled
103286,2021,Arts & Sciences,Psychology,Graduate,Male,In-State,3.16,Enrolled
103287,2021,Arts & Sciences,Mathematics,Senior,Male,In-State,3.7,Enrolled
103288,2021,Arts & Sciences,Psychology,Senior,Male,In-State,2.63,Enrolled
103289,2021,Arts & Sciences,Psychology,Sophomore,Female,Out-of-State,2.69,Enrolled
103290,2021,Arts & Sciences,Mathematics,Junior,Female,In-State,3.03,Enrolled
103291,2021,Arts & Sciences,History,Senior,Female,International,2.91,Enrolled
103292,2021,Arts & Sciences,Psychology,Senior,Male,In-State,3.2,Enrolled
103293,2021,Arts & Sciences,History,Graduate,Other,In-State,2.84,Withdrawn
103294,2021,Arts & Sciences,Psychology,Freshman,Female,In-State,3.17,Enrolled
103295,2021,Arts & Sciences,History,Freshman,Male,In-State,2.55,Enrolled
103296,2021,Arts & Sciences,Psychology,Sophomore,Male,In-State,2.29,Enrolled
103297,2021,Arts & Sciences,Psychology,Freshman,Female,In-State,2.93,Enrolled
103298,2021,Arts & Sciences,Mathematics,Freshman,Female,Out-of-State,2.42,Enrolled
103299,2021,Arts & Sciences,Psychology,Freshman,Male,In-State,2.95,Enrolled
103300,2021,Arts & Sciences,Psychology,Sophomore,Male,In-State,2.61,Enrolled
103301,2021,Arts & Sciences,Biology,Junior,Female,Out-of-State,2.87,Enrolled
103302,2021,Arts & Sciences,History,Graduate,Female,In-State,2.82,Enrolled
103303,2021,Arts & Sciences,Biology,Sophomore,Female,Out-of-State,2.68,Enrolled
103304,2021,Arts & Sciences,Mathematics,Junior,Female,Out-of-State,3.33,Graduated
103305,2021,Arts & Sciences,History,Freshman,Male,Out-of-State,4.0,Graduated
103306,2021,Arts & Sciences,Biology,Junior,Male,Out-of-State,3.43,Enrolled
103307,2021,Arts & Sciences,Mathematics,Freshman,Female,Out-of-State,2.75,Enrolled
103308,2021,Arts & Sciences,Mathematics,Senior,Male,Out-of-State,3.15,Enrolled
103309,2021,Arts & Sciences,Mathematics,Junior,Male,In-State,2.35,Enrolled
103310,2021,Arts & Sciences,Biology,Senior,Female,Out-of-State,3.71,Graduated
103311,2021,Arts & Sciences,Psychology,Sophomore,Male,In-State,3.4,Enrolled
103312,2021,Arts & Sciences,Mathematics,Freshman,Male,In-State,3.81,Enrolled
103313,2021,Arts & Sciences,Mathematics,Senior,Male,International,3.53,Enrolled
103314,2021,Arts & Sciences,History,Graduate,Male,In-State,2.99,Enrolled
103315,2021,Arts & Sciences,History,Sophomore,Female,Out-of-State,3.79,Withdrawn
103316,2021,Arts & Sciences,History,Junior,Female,Out-of-State,2.41,Enrolled
103317,2021,Arts & Sciences,History,Freshman,Male,In-State,3.1,Graduated
103318,2021,Arts & Sciences,Biology,Graduate,Female,In-State,4.0,Enrolled
103319,2021,Arts & Sciences,Biology,Junior,Male,In-State,2.94,Withdrawn
103320,2021,Arts & Sciences,Mathematics,Junior,Female,In-State,2.52,Enrolled
103321,2022,Arts & Sciences,Psychology,Senior,Female,Out-of-State,3.09,Enrolled
103322,2022,Arts & Sciences,Mathematics,Graduate,Female,Out-of-State,3.34,Enrolled
103323,2022,Arts & Sciences,Mathematics,Junior,Male,Out-of-State,3.02,Enrolled
103324,2022,Arts & Sciences,Biology,Freshman,Female,In-State,3.12,Enrolled
103325,2022,Arts & Sciences,History,Sophomore,Female,In-State,2.52,Enrolled
103326,2022,Arts & Sciences,Mathematics,Sophomore,Female,International,3.55,Enrolled
103327,2022,Arts & Sciences,Biology,Junior,Male,In-State,3.85,Enrolled
103328,2022,Arts & Sciences,Biology,Sophomore,Male,In-State,3.94,Withdrawn
103329,2022,Arts & Sciences,Mathematics,Senior,Female,In-State,3.95,Enrolled
103330,2022,Arts & Sciences,History,Junior,Male,In-State,3.34,Enrolled
103331,2022,Arts & Sciences,Psychology,Sophomore,Female,Out-of-State,4.0,Enrolled
103332,2022,Arts & Sciences,Mathematics,Freshman,Female,Out-of-State,3.14,Enrolled
103333,2022,Arts & Sciences,Psychology,Freshman,Female,In-State,2.4,Enrolled
103334,2022,Arts & Sciences,Psychology,Junior,Male,Out-of-State,3.27,Enrolled
103335,2022,Arts & Sciences,Mathematics,Sophomore,Female,In-State,3.15,On Leave
103336,2022,Arts & Sciences,Mathematics,Senior,Male,Out-of-State,3.4,Enrolled
103337,2022,Arts & Sciences,Biology,Junior,Female,Out-of-State,3.65,Enrolled
103338,2022,Arts & Sciences,Mathematics,Junior,Female,International,2.91,Enrolled
103339,2022,Arts & Sciences,Psychology,Freshman,Female,International,3.36,Withdrawn
103340,2022,Arts & Sciences,Biology,Sophomore,Male,In-State,4.0,Enrolled
103341,2022,Arts & Sciences,History,Senior,Male,Out-of-State,3.53,Withdrawn
103342,2022,Arts & Sciences,Psychology,Junior,Female,Out-of-State,3.6,Enrolled
103343,2022,Arts & Sciences,Mathematics,Senior,Female,In-State,3.8,Graduated
103344,2022,Arts & Sciences,Psychology,Freshman,Female,In-State,3.88,Enrolled
103345,2022,Arts & Sciences,Mathematics,Senior,Male,Out-of-State,3.03,Enrolled
103346,2022,Arts & Sciences,Mathematics,Freshman,Male,Out-of-State,2.64,Enrolled
103347,2022,Arts & Sciences,Mathematics,Graduate,Male,Out-of-State,3.36,Enrolled
103348,2022,Arts & Sciences,Biology,Graduate,Male,Out-of-State,3.13,Enrolled
103349,2022,Arts & Sciences,Psychology,Sophomore,Male,In-State,3.18,Graduated
103350,2022,Arts & Sciences,History,Sophomore,Female,In-State,3.31,Enrolled
103351,2022,Arts & Sciences,Psychology,Sophomore,Female,Out-of-State,3.43,Enrolled
103352,2022,Arts & Sciences,Biology,Sophomore,Male,International,3.52,Enrolled
103353,2022,Arts & Sciences,Mathematics,Junior,Male,Out-of-State,3.25,Enrolled
103354,2022,Arts & Sciences,History,Senior,Female,In-State,3.76,Enrolled
103355,2022,Arts & Sciences,Mathematics,Junior,Female,In-State,3.43,Enrolled
103356,2022,Arts & Sciences,Psychology,Senior,Male,International,2.56,Graduated
103357,2022,Arts & Sciences,Mathematics,Senior,Male,In-State,4.0,Enrolled
103358,2022,Arts & Sciences,Biology,Junior,Female,Out-of-State,3.98,Enrolled
103359,2022,Arts & Sciences,Mathematics,Junior,Female,In-State,3.5,Enrolled
103360,2022,Arts & Sciences,Mathematics,Junior,Female,In-State,3.28,Enrolled
103361,2022,Arts & Sciences,Psychology,Graduate,Other,Out-of-State,3.46,Enrolled
103362,2022,Arts & Sciences,Mathematics,Junior,Male,In-State,3.72,Enrolled
103363,2022,Arts & Sciences,Biology,Sophomore,Female,Out-of-State,3.3,Enrolled
103364,2022,Arts & Sciences,Psychology,Graduate,Female,International,2.69,Enrolled
103365,2022,Arts & Sciences,Biology,Sophomore,Male,In-State,3.0,Enrolled
103366,2022,Arts & Sciences,Psychology,Junior,Female,In-State,3.84,Enrolled
103367,2022,Arts & Sciences,Mathematics,Freshman,Other,Out-of-State,4.0,Graduated
103368,2022,Arts & Sciences,Biology,Junior,Female,International,2.97,Graduated
103369,2022,Arts & Sciences,History,Sophomore,Female,International,3.75,Graduated
103370,2022,Arts & Sciences,Biology,Freshman,Male,International,4.0,Enrolled
103371,2022,Arts & Sciences,Mathematics,Graduate,Male,In-State,2.86,Enrolled
103372,2022,Arts & Sciences,Mathematics,Junior,Female,In-State,3.04,Enrolled
103373,2022,Arts & Sciences,Biology,Freshman,Female,In-State,3.73,Graduated
103374,2022,Arts & Sciences,History,Freshman,Male,In-State,3.56,On Leave
103375,2022,Arts & Sciences,Psychology,Senior,Female,Out-of-State,3.66,Graduated
103376,2022,Arts & Sciences,Psychology,Senior,Male,Out-of-State,2.48,Enrolled
103377,2022,Arts & Sciences,Psychology,Senior,Female,In-State,3.78,Graduated
103378,2022,Arts & Sciences,Psychology,Senior,Male,In-State,3.03,Enrolled
103379,2022,Arts & Sciences,History,Junior,Male,In-State,3.39,Enrolled
103380,2022,Arts & Sciences,Biology,Freshman,Female,In-State,4.0,Enrolled
103381,2022,Arts & Sciences,History,Senior,Female,In-State,3.32,Graduated
103382,2022,Arts & Sciences,Biology,Freshman,Male,International,3.15,Enrolled
103383,2022,Arts & Sciences,Psychology,Senior,Other,Out-of-State,3.53,Withdrawn
103384,2022,Arts & Sciences,Mathematics,Freshman,Male,Out-of-State,4.0,Enrolled
103385,2022,Arts & Sciences,Mathematics,Freshman,Female,In-State,3.58,Enrolled
103386,2022,Arts & Sciences,Psychology,Freshman,Female,In-State,3.23,Enrolled
103387,2022,Arts & Sciences,History,Graduate,Female,In-State,3.06,Enrolled
103388,2022,Arts & Sciences,Psychology,Freshman,Male,In-State,3.65,Graduated
103389,2022,Arts & Sciences,Psychology,Graduate,Male,In-State,3.27,On Leave
103390,2022,Arts & Sciences,Psychology,Freshman,Female,In-State,2.85,Withdrawn
103391,2022,Arts & Sciences,Mathematics,Sophomore,Female,In-State,3.18,Enrolled
103392,2022,Arts & Sciences,Biology,Junior,Male,Out-of-State,3.37,Enrolled
103393,2022,Arts & Sciences,Biology,Freshman,Female,Out-of-State,3.75,Enrolled
103394,2022,Arts & Sciences,Psychology,Senior,Male,In-State,3.56,Enrolled
103395,2022,Arts & Sciences,Mathematics,Senior,Male,Out-of-State,3.1,Enrolled
103396,2022,Arts & Sciences,Psychology,Sophomore,Female,In-State,2.14,Enrolled
103397,2022,Arts & Sciences,Psychology,Senior,Female,In-State,3.18,Enrolled
103398,2022,Arts & Sciences,Mathematics,Junior,Male,In-State,3.41,Enrolled
103399,2022,Arts & Sciences,Psychology,Freshman,Female,In-State,3.0,Enrolled
103400,2022,Arts & Sciences,Mathematics,Sophomore,Female,In-State,3.66,Graduated
103401,2022,Arts & Sciences,Psychology,Senior,Female,In-State,3.74,Enrolled
103402,2022,Arts & Sciences,Mathematics,Senior,Female,Out-of-State,2.71,Graduated
103403,2022,Arts & Sciences,Biology,Sophomore,Female,International,3.93,Enrolled
103404,2022,Arts & Sciences,Mathematics,Freshman,Female,In-State,2.89,Enrolled
103405,2022,Arts & Sciences,Psychology,Junior,Male,Out-of-State,3.41,Enrolled
103406,2022,Arts & Sciences,Psychology,Junior,Female,In-State,3.38,Enrolled
103407,2022,Arts & Sciences,Psychology,Junior,Male,In-State,4.0,Enrolled
103408,2022,Arts & Sciences,Mathematics,Senior,Female,Out-of-State,3.55,Enrolled
103409,2022,Arts & Sciences,History,Junior,Female,In-State,2.4,Enrolled
103410,2022,Arts & Sciences,Psychology,Graduate,Female,In-State,3.45,Graduated
103411,2022,Arts & Sciences,Mathematics,Sophomore,Female,In-State,3.17,Enrolled
103412,2022,Arts & Sciences,Mathematics,Senior,Male,In-State,3.45,Enrolled
103413,2022,Arts & Sciences,Biology,Junior,Male,Out-of-State,3.55,Withdrawn
103414,2022,Arts & Sciences,Psychology,Sophomore,Male,In-State,2.96,Enrolled
103415,2022,Arts & Sciences,Psychology,Junior,Male,In-State,2.8,Enrolled
103416,2022,Arts & Sciences,Psychology,Senior,Female,International,3.68,Enrolled
103417,2022,Arts & Sciences,Biology,Freshman,Female,Out-of-State,3.08,Enrolled
103418,2022,Arts & Sciences,Mathematics,Junior,Male,In-State,3.66,Enrolled
103419,2022,Arts & Sciences,History,Sophomore,Male,In-State,3.25,Enrolled
103420,2022,Arts & Sciences,History,Junior,Female,In-State,3.08,Enrolled
103421,2022,Arts & Sciences,History,Freshman,Female,Out-of-State,2.87,Enrolled
103422,2022,Arts & Sciences,Mathematics,Freshman,Female,In-State,2.94,Enrolled
103423,2022,Arts & Sciences,Psychology,Sophomore,Female,Out-of-State,3.57,Enrolled
103424,2022,Arts & Sciences,Biology,Freshman,Male,In-State,3.56,Enrolled
103425,2022,Arts & Sciences,Mathematics,Junior,Male,Out-of-State,2.91,Enrolled
103426,2022,Arts & Sciences,Mathematics,Freshman,Male,In-State,2.96,Enrolled
103427,2022,Arts & Sciences,History,Graduate,Male,In-State,3.84,Enrolled
103428,2022,Arts & Sciences,History,Sophomore,Male,International,2.97,Enrolled
103429,2023,Arts & Sciences,Psychology,Freshman,Male,In-State,3.58,Enrolled
103430,2023,Arts & Sciences,Psychology,Sophomore,Male,Out-of-State,2.85,On Leave
103431,2023,Arts & Sciences,Biology,Sophomore,Male,Out-of-State,3.94,Enrolled
103432,2023,Arts & Sciences,Psychology,Sophomore,Female,International,3.63,Enrolled
103433,2023,Arts & Sciences,History,Graduate,Female,Out-of-State,2.69,Enrolled
103434,2023,Arts & Sciences,History,Junior,Male,In-State,3.24,Enrolled
103435,2023,Arts & Sciences,History,Freshman,Male,Out-of-State,4.0,Enrolled
103436,2023,Arts & Sciences,Psychology,Junior,Male,International,3.06,Enrolled
103437,2023,Arts & Sciences,Biology,Senior,Female,International,3.55,Enrolled
103438,2023,Arts & Sciences,Psychology,Senior,Female,In-State,3.95,Enrolled
103439,2023,Arts & Sciences,History,Junior,Female,Out-of-State,4.0,Withdrawn
103440,2023,Arts & Sciences,Psychology,Sophomore,Female,In-State,2.9,Enrolled
103441,2023,Arts & Sciences,Biology,Sophomore,Female,In-State,3.72,Enrolled
103442,2023,Arts & Sciences,Psychology,Junior,Male,Out-of-State,3.3,Graduated
103443,2023,Arts & Sciences,Psychology,Sophomore,Female,In-State,3.45,Enrolled
103444,2023,Arts & Sciences,Mathematics,Graduate,Male,In-State,2.75,Enrolled
103445,2023,Arts & Sciences,History,Freshman,Female,In-State,4.0,Enrolled
103446,2023,Arts & Sciences,Biology,Freshman,Male,In-State,3.1,Enrolled
103447,2023,Arts & Sciences,Mathematics,Senior,Male,In-State,3.86,Enrolled
103448,2023,Arts & Sciences,Psychology,Junior,Male,International,3.16,Enrolled
103449,2023,Arts & Sciences,History,Freshman,Female,Out-of-State,2.21,Enrolled
103450,2023,Arts & Sciences,Psychology,Sophomore,Female,International,3.83,Enrolled
103451,2023,Arts & Sciences,Biology,Sophomore,Female,Out-of-State,2.9,Enrolled
103452,2023,Arts & Sciences,Biology,Senior,Male,In-State,2.9,Enrolled
103453,2023,Arts & Sciences,Psychology,Senior,Male,In-State,3.1,On Leave
103454,2023,Arts & Sciences,History,Junior,Female,International,2.72,Enrolled
103455,2023,Arts & Sciences,Mathematics,Junior,Male,In-State,3.89,Enrolled
103456,2023,Arts & Sciences,Biology,Senior,Male,Out-of-State,3.48,Enrolled
103457,2023,Arts & Sciences,Mathematics,Junior,Female,Out-of-State,2.99,Enrolled
103458,2023,Arts & Sciences,Mathematics,Junior,Female,Out-of-State,3.7,Enrolled
103459,2023,Arts & Sciences,History,Junior,Male,In-State,3.53,Enrolled
103460,2023,Arts & Sciences,Mathematics,Freshman,Male,Out-of-State,3.53,Enrolled
103461,2023,Arts & Sciences,History,Junior,Female,Out-of-State,3.16,Graduated
103462,2023,Arts & Sciences,Mathematics,Sophomore,Male,In-State,3.1,Enrolled
103463,2023,Arts & Sciences,History,Sophomore,Male,In-State,3.55,Enrolled
103464,2023,Arts & Sciences,Biology,Sophomore,Female,Out-of-State,3.25,Enrolled
103465,2023,Arts & Sciences,Biology,Senior,Female,In-State,3.61,Graduated
103466,2023,Arts & Sciences,Psychology,Freshman,Male,In-State,4.0,Enrolled
103467,2023,Arts & Sciences,Psychology,Senior,Female,Out-of-State,3.64,Enrolled
103468,2023,Arts & Sciences,Mathematics,Freshman,Female,Out-of-State,2.6,Enrolled
103469,2023,Arts & Sciences,Psychology,Freshman,Female,Out-of-State,2.69,Withdrawn
103470,2023,Arts & Sciences,History,Junior,Female,Out-of-State,2.58,Enrolled
103471,2023,Arts & Sciences,Biology,Senior,Female,International,2.99,Enrolled
103472,2023,Arts & Sciences,History,Senior,Female,In-State,3.44,Enrolled
103473,2023,Arts & Sciences,Mathematics,Junior,Female,Out-of-State,3.08,Enrolled
103474,2023,Arts & Sciences,Mathematics,Graduate,Female,In-State,3.48,Enrolled
103475,2023,Arts & Sciences,Biology,Freshman,Male,In-State,3.44,On Leave
103476,2023,Arts & Sciences,Mathematics,Junior,Female,International,3.52,Enrolled
103477,2023,Arts & Sciences,History,Freshman,Female,In-State,3.6,Withdrawn
103478,2023,Arts & Sciences,Psychology,Freshman,Female,In-State,3.31,Enrolled
103479,2023,Arts & Sciences,Psychology,Freshman,Female,In-State,2.82,Enrolled
103480,2023,Arts & Sciences,History,Junior,Male,In-State,3.69,Enrolled
103481,2023,Arts & Sciences,Mathematics,Freshman,Male,In-State,2.98,Enrolled
103482,2023,Arts & Sciences,Psychology,Sophomore,Female,In-State,2.72,Enrolled
103483,2023,Arts & Sciences,History,Senior,Female,International,2.87,Enrolled
103484,2023,Arts & Sciences,Mathematics,Freshman,Male,In-State,3.76,Enrolled
103485,2023,Arts & Sciences,Mathematics,Junior,Male,In-State,2.58,Enrolled
103486,2023,Arts & Sciences,Biology,Freshman,Male,In-State,2.44,Enrolled
103487,2023,Arts & Sciences,Biology,Junior,Male,In-State,3.19,Enrolled
103488,2023,Arts & Sciences,Mathematics,Freshman,Male,In-State,4.0,Enrolled
103489,2023,Arts & Sciences,Psychology,Senior,Male,Out-of-State,3.39,Graduated
103490,2023,Arts & Sciences,Psychology,Senior,Female,In-State,3.87,Enrolled
103491,2023,Arts & Sciences,Psychology,Junior,Male,In-State,3.44,Enrolled
103492,2023,Arts & Sciences,Psychology,Junior,Male,Out-of-State,3.78,Enrolled
103493,2023,Arts & Sciences,Psychology,Senior,Male,Out-of-State,2.96,Enrolled
103494,2023,Arts & Sciences,Psychology,Senior,Male,International,2.91,Enrolled
103495,2023,Arts & Sciences,Biology,Freshman,Female,Out-of-State,3.59,Graduated
103496,2023,Arts & Sciences,Mathematics,Junior,Male,In-State,4.0,Enrolled
103497,2023,Arts & Sciences,History,Freshman,Male,Out-of-State,2.41,Enrolled
103498,2023,Arts & Sciences,Biology,Senior,Male,Out-of-State,3.64,Enrolled
103499,2023,Arts & Sciences,Mathematics,Freshman,Male,International,3.67,Enrolled
103500,2023,Arts & Sciences,History,Senior,Female,International,3.67,Enrolled
103501,2023,Arts & Sciences,Mathematics,Graduate,Female,Out-of-State,2.74,Graduated
103502,2023,Arts & Sciences,Mathematics,Senior,Male,Out-of-State,3.21,Graduated
103503,2023,Arts & Sciences,Mathematics,Freshman,Male,Out-of-State,2.98,Enrolled
103504,2023,Arts & Sciences,Mathematics,Sophomore,Other,Out-of-State,3.72,Enrolled
103505,2023,Arts & Sciences,History,Freshman,Female,Out-of-State,3.48,Graduated
103506,2024,Arts & Sciences,Biology,Junior,Female,In-State,3.92,Enrolled
103507,2024,Arts & Sciences,Biology,Sophomore,Female,In-State,3.6,Withdrawn
103508,2024,Arts & Sciences,Psychology,Freshman,Male,Out-of-State,4.0,Enrolled
103509,2024,Arts & Sciences,Psychology,Senior,Male,International,2.74,Enrolled
103510,2024,Arts & Sciences,Biology,Sophomore,Male,Out-of-State,3.5,Enrolled
103511,2024,Arts & Sciences,Biology,Senior,Female,In-State,3.31,Enrolled
103512,2024,Arts & Sciences,Biology,Freshman,Male,Out-of-State,3.08,Enrolled
103513,2024,Arts & Sciences,Mathematics,Sophomore,Male,Out-of-State,3.56,Enrolled
103514,2024,Arts & Sciences,Psychology,Junior,Female,In-State,3.5,Enrolled
103515,2024,Arts & Sciences,Mathematics,Sophomore,Male,International,3.68,Enrolled
103516,2024,Arts & Sciences,History,Sophomore,Male,Out-of-State,3.42,Withdrawn
103517,2024,Arts & Sciences,History,Freshman,Male,In-State,3.52,Enrolled
103518,2024,Arts & Sciences,History,Sophomore,Male,In-State,3.15,Enrolled
103519,2024,Arts & Sciences,Psychology,Junior,Female,In-State,3.19,Enrolled
103520,2024,Arts & Sciences,Mathematics,Senior,Male,In-State,2.57,Enrolled
103521,2024,Arts & Sciences,Psychology,Senior,Female,In-State,3.59,Graduated
103522,2024,Arts & Sciences,Psychology,Junior,Female,In-State,3.54,Enrolled
103523,2024,Arts & Sciences,Biology,Sophomore,Male,International,3.03,Enrolled
103524,2024,Arts & Sciences,History,Junior,Other,In-State,4.0,Graduated
103525,2024,Arts & Sciences,Mathematics,Sophomore,Female,In-State,3.09,Graduated
103526,2024,Arts & Sciences,Mathematics,Graduate,Female,Out-of-State,3.17,Enrolled
103527,2024,Arts & Sciences,Biology,Senior,Female,In-State,3.38,Enrolled
103528,2024,Arts & Sciences,Biology,Graduate,Female,Out-of-State,2.67,Enrolled
103529,2024,Arts & Sciences,Biology,Sophomore,Male,In-State,3.29,Enrolled
103530,2024,Arts & Sciences,Biology,Sophomore,Male,Out-of-State,3.25,Graduated
103531,2024,Arts & Sciences,History,Sophomore,Male,International,3.37,Graduated
103532,2024,Arts & Sciences,Psychology,Junior,Male,In-State,3.45,Enrolled
103533,2024,Arts & Sciences,History,Graduate,Female,International,4.0,Withdrawn
103534,2024,Arts & Sciences,Psychology,Freshman,Female,International,4.0,Enrolled
103535,2024,Arts & Sciences,Biology,Junior,Female,In-State,2.85,Enrolled
103536,2024,Arts & Sciences,Biology,Freshman,Male,Out-of-State,4.0,Enrolled
103537,2024,Arts & Sciences,Mathematics,Graduate,Male,In-State,3.57,Enrolled
103538,2024,Arts & Sciences,Mathematics,Junior,Male,Out-of-State,3.19,Enrolled
103539,2024,Arts & Sciences,Mathematics,Sophomore,Male,Out-of-State,4.0,Enrolled
103540,2024,Arts & Sciences,Biology,Senior,Male,In-State,3.14,Enrolled
103541,2024,Arts & Sciences,History,Senior,Female,In-State,3.44,Graduated
103542,2024,Arts & Sciences,Mathematics,Freshman,Male,In-State,3.93,Enrolled
103543,2024,Arts & Sciences,Biology,Freshman,Female,In-State,3.42,Enrolled
103544,2024,Arts & Sciences,Biology,Senior,Male,Out-of-State,3.46,Withdrawn
103545,2024,Arts & Sciences,Mathematics,Sophomore,Female,Out-of-State,2.72,Enrolled
103546,2024,Arts & Sciences,Mathematics,Freshman,Male,International,3.74,Enrolled
103547,2024,Arts & Sciences,Mathematics,Senior,Male,International,3.11,Withdrawn
103548,2024,Arts & Sciences,Biology,Sophomore,Female,In-State,3.56,Enrolled
103549,2024,Arts & Sciences,History,Graduate,Male,In-State,3.28,Graduated
103550,2024,Arts & Sciences,Psychology,Junior,Female,International,2.93,Enrolled
103551,2024,Arts & Sciences,Biology,Senior,Male,In-State,3.27,Graduated
103552,2024,Arts & Sciences,Biology,Freshman,Male,Out-of-State,3.24,On Leave
103553,2024,Arts & Sciences,Biology,Sophomore,Male,In-State,4.0,Enrolled
103554,2024,Arts & Sciences,Mathematics,Sophomore,Male,In-State,3.66,Enrolled
103555,2024,Arts & Sciences,History,Graduate,Male,International,3.48,Withdrawn
103556,2024,Arts & Sciences,Mathematics,Sophomore,Male,Out-of-State,3.2,Enrolled
103557,2024,Arts & Sciences,Biology,Graduate,Male,In-State,3.27,Enrolled
103558,2024,Arts & Sciences,History,Sophomore,Female,In-State,3.2,Enrolled
103559,2024,Arts & Sciences,Psychology,Freshman,Female,International,3.28,Enrolled
103560,2024,Arts & Sciences,Mathematics,Junior,Female,Out-of-State,3.18,Enrolled
103561,2024,Arts & Sciences,Psychology,Junior,Female,In-State,2.61,Enrolled
103562,2024,Arts & Sciences,Psychology,Senior,Male,In-State,3.4,Enrolled
103563,2024,Arts & Sciences,Biology,Junior,Other,Out-of-State,2.64,Graduated
103564,2024,Arts & Sciences,Biology,Junior,Male,In-State,3.36,Enrolled
103565,2024,Arts & Sciences,History,Senior,Female,In-State,2.7,Enrolled
103566,2024,Arts & Sciences,Mathematics,Sophomore,Female,In-State,2.89,Enrolled
103567,2024,Arts & Sciences,Biology,Junior,Female,In-State,3.39,Enrolled
103568,2024,Arts & Sciences,History,Sophomore,Female,In-State,2.8,Enrolled
103569,2024,Arts & Sciences,Biology,Junior,Male,In-State,4.0,Enrolled
103570,2024,Arts & Sciences,Biology,Graduate,Female,International,3.52,Enrolled
103571,2024,Arts & Sciences,History,Sophomore,Female,In-State,4.0,Enrolled
103572,2024,Arts & Sciences,Psychology,Sophomore,Female,In-State,3.78,Enrolled
103573,2024,Arts & Sciences,Mathematics,Graduate,Male,In-State,2.53,Enrolled
103574,2024,Arts & Sciences,Biology,Junior,Male,In-State,3.76,Enrolled
103575,2024,Arts & Sciences,History,Senior,Male,In-State,3.86,On Leave
103576,2024,Arts & Sciences,Biology,Sophomore,Male,In-State,3.12,Enrolled
103577,2024,Arts & Sciences,Mathematics,Senior,Other,Out-of-State,3.19,Enrolled
103578,2024,Arts & Sciences,Psychology,Senior,Male,In-State,3.07,Graduated
103579,2024,Arts & Sciences,Biology,Sophomore,Male,Out-of-State,3.1,Enrolled
103580,2024,Arts & Sciences,Mathematics,Sophomore,Female,Out-of-State,3.24,Enrolled
103581,2024,Arts & Sciences,Mathematics,Sophomore,Female,International,3.0,Enrolled
103582,2024,Arts & Sciences,Mathematics,Sophomore,Female,Out-of-State,3.86,On Leave
103583,2024,Arts & Sciences,Mathematics,Freshman,Male,Out-of-State,3.19,On Leave
103584,2024,Arts & Sciences,Psychology,Sophomore,Male,Out-of-State,3.37,Enrolled
103585,2024,Arts & Sciences,History,Freshman,Female,International,3.23,Enrolled
103586,2024,Arts & Sciences,Mathematics,Graduate,Female,In-State,3.55,Enrolled
103587,2024,Arts & Sciences,History,Junior,Female,In-State,3.75,Enrolled
103588,2024,Arts & Sciences,Psychology,Graduate,Male,Out-of-State,3.69,Enrolled
103589,2024,Arts & Sciences,Mathematics,Junior,Female,International,3.5,Graduated
103590,2024,Arts & Sciences,History,Sophomore,Male,Out-of-State,3.1,Graduated
103591,2024,Arts & Sciences,Psychology,Senior,Other,In-State,3.66,Enrolled
103592,2024,Arts & Sciences,Biology,Freshman,Male,Out-of-State,3.38,Enrolled
103593,2024,Arts & Sciences,Biology,Graduate,Female,Out-of-State,3.49,Enrolled
103594,2024,Arts & Sciences,Mathematics,Sophomore,Male,Out-of-State,3.4,Graduated
103595,2024,Arts & Sciences,Mathematics,Sophomore,Female,International,3.83,Enrolled
103596,2024,Arts & Sciences,Mathematics,Graduate,Female,In-State,3.53,Enrolled
103597,2024,Arts & Sciences,Biology,Junior,Other,In-State,3.78,Enrolled
103598,2024,Arts & Sciences,Psychology,Senior,Male,In-State,4.0,Enrolled
103599,2024,Arts & Sciences,Psychology,Senior,Female,International,3.51,Enrolled
103600,2024,Arts & Sciences,History,Freshman,Female,Out-of-State,4.0,On Leave
103601,2024,Arts & Sciences,Mathematics,Senior,Male,Out-of-State,2.88,Enrolled
103602,2024,Arts & Sciences,History,Sophomore,Male,Out-of-State,3.44,Enrolled
103603,2024,Arts & Sciences,Mathematics,Sophomore,Male,In-State,3.43,On Leave
103604,2024,Arts & Sciences,Biology,Sophomore,Male,In-State,3.38,Enrolled
103605,2024,Arts & Sciences,Mathematics,Freshman,Female,Out-of-State,3.18,Enrolled
103606,2024,Arts & Sciences,Psychology,Freshman,Other,International,3.12,Enrolled
103607,2024,Arts & Sciences,Psychology,Graduate,Male,International,2.87,Enrolled
103608,2024,Arts & Sciences,Psychology,Senior,Female,In-State,3.63,Enrolled
103609,2024,Arts & Sciences,History,Senior,Male,Out-of-State,2.71,On Leave
103610,2024,Arts & Sciences,History,Junior,Male,In-State,3.28,Enrolled
103611,2024,Arts & Sciences,Biology,Senior,Female,International,3.37,Graduated
103612,2024,Arts & Sciences,Psychology,Sophomore,Female,Out-of-State,3.69,Enrolled
103613,2024,Arts & Sciences,Biology,Senior,Male,In-State,3.02,Enrolled
103614,2024,Arts & Sciences,Biology,Sophomore,Male,Out-of-State,3.16,Enrolled
103615,2024,Arts & Sciences,History,Sophomore,Female,Out-of-State,3.95,Enrolled
103616,2024,Arts & Sciences,Mathematics,Junior,Female,In-State,3.52,Enrolled
103617,2024,Arts & Sciences,History,Sophomore,Male,In-State,3.44,Enrolled
103618,2024,Arts & Sciences,History,Freshman,Female,In-State,2.8,Enrolled
103619,2024,Arts & Sciences,Psychology,Freshman,Female,In-State,2.81,Enrolled
103620,2024,Arts & Sciences,History,Graduate,Male,In-State,2.62,Enrolled
103621,2024,Arts & Sciences,Mathematics,Senior,Female,Out-of-State,3.87,Enrolled
103622,2024,Arts & Sciences,Psychology,Sophomore,Male,In-State,3.89,Enrolled
103623,2024,Arts & Sciences,Psychology,Senior,Female,Out-of-State,4.0,Enrolled
103624,2024,Arts & Sciences,Mathematics,Freshman,Male,In-State,3.7,Enrolled
103625,2024,Arts & Sciences,History,Freshman,Female,Out-of-State,4.0,Enrolled
103626,2024,Arts & Sciences,Mathematics,Freshman,Male,In-State,2.82,Enrolled
103627,2024,Arts & Sciences,History,Sophomore,Male,In-State,3.49,Enrolled
103628,2024,Arts & Sciences,History,Freshman,Male,In-State,3.51,Enrolled
103629,2024,Arts & Sciences,History,Sophomore,Male,In-State,3.33,Graduated
103630,2024,Arts & Sciences,Psychology,Senior,Male,In-State,3.83,Graduated
103631,2024,Arts & Sciences,Mathematics,Graduate,Male,In-State,3.15,Enrolled
103632,2024,Arts & Sciences,Psychology,Senior,Male,In-State,3.91,Enrolled
103633,2024,Arts & Sciences,Mathematics,Freshman,Female,International,3.2,Enrolled
103634,2024,Arts & Sciences,Biology,Sophomore,Male,In-State,3.11,Withdrawn
103635,2024,Arts & Sciences,Biology,Senior,Female,In-State,3.81,Enrolled
103636,2024,Arts & Sciences,Biology,Junior,Male,In-State,3.58,Enrolled
103637,2024,Arts & Sciences,History,Graduate,Female,In-State,3.49,Enrolled
103638,2024,Arts & Sciences,History,Freshman,Male,In-State,3.3,On Leave
103639,2024,Arts & Sciences,Mathematics,Senior,Male,In-State,3.47,On Leave
103640,2024,Arts & Sciences,Biology,Freshman,Female,In-State,3.92,Enrolled
103641,2024,Arts & Sciences,History,Freshman,Male,In-State,3.99,Graduated
103642,2024,Arts & Sciences,Psychology,Senior,Female,In-State,3.43,Withdrawn
103643,2024,Arts & Sciences,Mathematics,Senior,Male,In-State,4.0,Enrolled
103644,2024,Arts & Sciences,Biology,Senior,Male,International,3.42,Withdrawn
103645,2024,Arts & Sciences,History,Senior,Female,In-State,2.85,Enrolled
103646,2024,Arts & Sciences,Biology,Junior,Other,In-State,2.15,Enrolled
103647,2024,Arts & Sciences,Psychology,Sophomore,Male,In-State,3.76,Enrolled
103648,2024,Arts & Sciences,History,Senior,Female,Out-of-State,3.44,Enrolled
103649,2024,Arts & Sciences,Mathematics,Junior,Male,In-State,3.41,Enrolled
103650,2024,Arts & Sciences,History,Senior,Female,Out-of-State,2.88,Enrolled
103651,2024,Arts & Sciences,Psychology,Junior,Female,In-State,3.16,Enrolled
103652,2024,Arts & Sciences,Psychology,Junior,Female,In-State,3.56,Enrolled
103653,2024,Arts & Sciences,Mathematics,Junior,Female,International,4.0,Enrolled
103654,2024,Arts & Sciences,Mathematics,Sophomore,Male,In-State,2.99,Enrolled
103655,2024,Arts & Sciences,History,Junior,Male,In-State,3.2,Enrolled
103656,2025,Arts & Sciences,Biology,Freshman,Female,In-State,2.42,Graduated
103657,2025,Arts & Sciences,Biology,Sophomore,Male,In-State,3.09,Enrolled
103658,2025,Arts & Sciences,Biology,Junior,Female,International,3.73,Enrolled
103659,2025,Arts & Sciences,Psychology,Graduate,Male,Out-of-State,3.11,Graduated
103660,2025,Arts & Sciences,Biology,Sophomore,Male,Out-of-State,3.64,Enrolled
103661,2025,Arts & Sciences,Mathematics,Freshman,Female,Out-of-State,2.94,Enrolled
103662,2025,Arts & Sciences,Psychology,Sophomore,Female,In-State,2.97,Withdrawn
103663,2025,Arts & Sciences,Psychology,Junior,Male,In-State,2.76,Enrolled
103664,2025,Arts & Sciences,Mathematics,Senior,Female,In-State,2.49,Enrolled
103665,2025,Arts & Sciences,Biology,Graduate,Male,Out-of-State,3.04,Enrolled
103666,2025,Arts & Sciences,Biology,Senior,Female,In-State,3.11,Enrolled
103667,2025,Arts & Sciences,Biology,Junior,Female,International,2.16,Enrolled
103668,2025,Arts & Sciences,Biology,Graduate,Male,In-State,1.94,Withdrawn
103669,2025,Arts & Sciences,Psychology,Freshman,Female,Out-of-State,3.41,Enrolled
103670,2025,Arts & Sciences,Biology,Senior,Female,In-State,3.24,Enrolled
103671,2025,Arts & Sciences,Mathematics,Graduate,Other,In-State,2.97,Enrolled
103672,2025,Arts & Sciences,History,Freshman,Female,In-State,2.86,Enrolled
103673,2025,Arts & Sciences,Psychology,Senior,Male,In-State,3.49,Graduated
103674,2025,Arts & Sciences,History,Freshman,Male,In-State,2.66,Enrolled
103675,2025,Arts & Sciences,Mathematics,Senior,Male,In-State,2.76,Enrolled
103676,2025,Arts & Sciences,Biology,Sophomore,Male,Out-of-State,3.15,Enrolled
103677,2025,Arts & Sciences,History,Senior,Male,In-State,3.65,Enrolled
103678,2025,Arts & Sciences,Mathematics,Freshman,Male,Out-of-State,2.83,Enrolled
103679,2025,Arts & Sciences,Psychology,Freshman,Male,In-State,3.2,Enrolled
103680,2025,Arts & Sciences,Biology,Junior,Male,In-State,2.74,Enrolled
103681,2025,Arts & Sciences,Biology,Freshman,Female,Out-of-State,2.91,Enrolled
103682,2025,Arts & Sciences,Psychology,Senior,Female,In-State,2.21,Enrolled
103683,2025,Arts & Sciences,Mathematics,Graduate,Male,In-State,3.06,Enrolled
103684,2025,Arts & Sciences,History,Sophomore,Female,In-State,3.15,Enrolled
103685,2025,Arts & Sciences,Biology,Sophomore,Male,In-State,2.65,Enrolled
103686,2025,Arts & Sciences,Mathematics,Freshman,Male,In-State,2.02,Enrolled
103687,2025,Arts & Sciences,Mathematics,Senior,Male,In-State,3.17,Enrolled
103688,2025,Arts & Sciences,Mathematics,Junior,Male,In-State,3.08,Graduated
103689,2025,Arts & Sciences,Biology,Freshman,Other,In-State,3.82,Enrolled
103690,2025,Arts & Sciences,Psychology,Freshman,Female,In-State,2.91,Enrolled
103691,2025,Arts & Sciences,Psychology,Sophomore,Male,In-State,3.0,Graduated
103692,2025,Arts & Sciences,Mathematics,Sophomore,Female,Out-of-State,2.82,Withdrawn
103693,2025,Arts & Sciences,Mathematics,Junior,Male,In-State,3.64,Enrolled
103694,2025,Arts & Sciences,Mathematics,Senior,Female,Out-of-State,2.87,Withdrawn
103695,2025,Arts & Sciences,Biology,Junior,Male,In-State,3.42,Enrolled
103696,2025,Arts & Sciences,Psychology,Junior,Female,In-State,3.14,Enrolled
103697,2025,Arts & Sciences,History,Freshman,Female,In-State,2.67,Enrolled
103698,2025,Arts & Sciences,History,Senior,Female,International,2.72,Enrolled
103699,2025,Arts & Sciences,Biology,Senior,Male,In-State,2.79,Graduated
103700,2025,Arts & Sciences,Biology,Sophomore,Male,International,4.0,Enrolled
103701,2025,Arts & Sciences,Psychology,Junior,Female,In-State,3.41,Enrolled
103702,2025,Arts & Sciences,Mathematics,Junior,Female,Out-of-State,3.45,Enrolled
103703,2025,Arts & Sciences,Mathematics,Graduate,Male,International,3.96,On Leave
103704,2025,Arts & Sciences,History,Sophomore,Male,In-State,3.13,Enrolled
103705,2025,Arts & Sciences,Mathematics,Senior,Female,Out-of-State,3.15,Enrolled
103706,2025,Arts & Sciences,Psychology,Freshman,Male,Out-of-State,3.35,Enrolled
103707,2025,Arts & Sciences,Biology,Freshman,Male,Out-of-State,3.53,Enrolled
103708,2025,Arts & Sciences,Biology,Senior,Male,Out-of-State,2.73,Enrolled
103709,2025,Arts & Sciences,Biology,Sophomore,Female,In-State,3.12,Graduated
103710,2025,Arts & Sciences,Biology,Senior,Female,In-State,3.39,Enrolled
103711,2025,Arts & Sciences,History,Freshman,Female,International,3.07,On Leave
103712,2025,Arts & Sciences,History,Freshman,Female,In-State,3.65,Enrolled
103713,2025,Arts & Sciences,Psychology,Senior,Female,In-State,3.57,Enrolled
103714,2025,Arts & Sciences,Psychology,Sophomore,Female,In-State,3.35,Enrolled
103715,2025,Arts & Sciences,Biology,Freshman,Male,In-State,2.92,Graduated
103716,2025,Arts & Sciences,Mathematics,Freshman,Female,International,3.05,Enrolled
103717,2025,Arts & Sciences,Biology,Graduate,Male,Out-of-State,3.06,Enrolled
103718,2025,Arts & Sciences,Mathematics,Junior,Male,In-State,3.19,Graduated
103719,2025,Arts & Sciences,History,Junior,Female,Out-of-State,3.54,On Leave
103720,2025,Arts & Sciences,Mathematics,Senior,Male,In-State,3.73,Enrolled
103721,2025,Arts & Sciences,Biology,Freshman,Female,In-State,2.49,Graduated
103722,2025,Arts & Sciences,Biology,Freshman,Female,In-State,2.68,Enrolled
103723,2025,Arts & Sciences,Biology,Senior,Male,Out-of-State,3.14,Enrolled
103724,2025,Arts & Sciences,Mathematics,Junior,Female,In-State,3.03,Enrolled
103725,2025,Arts & Sciences,Mathematics,Graduate,Male,Out-of-State,4.0,Enrolled
103726,2025,Arts & Sciences,History,Freshman,Male,In-State,3.53,Enrolled
103727,2025,Arts & Sciences,Biology,Freshman,Male,Out-of-State,2.85,Enrolled
103728,2025,Arts & Sciences,History,Junior,Male,In-State,2.56,Enrolled
103729,2025,Arts & Sciences,Psychology,Senior,Female,International,3.48,Enrolled
103730,2025,Arts & Sciences,Psychology,Freshman,Female,In-State,3.8,Enrolled
103731,2025,Arts & Sciences,Mathematics,Junior,Female,International,3.19,Enrolled
103732,2025,Arts & Sciences,Biology,Senior,Female,In-State,3.46,Enrolled
103733,2025,Arts & Sciences,Mathematics,Senior,Male,In-State,2.35,Enrolled
103734,2025,Arts & Sciences,Psychology,Sophomore,Female,In-State,3.35,Enrolled
103735,2025,Arts & Sciences,Mathematics,Senior,Male,In-State,3.2,Enrolled
103736,2025,Arts & Sciences,History,Junior,Male,Out-of-State,3.21,Enrolled
103737,2025,Arts & Sciences,History,Senior,Male,In-State,3.49,Graduated
103738,2025,Arts & Sciences,Mathematics,Sophomore,Male,Out-of-State,2.33,Graduated
103739,2025,Arts & Sciences,History,Freshman,Male,In-State,2.6,On Leave
103740,2025,Arts & Sciences,Psychology,Sophomore,Female,In-State,3.29,Enrolled
103741,2025,Arts & Sciences,Psychology,Freshman,Female,In-State,2.45,Enrolled
103742,2025,Arts & Sciences,History,Sophomore,Male,In-State,2.84,Withdrawn
103743,2025,Arts & Sciences,History,Freshman,Female,Out-of-State,2.92,Withdrawn
103744,2025,Arts & Sciences,Mathematics,Junior,Female,Out-of-State,3.32,Enrolled
103745,2025,Arts & Sciences,History,Senior,Male,Out-of-State,3.94,Enrolled
103746,2025,Arts & Sciences,Biology,Junior,Female,Out-of-State,3.11,Enrolled
103747,2025,Arts & Sciences,Mathematics,Sophomore,Female,Out-of-State,3.22,Enrolled
103748,2025,Arts & Sciences,Mathematics,Senior,Other,In-State,3.18,Enrolled
103749,2025,Arts & Sciences,Psychology,Sophomore,Female,Out-of-State,3.84,Enrolled
103750,2025,Arts & Sciences,Mathematics,Freshman,Female,In-State,3.33,Enrolled
103751,2025,Arts & Sciences,Psychology,Sophomore,Male,International,3.57,Enrolled
103752,2025,Arts & Sciences,Biology,Sophomore,Female,Out-of-State,3.77,Enrolled
103753,2025,Arts & Sciences,Mathematics,Sophomore,Female,In-State,2.78,Withdrawn
103754,2025,Arts & Sciences,History,Sophomore,Female,In-State,3.44,Enrolled
103755,2025,Arts & Sciences,Biology,Sophomore,Male,In-State,3.53,Enrolled
103756,2025,Arts & Sciences,History,Sophomore,Female,Out-of-State,2.75,Withdrawn
103757,2025,Arts & Sciences,Mathematics,Freshman,Female,Out-of-State,3.25,Enrolled
103758,2025,Arts & Sciences,Biology,Freshman,Male,International,2.44,Enrolled
103759,2025,Arts & Sciences,Biology,Sophomore,Male,In-State,3.28,Enrolled
103760,2025,Arts & Sciences,History,Freshman,Female,Out-of-State,3.82,Enrolled
103761,2025,Arts & Sciences,Mathematics,Freshman,Male,In-State,3.03,Enrolled
103762,2025,Arts & Sciences,Biology,Junior,Male,In-State,3.33,Enrolled
103763,2025,Arts & Sciences,Psychology,Junior,Female,In-State,3.75,Enrolled
103764,2025,Arts & Sciences,History,Sophomore,Female,In-State,3.52,Enrolled
103765,2025,Arts & Sciences,Biology,Sophomore,Male,Out-of-State,2.22,Enrolled
103766,2025,Arts & Sciences,Psychology,Sophomore,Male,In-State,3.65,Enrolled
103767,2025,Arts & Sciences,Psychology,Graduate,Male,Out-of-State,2.38,Enrolled
103768,2025,Arts & Sciences,History,Sophomore,Male,Out-of-State,3.52,Enrolled
103769,2025,Arts & Sciences,Biology,Freshman,Female,In-State,2.35,Enrolled
103770,2025,Arts & Sciences,Biology,Junior,Male,In-State,3.49,Enrolled
103771,2025,Arts & Sciences,Mathematics,Senior,Female,Out-of-State,4.0,Enrolled
103772,2025,Arts & Sciences,Psychology,Sophomore,Male,In-State,3.0,Graduated
103773,2025,Arts & Sciences,History,Sophomore,Female,International,3.31,Enrolled
103774,2025,Arts & Sciences,History,Freshman,Female,Out-of-State,3.39,Enrolled
103775,2025,Arts & Sciences,Mathematics,Sophomore,Male,Out-of-State,3.42,Enrolled
103776,2025,Arts & Sciences,History,Junior,Female,In-State,3.11,Enrolled
103777,2025,Arts & Sciences,Mathematics,Sophomore,Male,In-State,3.28,Withdrawn
103778,2025,Arts & Sciences,Biology,Junior,Male,Out-of-State,3.38,Enrolled
103779,2025,Arts & Sciences,Mathematics,Sophomore,Male,In-State,3.28,Withdrawn
103780,2025,Arts & Sciences,Biology,Sophomore,Female,Out-of-State,3.27,Withdrawn
103781,2025,Arts & Sciences,Mathematics,Freshman,Female,Out-of-State,2.71,Withdrawn
103782,2025,Arts & Sciences,History,Graduate,Male,International,3.34,Enrolled
103783,2025,Arts & Sciences,Psychology,Freshman,Female,In-State,2.43,Enrolled
103784,2025,Arts & Sciences,Biology,Sophomore,Female,In-State,3.17,Enrolled
103785,2025,Arts & Sciences,History,Senior,Male,In-State,3.09,Enrolled
103786,2025,Arts & Sciences,Biology,Junior,Female,Out-of-State,2.94,Graduated
103787,2025,Arts & Sciences,Mathematics,Freshman,Male,Out-of-State,2.69,Enrolled
103788,2025,Arts & Sciences,Biology,Senior,Male,In-State,3.33,Enrolled
103789,2025,Arts & Sciences,History,Freshman,Female,In-State,2.13,Enrolled
103790,2025,Arts & Sciences,Mathematics,Senior,Male,In-State,2.68,Graduated
103791,2025,Arts & Sciences,Biology,Senior,Female,International,3.63,Enrolled
103792,2025,Arts & Sciences,Psychology,Sophomore,Female,In-State,3.01,Enrolled
103793,2025,Arts & Sciences,Biology,Junior,Female,In-State,3.35,Enrolled
103794,2025,Arts & Sciences,Psychology,Sophomore,Female,In-State,3.0,Enrolled
103795,2025,Arts & Sciences,Psychology,Graduate,Male,International,3.7,Enrolled
103796,2025,Arts & Sciences,Mathematics,Senior,Female,In-State,3.55,Enrolled
103797,2025,Arts & Sciences,History,Senior,Male,In-State,2.32,Enrolled
103798,2025,Arts & Sciences,Biology,Senior,Female,In-State,3.36,Enrolled
103799,2025,Arts & Sciences,Mathematics,Senior,Female,In-State,3.46,Enrolled
103800,2025,Arts & Sciences,Psychology,Senior,Female,In-State,3.39,Enrolled
103801,2025,Arts & Sciences,Mathematics,Sophomore,Male,In-State,3.34,Withdrawn
103802,2025,Arts & Sciences,History,Senior,Male,Out-of-State,3.07,Enrolled
103803,2025,Arts & Sciences,Biology,Senior,Female,In-State,2.54,Enrolled
103804,2025,Arts & Sciences,History,Senior,Female,Out-of-State,3.26,Enrolled
103805,2025,Arts & Sciences,Psychology,Graduate,Male,In-State,4.0,Enrolled
103806,2025,Arts & Sciences,Mathematics,Freshman,Female,Out-of-State,2.99,Withdrawn
103807,2025,Arts & Sciences,Mathematics,Sophomore,Female,In-State,3.12,Enrolled
103808,2025,Arts & Sciences,Biology,Junior,Female,International,3.08,Enrolled
103809,2025,Arts & Sciences,History,Sophomore,Male,In-State,3.12,Enrolled
103810,2025,Arts & Sciences,Biology,Senior,Male,In-State,2.69,Enrolled
103811,2025,Arts & Sciences,Psychology,Freshman,Female,Out-of-State,3.07,Enrolled
103812,2025,Arts & Sciences,Mathematics,Freshman,Female,Out-of-State,3.26,Enrolled
103813,2025,Arts & Sciences,Mathematics,Freshman,Male,Out-of-State,3.46,Enrolled
103814,2025,Arts & Sciences,History,Freshman,Male,International,3.32,Enrolled
103815,2025,Arts & Sciences,History,Senior,Female,In-State,2.86,Enrolled
103816,2025,Arts & Sciences,Biology,Junior,Male,In-State,3.6,Enrolled
103817,2025,Arts & Sciences,Biology,Freshman,Male,In-State,3.3,Enrolled
103818,2025,Arts & Sciences,Biology,Junior,Female,In-State,3.06,Enrolled
103819,2025,Arts & Sciences,Biology,Freshman,Female,In-State,2.98,Enrolled
103820,2025,Arts & Sciences,Psychology,Freshman,Female,In-State,2.98,Enrolled
103821,2025,Arts & Sciences,Biology,Graduate,Male,In-State,3.63,Enrolled
103822,2025,Arts & Sciences,Mathematics,Junior,Female,In-State,3.47,Enrolled
103823,2025,Arts & Sciences,Biology,Freshman,Male,In-State,3.47,Enrolled
103824,2025,Arts & Sciences,History,Sophomore,Female,In-State,3.87,Enrolled
103825,2025,Arts & Sciences,History,Junior,Male,Out-of-State,3.73,Enrolled
103826,2025,Arts & Sciences,Mathematics,Sophomore,Female,Out-of-State,2.75,Enrolled
103827,2015,Education,Curriculum,Junior,Female,In-State,3.5,Enrolled
103828,2015,Education,Curriculum,Freshman,Male,International,2.97,Enrolled
103829,2015,Education,Elementary Ed,Sophomore,Female,Out-of-State,2.71,Enrolled
103830,2015,Education,Curriculum,Senior,Female,In-State,2.47,Enrolled
103831,2015,Education,Special Ed,Senior,Female,International,3.57,Enrolled
103832,2015,Education,Elementary Ed,Freshman,Male,In-State,2.7,Enrolled
103833,2015,Education,Elementary Ed,Senior,Male,Out-of-State,3.28,Enrolled
103834,2015,Education,Elementary Ed,Graduate,Female,International,2.55,Enrolled
103835,2015,Education,Elementary Ed,Senior,Female,In-State,2.47,Enrolled
103836,2015,Education,Curriculum,Sophomore,Male,Out-of-State,2.89,Enrolled
103837,2015,Education,Curriculum,Sophomore,Female,Out-of-State,2.63,Enrolled
103838,2015,Education,Curriculum,Senior,Male,International,3.43,Enrolled
103839,2015,Education,Special Ed,Freshman,Male,In-State,2.4,Enrolled
103840,2015,Education,Curriculum,Freshman,Female,Out-of-State,3.06,Enrolled
103841,2015,Education,Elementary Ed,Senior,Female,Out-of-State,2.92,Withdrawn
103842,2015,Education,Special Ed,Graduate,Female,Out-of-State,3.27,Enrolled
103843,2015,Education,Curriculum,Junior,Female,Out-of-State,2.5,Withdrawn
103844,2015,Education,Curriculum,Senior,Female,Out-of-State,2.95,Enrolled
103845,2015,Education,Curriculum,Junior,Female,In-State,2.6,Enrolled
103846,2015,Education,Special Ed,Junior,Male,Out-of-State,3.07,Graduated
103847,2015,Education,Special Ed,Freshman,Female,In-State,2.23,Enrolled
103848,2015,Education,Special Ed,Sophomore,Female,In-State,3.63,Graduated
103849,2015,Education,Curriculum,Graduate,Female,Out-of-State,3.43,Enrolled
103850,2015,Education,Curriculum,Graduate,Female,International,2.47,Enrolled
103851,2015,Education,Curriculum,Freshman,Male,Out-of-State,2.84,Graduated
103852,2015,Education,Special Ed,Senior,Female,In-State,3.41,Graduated
103853,2015,Education,Elementary Ed,Freshman,Male,In-State,2.81,Enrolled
103854,2015,Education,Special Ed,Sophomore,Female,Out-of-State,2.29,Enrolled
103855,2015,Education,Curriculum,Sophomore,Male,Out-of-State,2.54,On Leave
103856,2015,Education,Curriculum,Freshman,Male,In-State,2.95,Enrolled
103857,2015,Education,Elementary Ed,Graduate,Male,Out-of-State,2.7,Enrolled
103858,2015,Education,Elementary Ed,Sophomore,Female,In-State,3.0,Withdrawn
103859,2015,Education,Elementary Ed,Freshman,Female,In-State,2.52,Enrolled
103860,2015,Education,Elementary Ed,Freshman,Female,Out-of-State,2.82,Graduated
103861,2015,Education,Special Ed,Freshman,Male,In-State,2.74,Withdrawn
103862,2015,Education,Elementary Ed,Freshman,Male,In-State,2.97,Enrolled
103863,2015,Education,Curriculum,Senior,Female,Out-of-State,2.14,Enrolled
103864,2015,Education,Elementary Ed,Sophomore,Female,Out-of-State,3.12,Enrolled
103865,2015,Education,Elementary Ed,Sophomore,Female,In-State,2.57,Enrolled
103866,2015,Education,Special Ed,Senior,Female,Out-of-State,3.22,Enrolled
103867,2015,Education,Curriculum,Sophomore,Male,In-State,2.38,Enrolled
103868,2015,Education,Special Ed,Junior,Female,In-State,2.95,Enrolled
103869,2015,Education,Special Ed,Freshman,Female,International,2.51,Enrolled
103870,2015,Education,Elementary Ed,Junior,Male,Out-of-State,3.28,Enrolled
103871,2015,Education,Curriculum,Sophomore,Female,In-State,2.15,Enrolled
103872,2015,Education,Curriculum,Senior,Male,International,2.78,On Leave
103873,2015,Education,Curriculum,Sophomore,Female,In-State,2.27,Enrolled
103874,2016,Education,Elementary Ed,Freshman,Male,In-State,3.98,Enrolled
103875,2016,Education,Elementary Ed,Graduate,Male,International,2.72,Enrolled
103876,2016,Education,Curriculum,Sophomore,Male,In-State,3.22,Enrolled
103877,2016,Education,Special Ed,Freshman,Male,In-State,3.49,Graduated
103878,2016,Education,Elementary Ed,Senior,Male,In-State,4.0,Enrolled
103879,2016,Education,Special Ed,Freshman,Female,In-State,3.07,Graduated
103880,2016,Education,Special Ed,Graduate,Male,Out-of-State,3.21,Enrolled
103881,2016,Education,Elementary Ed,Junior,Male,In-State,3.52,Withdrawn
103882,2016,Education,Elementary Ed,Sophomore,Male,Out-of-State,3.76,Graduated
103883,2016,Education,Curriculum,Freshman,Male,International,3.63,Enrolled
103884,2016,Education,Elementary Ed,Sophomore,Male,In-State,2.22,Graduated
103885,2016,Education,Curriculum,Junior,Female,In-State,2.92,Enrolled
103886,2016,Education,Curriculum,Freshman,Male,In-State,2.76,Enrolled
103887,2016,Education,Special Ed,Senior,Male,International,2.71,Enrolled
103888,2016,Education,Curriculum,Junior,Female,International,3.73,Enrolled
103889,2016,Education,Elementary Ed,Junior,Female,Out-of-State,2.78,Enrolled
103890,2016,Education,Elementary Ed,Freshman,Male,Out-of-State,3.64,Enrolled
103891,2016,Education,Curriculum,Freshman,Male,International,3.6,Enrolled
103892,2016,Education,Elementary Ed,Sophomore,Female,Out-of-State,2.9,Enrolled
103893,2016,Education,Special Ed,Sophomore,Male,In-State,3.65,Graduated
103894,2016,Education,Special Ed,Graduate,Female,In-State,3.3,Enrolled
103895,2016,Education,Curriculum,Senior,Female,Out-of-State,3.3,Enrolled
103896,2016,Education,Elementary Ed,Freshman,Male,Out-of-State,3.07,Enrolled
103897,2016,Education,Curriculum,Sophomore,Male,Out-of-State,2.73,Enrolled
103898,2016,Education,Elementary Ed,Senior,Male,In-State,3.39,Enrolled
103899,2016,Education,Curriculum,Senior,Male,Out-of-State,2.55,Enrolled
103900,2016,Education,Curriculum,Freshman,Female,In-State,4.0,Enrolled
103901,2016,Education,Curriculum,Freshman,Male,Out-of-State,3.74,Enrolled
103902,2016,Education,Curriculum,Junior,Male,In-State,2.47,Enrolled
103903,2016,Education,Curriculum,Junior,Female,In-State,3.88,Graduated
103904,2016,Education,Elementary Ed,Sophomore,Female,International,4.0,Enrolled
103905,2016,Education,Elementary Ed,Sophomore,Female,In-State,3.51,Graduated
103906,2016,Education,Curriculum,Freshman,Female,In-State,3.78,Enrolled
103907,2016,Education,Curriculum,Senior,Female,In-State,4.0,Enrolled
103908,2016,Education,Curriculum,Junior,Female,Out-of-State,3.28,On Leave
103909,2016,Education,Special Ed,Senior,Female,In-State,3.47,Graduated
103910,2016,Education,Curriculum,Freshman,Male,In-State,3.3,Enrolled
103911,2016,Education,Special Ed,Sophomore,Female,International,3.41,Enrolled
103912,2016,Education,Elementary Ed,Junior,Female,In-State,3.31,Enrolled
103913,2016,Education,Curriculum,Senior,Male,In-State,3.56,Enrolled
103914,2016,Education,Elementary Ed,Senior,Female,Out-of-State,3.46,Enrolled
103915,2016,Education,Curriculum,Junior,Female,In-State,2.63,Enrolled
103916,2016,Education,Special Ed,Sophomore,Male,Out-of-State,2.61,Enrolled
103917,2016,Education,Curriculum,Graduate,Female,Out-of-State,3.42,Enrolled
103918,2016,Education,Elementary Ed,Sophomore,Female,In-State,3.56,Enrolled
103919,2016,Education,Special Ed,Junior,Female,Out-of-State,3.57,On Leave
103920,2016,Education,Curriculum,Freshman,Female,Out-of-State,3.2,Enrolled
103921,2016,Education,Special Ed,Freshman,Male,In-State,3.33,Enrolled
103922,2016,Education,Special Ed,Graduate,Female,Out-of-State,3.18,Enrolled
103923,2016,Education,Curriculum,Sophomore,Male,In-State,2.5,Enrolled
103924,2016,Education,Curriculum,Senior,Male,In-State,3.64,Graduated
103925,2016,Education,Special Ed,Sophomore,Male,International,3.51,Enrolled
103926,2016,Education,Curriculum,Sophomore,Female,In-State,3.18,On Leave
103927,2016,Education,Curriculum,Sophomore,Female,International,2.78,Enrolled
103928,2016,Education,Curriculum,Freshman,Female,Out-of-State,2.85,Enrolled
103929,2016,Education,Special Ed,Senior,Female,Out-of-State,4.0,Enrolled
103930,2016,Education,Curriculum,Senior,Female,In-State,3.03,Graduated
103931,2016,Education,Curriculum,Sophomore,Female,In-State,2.98,Enrolled
103932,2017,Education,Special Ed,Freshman,Female,International,3.03,Enrolled
103933,2017,Education,Special Ed,Senior,Male,In-State,2.83,Enrolled
103934,2017,Education,Curriculum,Freshman,Male,In-State,3.17,Enrolled
103935,2017,Education,Special Ed,Freshman,Female,Out-of-State,2.22,Enrolled
103936,2017,Education,Elementary Ed,Sophomore,Female,Out-of-State,3.26,Enrolled
103937,2017,Education,Special Ed,Freshman,Female,In-State,3.53,Enrolled
103938,2017,Education,Elementary Ed,Sophomore,Female,In-State,3.13,Enrolled
103939,2017,Education,Special Ed,Sophomore,Male,In-State,3.72,Enrolled
103940,2017,Education,Elementary Ed,Senior,Male,In-State,3.93,Enrolled
103941,2017,Education,Special Ed,Junior,Other,Out-of-State,2.88,Withdrawn
103942,2017,Education,Curriculum,Senior,Female,Out-of-State,3.09,Enrolled
103943,2017,Education,Elementary Ed,Senior,Female,In-State,3.34,Graduated
103944,2017,Education,Curriculum,Junior,Male,In-State,3.06,Graduated
103945,2017,Education,Curriculum,Junior,Male,In-State,3.35,Graduated
103946,2017,Education,Special Ed,Freshman,Male,In-State,2.91,Enrolled
103947,2017,Education,Special Ed,Sophomore,Male,Out-of-State,2.95,Enrolled
103948,2017,Education,Special Ed,Freshman,Male,Out-of-State,3.62,Enrolled
103949,2017,Education,Special Ed,Freshman,Male,Out-of-State,2.64,Withdrawn
103950,2017,Education,Special Ed,Senior,Female,In-State,3.42,Enrolled
103951,2017,Education,Elementary Ed,Senior,Female,In-State,3.1,Enrolled
103952,2017,Education,Curriculum,Graduate,Male,In-State,3.7,Enrolled
103953,2017,Education,Curriculum,Junior,Male,In-State,4.0,Enrolled
103954,2017,Education,Special Ed,Junior,Female,In-State,3.2,Enrolled
103955,2017,Education,Special Ed,Junior,Female,In-State,2.47,Enrolled
103956,2017,Education,Special Ed,Graduate,Female,Out-of-State,2.3,Enrolled
103957,2017,Education,Elementary Ed,Freshman,Female,International,2.27,Graduated
103958,2017,Education,Elementary Ed,Freshman,Female,In-State,2.61,Enrolled
103959,2017,Education,Elementary Ed,Junior,Female,In-State,3.23,Withdrawn
103960,2017,Education,Special Ed,Junior,Female,In-State,2.33,Enrolled
103961,2017,Education,Curriculum,Sophomore,Male,In-State,2.49,Enrolled
103962,2017,Education,Elementary Ed,Senior,Female,In-State,2.93,Enrolled
103963,2017,Education,Curriculum,Graduate,Female,Out-of-State,3.29,Graduated
103964,2017,Education,Curriculum,Freshman,Female,In-State,3.45,Enrolled
103965,2017,Education,Elementary Ed,Freshman,Male,In-State,3.33,Enrolled
103966,2017,Education,Special Ed,Sophomore,Male,In-State,3.18,On Leave
103967,2017,Education,Elementary Ed,Junior,Female,International,3.17,Enrolled
103968,2017,Education,Curriculum,Freshman,Male,Out-of-State,3.88,Enrolled
103969,2017,Education,Elementary Ed,Freshman,Male,In-State,3.59,Enrolled
103970,2017,Education,Curriculum,Graduate,Male,In-State,2.97,Enrolled
103971,2017,Education,Special Ed,Junior,Male,Out-of-State,2.85,Graduated
103972,2017,Education,Elementary Ed,Sophomore,Male,In-State,2.85,Enrolled
103973,2017,Education,Elementary Ed,Sophomore,Male,In-State,3.63,Enrolled
103974,2017,Education,Elementary Ed,Sophomore,Female,Out-of-State,2.12,Enrolled
103975,2017,Education,Elementary Ed,Sophomore,Male,In-State,2.5,Enrolled
103976,2017,Education,Elementary Ed,Junior,Female,Out-of-State,3.45,Enrolled
103977,2017,Education,Elementary Ed,Junior,Male,Out-of-State,2.79,Enrolled
103978,2017,Education,Curriculum,Sophomore,Female,In-State,3.0,Graduated
103979,2017,Education,Special Ed,Sophomore,Female,Out-of-State,2.52,Enrolled
103980,2017,Education,Elementary Ed,Graduate,Male,In-State,3.18,Enrolled
103981,2017,Education,Curriculum,Junior,Male,Out-of-State,2.83,Enrolled
103982,2017,Education,Curriculum,Senior,Male,In-State,3.19,Withdrawn
103983,2017,Education,Special Ed,Freshman,Other,In-State,3.6,Enrolled
103984,2017,Education,Curriculum,Freshman,Female,In-State,3.73,Withdrawn
103985,2017,Education,Special Ed,Senior,Female,In-State,3.47,Enrolled
103986,2017,Education,Special Ed,Sophomore,Female,In-State,2.94,Enrolled
103987,2017,Education,Special Ed,Sophomore,Female,In-State,2.57,Enrolled
103988,2017,Education,Elementary Ed,Junior,Male,In-State,3.46,Graduated
103989,2017,Education,Special Ed,Junior,Female,In-State,3.55,Enrolled
103990,2018,Education,Special Ed,Senior,Female,In-State,3.02,Enrolled
103991,2018,Education,Elementary Ed,Freshman,Male,Out-of-State,3.21,Withdrawn
103992,2018,Education,Special Ed,Junior,Female,In-State,3.02,Enrolled
103993,2018,Education,Elementary Ed,Junior,Male,In-State,3.66,Enrolled
103994,2018,Education,Special Ed,Junior,Female,In-State,3.67,Enrolled
103995,2018,Education,Elementary Ed,Junior,Male,In-State,2.91,Enrolled
103996,2018,Education,Curriculum,Senior,Male,Out-of-State,2.93,Enrolled
103997,2018,Education,Special Ed,Junior,Male,Out-of-State,3.77,Graduated
103998,2018,Education,Special Ed,Junior,Female,In-State,3.27,Enrolled
103999,2018,Education,Curriculum,Junior,Female,In-State,3.38,Enrolled
104000,2018,Education,Elementary Ed,Sophomore,Male,In-State,3.17,Enrolled
104001,2018,Education,Elementary Ed,Freshman,Female,In-State,3.33,Enrolled
104002,2018,Education,Special Ed,Senior,Male,International,3.36,Withdrawn
104003,2018,Education,Curriculum,Freshman,Female,In-State,3.13,Enrolled
104004,2018,Education,Special Ed,Freshman,Male,In-State,3.01,Enrolled
104005,2018,Education,Curriculum,Sophomore,Male,Out-of-State,3.07,Graduated
104006,2018,Education,Elementary Ed,Freshman,Male,Out-of-State,3.36,Enrolled
104007,2018,Education,Elementary Ed,Senior,Female,In-State,2.48,Enrolled
104008,2018,Education,Curriculum,Sophomore,Female,Out-of-State,2.66,Enrolled
104009,2018,Education,Elementary Ed,Senior,Female,Out-of-State,2.91,Enrolled
104010,2018,Education,Special Ed,Freshman,Male,Out-of-State,3.18,Enrolled
104011,2018,Education,Elementary Ed,Senior,Female,In-State,3.2,Withdrawn
104012,2018,Education,Special Ed,Junior,Female,In-State,3.44,Enrolled
104013,2018,Education,Curriculum,Freshman,Male,Out-of-State,3.75,Enrolled
104014,2018,Education,Special Ed,Senior,Female,In-State,2.94,Enrolled
104015,2018,Education,Special Ed,Senior,Female,In-State,4.0,Enrolled
104016,2018,Education,Special Ed,Senior,Female,In-State,2.78,Enrolled
104017,2018,Education,Elementary Ed,Freshman,Male,In-State,3.61,Enrolled
104018,2018,Education,Elementary Ed,Senior,Male,In-State,3.0,Enrolled
104019,2018,Education,Special Ed,Graduate,Male,International,2.98,Enrolled
104020,2018,Education,Curriculum,Sophomore,Female,In-State,3.92,Enrolled
104021,2018,Education,Special Ed,Graduate,Male,Out-of-State,2.98,Enrolled
104022,2018,Education,Special Ed,Freshman,Female,In-State,2.89,Enrolled
104023,2018,Education,Special Ed,Sophomore,Male,In-State,3.28,Graduated
104024,2018,Education,Special Ed,Senior,Female,In-State,3.23,Enrolled
104025,2018,Education,Curriculum,Freshman,Female,In-State,3.02,Enrolled
104026,2018,Education,Curriculum,Freshman,Male,Out-of-State,2.49,Enrolled
104027,2018,Education,Elementary Ed,Graduate,Female,In-State,1.98,Enrolled
104028,2018,Education,Special Ed,Sophomore,Female,In-State,4.0,Enrolled
104029,2018,Education,Elementary Ed,Senior,Male,Out-of-State,2.84,Graduated
104030,2018,Education,Elementary Ed,Freshman,Female,In-State,3.2,Enrolled
104031,2018,Education,Curriculum,Senior,Female,In-State,3.42,Enrolled
104032,2018,Education,Curriculum,Freshman,Male,In-State,3.05,Enrolled
104033,2018,Education,Special Ed,Senior,Female,In-State,3.08,Enrolled
104034,2018,Education,Special Ed,Sophomore,Female,Out-of-State,3.17,Enrolled
104035,2018,Education,Elementary Ed,Sophomore,Male,In-State,2.74,Enrolled
104036,2018,Education,Curriculum,Senior,Female,Out-of-State,3.91,Enrolled
104037,2018,Education,Special Ed,Sophomore,Male,Out-of-State,3.02,Enrolled
104038,2018,Education,Elementary Ed,Senior,Male,In-State,1.96,Enrolled
104039,2018,Education,Elementary Ed,Junior,Male,In-State,3.11,Graduated
104040,2018,Education,Curriculum,Sophomore,Female,In-State,3.94,Enrolled
104041,2018,Education,Special Ed,Freshman,Female,Out-of-State,3.51,Graduated
104042,2018,Education,Curriculum,Junior,Female,Out-of-State,3.04,Enrolled
104043,2018,Education,Curriculum,Sophomore,Male,In-State,3.33,Graduated
104044,2018,Education,Special Ed,Sophomore,Male,International,3.43,Enrolled
104045,2018,Education,Curriculum,Graduate,Female,Out-of-State,3.04,Enrolled
104046,2018,Education,Curriculum,Sophomore,Male,In-State,3.25,Enrolled
104047,2018,Education,Elementary Ed,Graduate,Female,Out-of-State,3.55,Enrolled
104048,2018,Education,Special Ed,Senior,Male,International,2.95,Graduated
104049,2018,Education,Curriculum,Senior,Female,International,3.21,Enrolled
104050,2018,Education,Elementary Ed,Senior,Female,International,2.92,Graduated
104051,2018,Education,Special Ed,Freshman,Male,In-State,3.24,Enrolled
104052,2018,Education,Curriculum,Senior,Male,In-State,4.0,Graduated
104053,2018,Education,Special Ed,Freshman,Female,In-State,3.51,Enrolled
104054,2018,Education,Curriculum,Senior,Male,Out-of-State,3.66,Withdrawn
104055,2018,Education,Elementary Ed,Senior,Male,Out-of-State,3.27,Enrolled
104056,2018,Education,Curriculum,Junior,Male,In-State,3.89,Enrolled
104057,2018,Education,Special Ed,Freshman,Female,In-State,2.65,Enrolled
104058,2018,Education,Curriculum,Sophomore,Female,Out-of-State,2.52,Enrolled
104059,2018,Education,Curriculum,Sophomore,Male,In-State,2.97,Enrolled
104060,2018,Education,Special Ed,Freshman,Male,In-State,3.53,Enrolled
104061,2018,Education,Elementary Ed,Junior,Female,Out-of-State,3.53,Withdrawn
104062,2018,Education,Elementary Ed,Sophomore,Female,In-State,2.73,Enrolled
104063,2018,Education,Curriculum,Junior,Female,In-State,3.09,Enrolled
104064,2018,Education,Curriculum,Graduate,Female,In-State,2.37,Enrolled
104065,2018,Education,Special Ed,Senior,Male,In-State,3.1,Enrolled
104066,2019,Education,Curriculum,Freshman,Male,Out-of-State,3.25,Enrolled
104067,2019,Education,Curriculum,Senior,Male,In-State,3.65,Enrolled
104068,2019,Education,Special Ed,Freshman,Female,Out-of-State,3.01,Enrolled
104069,2019,Education,Curriculum,Freshman,Male,In-State,3.21,Enrolled
104070,2019,Education,Special Ed,Sophomore,Female,International,3.07,Enrolled
104071,2019,Education,Special Ed,Senior,Male,International,2.81,Withdrawn
104072,2019,Education,Elementary Ed,Freshman,Female,In-State,3.37,Graduated
104073,2019,Education,Elementary Ed,Junior,Male,In-State,3.48,Enrolled
104074,2019,Education,Special Ed,Senior,Female,In-State,2.96,Enrolled
104075,2019,Education,Special Ed,Junior,Female,In-State,2.64,Enrolled
104076,2019,Education,Curriculum,Senior,Female,In-State,2.55,Enrolled
104077,2019,Education,Elementary Ed,Junior,Female,In-State,3.27,Enrolled
104078,2019,Education,Special Ed,Graduate,Female,In-State,4.0,Graduated
104079,2019,Education,Elementary Ed,Junior,Male,Out-of-State,3.72,Enrolled
104080,2019,Education,Elementary Ed,Senior,Female,In-State,3.03,Enrolled
104081,2019,Education,Special Ed,Senior,Female,In-State,3.03,Enrolled
104082,2019,Education,Special Ed,Freshman,Female,In-State,3.34,Enrolled
104083,2019,Education,Curriculum,Senior,Female,International,2.77,Enrolled
104084,2019,Education,Curriculum,Freshman,Female,In-State,3.03,Enrolled
104085,2019,Education,Elementary Ed,Sophomore,Other,In-State,2.61,Enrolled
104086,2019,Education,Special Ed,Sophomore,Male,Out-of-State,3.17,Enrolled
104087,2019,Education,Elementary Ed,Freshman,Male,In-State,2.38,Enrolled
104088,2019,Education,Curriculum,Freshman,Male,In-State,2.88,Enrolled
104089,2019,Education,Curriculum,Senior,Female,Out-of-State,3.56,Enrolled
104090,2019,Education,Elementary Ed,Junior,Female,In-State,3.72,Graduated
104091,2019,Education,Curriculum,Freshman,Female,In-State,2.82,Withdrawn
104092,2019,Education,Elementary Ed,Freshman,Male,International,3.56,Enrolled
104093,2019,Education,Curriculum,Junior,Female,Out-of-State,3.26,Enrolled
104094,2019,Education,Special Ed,Sophomore,Female,International,3.72,Enrolled
104095,2019,Education,Curriculum,Freshman,Female,In-State,2.63,Enrolled
104096,2019,Education,Special Ed,Freshman,Female,International,2.44,Enrolled
104097,2019,Education,Special Ed,Sophomore,Female,Out-of-State,3.23,Enrolled
104098,2019,Education,Curriculum,Freshman,Female,In-State,3.09,Enrolled
104099,2019,Education,Special Ed,Sophomore,Male,In-State,3.77,Enrolled
104100,2019,Education,Elementary Ed,Graduate,Female,Out-of-State,3.35,Enrolled
104101,2019,Education,Special Ed,Sophomore,Male,International,3.08,Enrolled
104102,2019,Education,Special Ed,Senior,Female,In-State,3.35,Enrolled
104103,2019,Education,Curriculum,Graduate,Female,Out-of-State,3.09,Enrolled
104104,2019,Education,Elementary Ed,Freshman,Male,Out-of-State,2.84,Graduated
104105,2019,Education,Curriculum,Senior,Female,In-State,3.82,Enrolled
104106,2019,Education,Curriculum,Sophomore,Female,In-State,2.52,On Leave
104107,2019,Education,Curriculum,Sophomore,Female,Out-of-State,3.22,Graduated
104108,2019,Education,Special Ed,Freshman,Female,International,3.03,Enrolled
104109,2019,Education,Special Ed,Junior,Female,Out-of-State,3.29,Enrolled
104110,2019,Education,Elementary Ed,Junior,Female,In-State,3.48,Enrolled
104111,2019,Education,Elementary Ed,Freshman,Male,In-State,3.74,Enrolled
104112,2019,Education,Elementary Ed,Junior,Male,In-State,2.68,Enrolled
104113,2019,Education,Special Ed,Freshman,Male,In-State,2.93,Graduated
104114,2019,Education,Elementary Ed,Junior,Male,In-State,2.46,Enrolled
104115,2019,Education,Curriculum,Sophomore,Male,Out-of-State,3.05,Enrolled
104116,2019,Education,Elementary Ed,Senior,Male,Out-of-State,3.7,Enrolled
104117,2019,Education,Curriculum,Junior,Male,In-State,3.23,Graduated
104118,2019,Education,Special Ed,Sophomore,Male,In-State,3.2,Enrolled
104119,2019,Education,Special Ed,Freshman,Female,Out-of-State,3.55,Enrolled
104120,2019,Education,Elementary Ed,Senior,Female,Out-of-State,3.83,Enrolled
104121,2019,Education,Elementary Ed,Freshman,Male,International,3.52,Graduated
104122,2019,Education,Special Ed,Freshman,Male,In-State,3.09,Enrolled
104123,2019,Education,Special Ed,Junior,Male,Out-of-State,3.16,Enrolled
104124,2019,Education,Elementary Ed,Sophomore,Female,In-State,3.25,Enrolled
104125,2019,Education,Curriculum,Junior,Female,In-State,3.54,Enrolled
104126,2019,Education,Elementary Ed,Junior,Female,In-State,3.04,Enrolled
104127,2019,Education,Curriculum,Graduate,Male,Out-of-State,2.57,Enrolled
104128,2019,Education,Elementary Ed,Freshman,Male,In-State,3.57,Enrolled
104129,2019,Education,Elementary Ed,Junior,Female,International,2.85,Enrolled
104130,2019,Education,Curriculum,Sophomore,Male,In-State,3.46,Withdrawn
104131,2019,Education,Special Ed,Junior,Male,Out-of-State,3.09,Enrolled
104132,2019,Education,Curriculum,Freshman,Male,In-State,3.27,Enrolled
104133,2019,Education,Elementary Ed,Freshman,Female,Out-of-State,3.91,Graduated
104134,2019,Education,Special Ed,Junior,Male,In-State,2.76,Enrolled
104135,2019,Education,Special Ed,Senior,Female,In-State,3.44,Enrolled
104136,2019,Education,Elementary Ed,Junior,Male,In-State,3.35,Withdrawn
104137,2019,Education,Elementary Ed,Sophomore,Female,In-State,4.0,Enrolled
104138,2019,Education,Elementary Ed,Sophomore,Male,International,2.91,Graduated
104139,2019,Education,Special Ed,Freshman,Male,Out-of-State,2.71,Enrolled
104140,2019,Education,Elementary Ed,Junior,Female,In-State,2.25,Enrolled
104141,2019,Education,Special Ed,Graduate,Female,International,3.3,Enrolled
104142,2019,Education,Curriculum,Junior,Female,In-State,2.69,Enrolled
104143,2019,Education,Curriculum,Sophomore,Male,In-State,3.24,Enrolled
104144,2019,Education,Elementary Ed,Sophomore,Female,International,4.0,Graduated
104145,2019,Education,Special Ed,Sophomore,Female,In-State,2.68,Enrolled
104146,2019,Education,Curriculum,Freshman,Female,Out-of-State,3.05,Enrolled
104147,2019,Education,Special Ed,Graduate,Male,Out-of-State,3.26,Enrolled
104148,2019,Education,Elementary Ed,Freshman,Male,In-State,2.97,Withdrawn
104149,2019,Education,Elementary Ed,Sophomore,Male,In-State,3.44,Enrolled
104150,2019,Education,Special Ed,Junior,Female,In-State,3.42,Enrolled
104151,2019,Education,Elementary Ed,Sophomore,Male,In-State,3.0,Enrolled
104152,2020,Education,Elementary Ed,Senior,Female,In-State,3.22,Withdrawn
104153,2020,Education,Elementary Ed,Senior,Female,In-State,2.75,Enrolled
104154,2020,Education,Special Ed,Sophomore,Female,International,3.16,Enrolled
104155,2020,Education,Special Ed,Sophomore,Female,In-State,3.01,Enrolled
104156,2020,Education,Curriculum,Freshman,Male,In-State,2.56,Enrolled
104157,2020,Education,Elementary Ed,Junior,Female,Out-of-State,2.99,Graduated
104158,2020,Education,Curriculum,Freshman,Male,In-State,2.54,Enrolled
104159,2020,Education,Curriculum,Sophomore,Female,In-State,2.99,Enrolled
104160,2020,Education,Elementary Ed,Sophomore,Female,In-State,3.05,Enrolled
104161,2020,Education,Elementary Ed,Freshman,Female,Out-of-State,2.41,On Leave
104162,2020,Education,Curriculum,Senior,Female,In-State,2.81,On Leave
104163,2020,Education,Curriculum,Senior,Other,In-State,3.13,Enrolled
104164,2020,Education,Elementary Ed,Senior,Male,International,2.53,Graduated
104165,2020,Education,Curriculum,Freshman,Female,Out-of-State,1.83,Enrolled
104166,2020,Education,Curriculum,Junior,Female,In-State,3.25,Enrolled
104167,2020,Education,Special Ed,Sophomore,Male,In-State,3.45,Enrolled
104168,2020,Education,Special Ed,Freshman,Female,In-State,3.11,Graduated
104169,2020,Education,Elementary Ed,Graduate,Female,Out-of-State,2.13,Graduated
104170,2020,Education,Special Ed,Graduate,Male,Out-of-State,3.17,Enrolled
104171,2020,Education,Curriculum,Graduate,Female,In-State,3.47,Enrolled
104172,2020,Education,Curriculum,Senior,Female,In-State,2.95,Enrolled
104173,2020,Education,Elementary Ed,Senior,Male,Out-of-State,2.04,Enrolled
104174,2020,Education,Elementary Ed,Junior,Male,In-State,2.99,Graduated
104175,2020,Education,Special Ed,Sophomore,Male,In-State,2.07,Enrolled
104176,2020,Education,Curriculum,Freshman,Male,In-State,3.11,Graduated
104177,2020,Education,Elementary Ed,Freshman,Male,In-State,3.44,Enrolled
104178,2020,Education,Elementary Ed,Junior,Female,In-State,3.94,Enrolled
104179,2020,Education,Curriculum,Sophomore,Female,In-State,2.4,Enrolled
104180,2020,Education,Special Ed,Junior,Female,In-State,2.66,Graduated
104181,2020,Education,Special Ed,Graduate,Female,Out-of-State,2.75,Enrolled
104182,2020,Education,Special Ed,Senior,Female,In-State,3.24,Graduated
104183,2020,Education,Elementary Ed,Junior,Female,International,2.46,Enrolled
104184,2020,Education,Curriculum,Freshman,Male,Out-of-State,3.02,Enrolled
104185,2020,Education,Curriculum,Senior,Male,International,2.45,Enrolled
104186,2020,Education,Special Ed,Sophomore,Female,Out-of-State,2.75,Enrolled
104187,2020,Education,Curriculum,Freshman,Female,In-State,2.91,Enrolled
104188,2020,Education,Curriculum,Senior,Male,In-State,2.75,Graduated
104189,2020,Education,Elementary Ed,Junior,Other,Out-of-State,2.05,Enrolled
104190,2020,Education,Elementary Ed,Graduate,Female,In-State,3.64,Enrolled
104191,2020,Education,Elementary Ed,Sophomore,Female,In-State,2.22,Enrolled
104192,2020,Education,Elementary Ed,Sophomore,Male,In-State,3.1,Enrolled
104193,2020,Education,Special Ed,Freshman,Male,Out-of-State,2.87,Enrolled
104194,2020,Education,Special Ed,Junior,Female,International,3.11,Enrolled
104195,2020,Education,Special Ed,Freshman,Female,In-State,2.39,On Leave
104196,2020,Education,Elementary Ed,Freshman,Other,In-State,2.8,On Leave
104197,2020,Education,Special Ed,Sophomore,Male,In-State,3.63,Enrolled
104198,2020,Education,Elementary Ed,Junior,Male,In-State,3.42,Enrolled
104199,2020,Education,Elementary Ed,Senior,Male,In-State,3.07,Enrolled
104200,2020,Education,Curriculum,Junior,Male,In-State,2.16,Enrolled
104201,2020,Education,Elementary Ed,Junior,Male,In-State,1.8,Enrolled
104202,2020,Education,Special Ed,Sophomore,Male,In-State,2.5,Enrolled
104203,2020,Education,Special Ed,Senior,Male,In-State,2.77,Enrolled
104204,2020,Education,Curriculum,Sophomore,Male,International,3.05,Withdrawn
104205,2021,Education,Curriculum,Junior,Female,Out-of-State,3.0,Enrolled
104206,2021,Education,Elementary Ed,Junior,Female,In-State,3.07,Enrolled
104207,2021,Education,Special Ed,Freshman,Female,Out-of-State,3.11,Graduated
104208,2021,Education,Curriculum,Senior,Female,In-State,3.88,Enrolled
104209,2021,Education,Special Ed,Senior,Female,In-State,3.54,Withdrawn
104210,2021,Education,Elementary Ed,Senior,Female,International,3.33,Enrolled
104211,2021,Education,Elementary Ed,Sophomore,Female,Out-of-State,2.9,Graduated
104212,2021,Education,Curriculum,Graduate,Male,In-State,3.19,Graduated
104213,2021,Education,Curriculum,Sophomore,Male,In-State,3.03,Enrolled
104214,2021,Education,Elementary Ed,Graduate,Male,In-State,2.88,Enrolled
104215,2021,Education,Elementary Ed,Freshman,Male,Out-of-State,3.25,Enrolled
104216,2021,Education,Curriculum,Sophomore,Male,In-State,3.08,Enrolled
104217,2021,Education,Elementary Ed,Freshman,Male,In-State,3.42,Enrolled
104218,2021,Education,Special Ed,Freshman,Female,In-State,3.21,Enrolled
104219,2021,Education,Elementary Ed,Junior,Other,In-State,3.41,On Leave
104220,2021,Education,Special Ed,Freshman,Male,Out-of-State,3.31,Graduated
104221,2021,Education,Elementary Ed,Senior,Female,In-State,2.87,Enrolled
104222,2021,Education,Special Ed,Senior,Male,In-State,3.14,Enrolled
104223,2021,Education,Curriculum,Junior,Female,In-State,3.16,Withdrawn
104224,2021,Education,Special Ed,Senior,Female,In-State,3.37,Withdrawn
104225,2021,Education,Special Ed,Sophomore,Female,In-State,2.7,Graduated
104226,2021,Education,Special Ed,Freshman,Male,In-State,3.38,Enrolled
104227,2021,Education,Special Ed,Senior,Male,In-State,2.94,Graduated
104228,2021,Education,Curriculum,Junior,Female,In-State,2.77,Enrolled
104229,2021,Education,Elementary Ed,Sophomore,Female,In-State,3.22,Enrolled
104230,2021,Education,Elementary Ed,Senior,Female,In-State,3.56,Enrolled
104231,2022,Education,Elementary Ed,Junior,Male,Out-of-State,4.0,Enrolled
104232,2022,Education,Special Ed,Senior,Female,In-State,2.74,Enrolled
104233,2022,Education,Special Ed,Sophomore,Male,In-State,3.69,Enrolled
104234,2022,Education,Special Ed,Junior,Female,International,3.51,Enrolled
104235,2022,Education,Curriculum,Junior,Female,In-State,4.0,Enrolled
104236,2022,Education,Curriculum,Sophomore,Female,Out-of-State,3.7,Enrolled
104237,2022,Education,Elementary Ed,Graduate,Female,In-State,3.97,Enrolled
104238,2022,Education,Elementary Ed,Freshman,Female,In-State,3.51,Graduated
104239,2022,Education,Elementary Ed,Freshman,Male,In-State,3.23,Graduated
104240,2022,Education,Curriculum,Junior,Male,Out-of-State,4.0,Enrolled
104241,2022,Education,Special Ed,Junior,Female,In-State,3.54,Enrolled
104242,2022,Education,Elementary Ed,Freshman,Male,International,3.58,Enrolled
104243,2022,Education,Elementary Ed,Graduate,Female,In-State,3.02,Enrolled
104244,2022,Education,Curriculum,Freshman,Male,In-State,3.2,Withdrawn
104245,2022,Education,Curriculum,Junior,Female,In-State,3.37,Enrolled
104246,2022,Education,Elementary Ed,Sophomore,Male,In-State,3.12,Enrolled
104247,2022,Education,Curriculum,Freshman,Male,Out-of-State,4.0,Graduated
104248,2022,Education,Curriculum,Junior,Male,In-State,3.71,Enrolled
104249,2022,Education,Curriculum,Freshman,Female,Out-of-State,3.6,On Leave
104250,2022,Education,Curriculum,Senior,Female,Out-of-State,3.3,Enrolled
104251,2022,Education,Special Ed,Freshman,Male,In-State,3.6,On Leave
104252,2022,Education,Curriculum,Senior,Male,In-State,3.5,Enrolled
104253,2022,Education,Special Ed,Freshman,Male,International,2.83,Enrolled
104254,2022,Education,Special Ed,Sophomore,Female,Out-of-State,3.44,Enrolled
104255,2022,Education,Elementary Ed,Senior,Female,In-State,3.6,Enrolled
104256,2022,Education,Curriculum,Sophomore,Male,In-State,3.46,Enrolled
104257,2022,Education,Special Ed,Freshman,Female,In-State,2.9,Enrolled
104258,2022,Education,Curriculum,Sophomore,Male,In-State,4.0,Enrolled
104259,2022,Education,Curriculum,Senior,Male,In-State,3.43,Enrolled
104260,2022,Education,Special Ed,Freshman,Female,In-State,3.26,Enrolled
104261,2022,Education,Elementary Ed,Junior,Female,Out-of-State,2.68,Graduated
104262,2022,Education,Special Ed,Graduate,Female,Out-of-State,3.36,Graduated
104263,2022,Education,Special Ed,Graduate,Female,Out-of-State,3.1,Graduated
104264,2022,Education,Special Ed,Sophomore,Male,Out-of-State,3.64,Enrolled
104265,2022,Education,Elementary Ed,Sophomore,Female,In-State,3.75,Enrolled
104266,2022,Education,Elementary Ed,Junior,Female,In-State,3.5,Enrolled
104267,2022,Education,Elementary Ed,Junior,Male,In-State,4.0,Enrolled
104268,2022,Education,Curriculum,Graduate,Male,Out-of-State,2.92,Withdrawn
104269,2022,Education,Curriculum,Senior,Male,Out-of-State,3.3,Enrolled
104270,2022,Education,Curriculum,Junior,Female,In-State,3.49,Graduated
104271,2022,Education,Curriculum,Junior,Female,International,3.11,Enrolled
104272,2022,Education,Elementary Ed,Senior,Female,In-State,3.63,Enrolled
104273,2022,Education,Elementary Ed,Junior,Male,Out-of-State,3.53,Enrolled
104274,2022,Education,Curriculum,Sophomore,Female,In-State,3.7,Withdrawn
104275,2022,Education,Special Ed,Junior,Male,In-State,4.0,Graduated
104276,2022,Education,Special Ed,Sophomore,Male,Out-of-State,3.06,Enrolled
104277,2022,Education,Special Ed,Sophomore,Female,Out-of-State,2.54,Enrolled
104278,2022,Education,Elementary Ed,Sophomore,Male,Out-of-State,3.56,Graduated
104279,2022,Education,Curriculum,Sophomore,Male,Out-of-State,3.22,Graduated
104280,2022,Education,Curriculum,Sophomore,Male,Out-of-State,3.27,Enrolled
104281,2022,Education,Curriculum,Freshman,Female,Out-of-State,3.32,Graduated
104282,2022,Education,Special Ed,Freshman,Male,In-State,3.53,Enrolled
104283,2022,Education,Special Ed,Sophomore,Female,International,3.46,Enrolled
104284,2022,Education,Special Ed,Sophomore,Female,Out-of-State,2.9,Enrolled
104285,2022,Education,Special Ed,Sophomore,Female,In-State,3.24,Enrolled
104286,2022,Education,Special Ed,Senior,Male,In-State,3.58,Enrolled
104287,2022,Education,Elementary Ed,Freshman,Male,Out-of-State,3.72,Withdrawn
104288,2022,Education,Elementary Ed,Freshman,Male,In-State,3.64,Enrolled
104289,2022,Education,Curriculum,Junior,Female,In-State,2.65,Graduated
104290,2022,Education,Special Ed,Junior,Female,International,3.2,Enrolled
104291,2022,Education,Curriculum,Freshman,Female,In-State,2.84,Enrolled
104292,2022,Education,Curriculum,Freshman,Male,Out-of-State,3.06,Graduated
104293,2022,Education,Special Ed,Sophomore,Female,In-State,3.41,On Leave
104294,2022,Education,Elementary Ed,Junior,Male,Out-of-State,2.96,Enrolled
104295,2022,Education,Elementary Ed,Senior,Female,In-State,3.02,Enrolled
104296,2022,Education,Curriculum,Sophomore,Female,In-State,3.62,Enrolled
104297,2023,Education,Special Ed,Sophomore,Female,In-State,3.52,Enrolled
104298,2023,Education,Curriculum,Graduate,Female,Out-of-State,3.22,Enrolled
104299,2023,Education,Elementary Ed,Sophomore,Female,In-State,3.2,Enrolled
104300,2023,Education,Curriculum,Freshman,Male,In-State,2.21,Enrolled
104301,2023,Education,Elementary Ed,Junior,Male,In-State,2.79,Enrolled
104302,2023,Education,Special Ed,Sophomore,Female,Out-of-State,3.76,Enrolled
104303,2023,Education,Elementary Ed,Senior,Female,Out-of-State,2.93,Enrolled
104304,2023,Education,Elementary Ed,Senior,Male,International,3.82,Withdrawn
104305,2023,Education,Elementary Ed,Freshman,Female,Out-of-State,3.63,Graduated
104306,2023,Education,Special Ed,Sophomore,Female,In-State,3.32,Graduated
104307,2023,Education,Curriculum,Freshman,Male,In-State,2.98,Enrolled
104308,2023,Education,Special Ed,Freshman,Male,Out-of-State,3.0,Enrolled
104309,2023,Education,Special Ed,Freshman,Female,In-State,3.91,Withdrawn
104310,2023,Education,Curriculum,Junior,Male,In-State,2.92,Enrolled
104311,2023,Education,Curriculum,Junior,Male,In-State,3.72,Enrolled
104312,2023,Education,Elementary Ed,Freshman,Female,In-State,3.31,Enrolled
104313,2023,Education,Curriculum,Graduate,Male,In-State,3.15,Enrolled
104314,2023,Education,Special Ed,Freshman,Male,International,4.0,Enrolled
104315,2023,Education,Special Ed,Sophomore,Male,In-State,3.38,Enrolled
104316,2023,Education,Elementary Ed,Senior,Male,In-State,2.98,Withdrawn
104317,2023,Education,Special Ed,Junior,Female,Out-of-State,3.46,Enrolled
104318,2023,Education,Elementary Ed,Sophomore,Female,In-State,3.44,Enrolled
104319,2023,Education,Special Ed,Sophomore,Male,Out-of-State,3.82,Enrolled
104320,2023,Education,Special Ed,Junior,Male,In-State,2.69,Enrolled
104321,2023,Education,Elementary Ed,Junior,Female,Out-of-State,3.21,Enrolled
104322,2023,Education,Elementary Ed,Freshman,Male,In-State,3.08,Enrolled
104323,2023,Education,Curriculum,Freshman,Male,Out-of-State,3.42,Enrolled
104324,2023,Education,Special Ed,Freshman,Female,Out-of-State,3.61,Enrolled
104325,2023,Education,Curriculum,Freshman,Male,In-State,3.42,Withdrawn
104326,2023,Education,Elementary Ed,Junior,Female,International,3.44,Enrolled
104327,2023,Education,Curriculum,Freshman,Male,In-State,3.2,Enrolled
104328,2023,Education,Special Ed,Sophomore,Male,In-State,3.04,Withdrawn
104329,2023,Education,Special Ed,Junior,Male,In-State,3.92,Enrolled
104330,2023,Education,Elementary Ed,Senior,Male,International,3.43,Enrolled
104331,2023,Education,Curriculum,Junior,Female,Out-of-State,2.99,Withdrawn
104332,2023,Education,Curriculum,Sophomore,Male,In-State,3.04,Enrolled
104333,2023,Education,Elementary Ed,Junior,Female,In-State,3.24,Withdrawn
104334,2023,Education,Curriculum,Graduate,Female,Out-of-State,2.74,Graduated
104335,2023,Education,Elementary Ed,Sophomore,Female,International,3.24,Enrolled
104336,2023,Education,Elementary Ed,Freshman,Male,In-State,4.0,Enrolled
104337,2023,Education,Curriculum,Freshman,Male,In-State,3.85,Enrolled
104338,2023,Education,Elementary Ed,Freshman,Male,In-State,3.19,Graduated
104339,2023,Education,Elementary Ed,Freshman,Female,In-State,3.72,Enrolled
104340,2023,Education,Curriculum,Sophomore,Male,In-State,3.42,Enrolled
104341,2023,Education,Curriculum,Senior,Female,In-State,3.12,Enrolled
104342,2023,Education,Curriculum,Senior,Female,In-State,3.78,Withdrawn
104343,2023,Education,Curriculum,Sophomore,Male,Out-of-State,4.0,Enrolled
104344,2023,Education,Curriculum,Freshman,Female,In-State,3.24,Enrolled
104345,2023,Education,Elementary Ed,Senior,Female,International,4.0,Enrolled
104346,2023,Education,Elementary Ed,Senior,Female,In-State,3.31,Enrolled
104347,2023,Education,Special Ed,Senior,Male,In-State,2.84,Enrolled
104348,2023,Education,Curriculum,Freshman,Female,Out-of-State,3.03,Graduated
104349,2023,Education,Elementary Ed,Sophomore,Male,In-State,3.0,Graduated
104350,2023,Education,Elementary Ed,Sophomore,Female,In-State,2.79,Enrolled
104351,2023,Education,Curriculum,Senior,Female,In-State,3.08,Enrolled
104352,2023,Education,Curriculum,Sophomore,Female,Out-of-State,3.17,Enrolled
104353,2023,Education,Special Ed,Junior,Female,In-State,2.85,Enrolled
104354,2024,Education,Special Ed,Junior,Female,Out-of-State,3.68,Enrolled
104355,2024,Education,Elementary Ed,Junior,Female,In-State,3.2,Enrolled
104356,2024,Education,Special Ed,Senior,Male,In-State,2.4,Enrolled
104357,2024,Education,Elementary Ed,Senior,Female,Out-of-State,3.76,Graduated
104358,2024,Education,Elementary Ed,Sophomore,Female,In-State,3.42,Enrolled
104359,2024,Education,Elementary Ed,Freshman,Female,Out-of-State,3.65,Withdrawn
104360,2024,Education,Elementary Ed,Junior,Female,In-State,3.04,Enrolled
104361,2024,Education,Special Ed,Freshman,Female,Out-of-State,2.71,Enrolled
104362,2024,Education,Special Ed,Freshman,Male,Out-of-State,3.2,Enrolled
104363,2024,Education,Curriculum,Sophomore,Male,In-State,3.45,Enrolled
104364,2024,Education,Special Ed,Freshman,Male,Out-of-State,3.44,Withdrawn
104365,2024,Education,Special Ed,Junior,Female,International,2.83,Enrolled
104366,2024,Education,Special Ed,Freshman,Female,International,3.22,Enrolled
104367,2024,Education,Curriculum,Freshman,Female,In-State,2.71,Enrolled
104368,2024,Education,Curriculum,Junior,Male,International,3.37,Enrolled
104369,2024,Education,Elementary Ed,Junior,Female,In-State,2.97,Enrolled
104370,2024,Education,Special Ed,Freshman,Female,Out-of-State,2.87,Enrolled
104371,2024,Education,Special Ed,Junior,Male,In-State,3.6,Enrolled
104372,2024,Education,Curriculum,Sophomore,Male,In-State,2.77,Graduated
104373,2024,Education,Curriculum,Senior,Male,In-State,3.6,Enrolled
104374,2024,Education,Curriculum,Junior,Female,In-State,3.37,Graduated
104375,2024,Education,Elementary Ed,Senior,Female,In-State,2.9,Enrolled
104376,2024,Education,Special Ed,Sophomore,Female,International,3.31,Enrolled
104377,2024,Education,Special Ed,Senior,Male,In-State,2.53,Enrolled
104378,2024,Education,Special Ed,Freshman,Male,In-State,2.5,Enrolled
104379,2024,Education,Elementary Ed,Freshman,Male,International,3.76,Enrolled
104380,2024,Education,Curriculum,Junior,Female,In-State,3.63,Enrolled
104381,2024,Education,Curriculum,Sophomore,Female,In-State,2.8,Enrolled
104382,2024,Education,Curriculum,Sophomore,Female,Out-of-State,3.19,Enrolled
104383,2024,Education,Special Ed,Freshman,Male,Out-of-State,3.24,Enrolled
104384,2024,Education,Elementary Ed,Graduate,Female,In-State,3.46,Graduated
104385,2024,Education,Elementary Ed,Sophomore,Female,Out-of-State,3.37,Enrolled
104386,2024,Education,Elementary Ed,Sophomore,Male,In-State,3.25,Enrolled
104387,2024,Education,Special Ed,Freshman,Female,Out-of-State,3.88,Enrolled
104388,2024,Education,Curriculum,Sophomore,Male,In-State,3.41,On Leave
104389,2024,Education,Special Ed,Freshman,Female,In-State,3.36,Enrolled
104390,2024,Education,Curriculum,Freshman,Male,International,2.4,Enrolled
104391,2024,Education,Elementary Ed,Freshman,Female,In-State,3.56,Graduated
104392,2024,Education,Curriculum,Graduate,Female,In-State,3.45,Enrolled
104393,2024,Education,Elementary Ed,Senior,Male,Out-of-State,4.0,Enrolled
104394,2024,Education,Special Ed,Senior,Male,Out-of-State,2.8,Enrolled
104395,2024,Education,Special Ed,Sophomore,Male,In-State,3.2,Enrolled
104396,2024,Education,Special Ed,Sophomore,Male,In-State,3.15,Enrolled
104397,2024,Education,Special Ed,Freshman,Male,International,2.44,Enrolled
104398,2024,Education,Special Ed,Senior,Female,Out-of-State,3.34,Graduated
104399,2024,Education,Elementary Ed,Sophomore,Female,In-State,4.0,Enrolled
104400,2024,Education,Elementary Ed,Junior,Male,In-State,3.94,On Leave
104401,2024,Education,Elementary Ed,Sophomore,Female,In-State,3.99,Enrolled
104402,2024,Education,Special Ed,Freshman,Male,International,3.51,Graduated
104403,2024,Education,Curriculum,Freshman,Female,Out-of-State,3.42,Enrolled
104404,2024,Education,Special Ed,Senior,Female,In-State,3.52,Enrolled
104405,2024,Education,Special Ed,Junior,Male,Out-of-State,3.51,Graduated
104406,2024,Education,Special Ed,Senior,Female,In-State,3.38,Enrolled
104407,2024,Education,Curriculum,Sophomore,Female,In-State,2.89,Enrolled
104408,2024,Education,Special Ed,Freshman,Male,In-State,3.03,Enrolled
104409,2024,Education,Elementary Ed,Senior,Other,In-State,3.01,Enrolled
104410,2024,Education,Special Ed,Senior,Female,In-State,4.0,Graduated
104411,2024,Education,Elementary Ed,Senior,Male,In-State,2.82,Enrolled
104412,2024,Education,Elementary Ed,Junior,Female,In-State,3.0,Withdrawn
104413,2025,Education,Curriculum,Senior,Male,In-State,3.12,Graduated
104414,2025,Education,Special Ed,Senior,Female,In-State,3.44,Withdrawn
104415,2025,Education,Curriculum,Freshman,Male,In-State,3.3,Enrolled
104416,2025,Education,Elementary Ed,Graduate,Female,Out-of-State,2.9,Enrolled
104417,2025,Education,Special Ed,Senior,Male,International,2.34,Enrolled
104418,2025,Education,Special Ed,Freshman,Male,Out-of-State,3.28,Graduated
104419,2025,Education,Special Ed,Senior,Male,International,2.77,Withdrawn
104420,2025,Education,Elementary Ed,Junior,Male,Out-of-State,3.69,Enrolled
104421,2025,Education,Special Ed,Junior,Male,In-State,3.28,Graduated
104422,2025,Education,Curriculum,Freshman,Female,In-State,2.53,Enrolled
104423,2025,Education,Special Ed,Junior,Male,In-State,3.81,Enrolled
104424,2025,Education,Curriculum,Junior,Male,International,3.28,Enrolled
104425,2025,Education,Curriculum,Sophomore,Female,Out-of-State,2.73,Enrolled
104426,2025,Education,Curriculum,Graduate,Female,Out-of-State,3.51,Enrolled
104427,2025,Education,Elementary Ed,Freshman,Male,Out-of-State,3.37,Enrolled
104428,2025,Education,Curriculum,Junior,Male,In-State,3.02,Enrolled
104429,2025,Education,Elementary Ed,Senior,Male,In-State,2.68,Enrolled
104430,2025,Education,Elementary Ed,Senior,Female,In-State,3.48,Withdrawn
104431,2025,Education,Special Ed,Freshman,Female,International,2.41,Enrolled
104432,2025,Education,Special Ed,Freshman,Male,In-State,2.69,Graduated
104433,2025,Education,Elementary Ed,Sophomore,Female,Out-of-State,2.83,On Leave
104434,2025,Education,Curriculum,Freshman,Female,In-State,3.77,Enrolled
104435,2025,Education,Special Ed,Senior,Female,International,3.25,Withdrawn
104436,2025,Education,Curriculum,Freshman,Female,In-State,2.98,Enrolled
104437,2025,Education,Elementary Ed,Sophomore,Female,International,2.75,On Leave
104438,2025,Education,Special Ed,Junior,Female,Out-of-State,3.25,Enrolled
104439,2025,Education,Elementary Ed,Senior,Male,Out-of-State,2.48,Enrolled
104440,2025,Education,Elementary Ed,Junior,Female,Out-of-State,3.25,Enrolled
104441,2025,Education,Special Ed,Sophomore,Male,In-State,3.28,Enrolled
104442,2025,Education,Special Ed,Senior,Male,Out-of-State,2.69,Enrolled
104443,2025,Education,Special Ed,Senior,Male,Out-of-State,2.66,Enrolled
104444,2025,Education,Curriculum,Junior,Female,Out-of-State,2.58,Enrolled
104445,2025,Education,Special Ed,Junior,Female,In-State,3.55,Enrolled
104446,2025,Education,Curriculum,Freshman,Female,In-State,3.15,Enrolled
104447,2025,Education,Special Ed,Junior,Male,International,2.81,Enrolled
104448,2025,Education,Special Ed,Junior,Female,In-State,4.0,Enrolled
104449,2025,Education,Elementary Ed,Junior,Male,Out-of-State,2.68,Enrolled
104450,2025,Education,Special Ed,Freshman,Female,In-State,3.14,Enrolled
104451,2025,Education,Special Ed,Junior,Male,In-State,2.98,Enrolled
104452,2025,Education,Curriculum,Senior,Female,International,2.72,On Leave
104453,2025,Education,Elementary Ed,Graduate,Male,In-State,3.21,Enrolled
104454,2025,Education,Special Ed,Freshman,Female,International,3.05,Graduated
104455,2025,Education,Special Ed,Freshman,Female,In-State,3.12,Enrolled
104456,2015,Nursing,Nursing BSN,Freshman,Female,In-State,3.27,Enrolled
104457,2015,Nursing,Nursing BSN,Sophomore,Male,Out-of-State,2.28,Enrolled
104458,2015,Nursing,Public Health,Freshman,Female,In-State,3.31,On Leave
104459,2015,Nursing,Nursing BSN,Senior,Other,Out-of-State,3.0,Enrolled
104460,2015,Nursing,Nursing BSN,Freshman,Male,International,3.0,Graduated
104461,2015,Nursing,Nursing BSN,Senior,Female,Out-of-State,3.02,Enrolled
104462,2015,Nursing,Public Health,Senior,Other,In-State,3.44,Enrolled
104463,2015,Nursing,Nursing BSN,Senior,Male,In-State,3.52,Enrolled
104464,2015,Nursing,Public Health,Junior,Female,In-State,3.38,Enrolled
104465,2015,Nursing,Public Health,Freshman,Male,In-State,2.6,Enrolled
104466,2015,Nursing,Nursing BSN,Sophomore,Male,In-State,3.11,Enrolled
104467,2015,Nursing,Nursing BSN,Freshman,Female,Out-of-State,3.43,Enrolled
104468,2015,Nursing,Public Health,Junior,Female,In-State,3.05,Enrolled
104469,2015,Nursing,Nursing BSN,Sophomore,Male,Out-of-State,3.94,Enrolled
104470,2015,Nursing,Public Health,Sophomore,Female,In-State,3.0,Enrolled
104471,2015,Nursing,Nursing BSN,Junior,Female,In-State,2.68,Enrolled
104472,2015,Nursing,Public Health,Freshman,Female,Out-of-State,3.09,Enrolled
104473,2015,Nursing,Public Health,Senior,Male,International,3.22,Enrolled
104474,2015,Nursing,Nursing BSN,Sophomore,Female,In-State,3.16,Enrolled
104475,2015,Nursing,Nursing BSN,Senior,Male,In-State,3.06,Enrolled
104476,2015,Nursing,Public Health,Sophomore,Female,In-State,2.77,Enrolled
104477,2015,Nursing,Nursing BSN,Junior,Male,Out-of-State,3.46,Graduated
104478,2015,Nursing,Public Health,Sophomore,Female,Out-of-State,2.98,Enrolled
104479,2015,Nursing,Public Health,Sophomore,Male,In-State,2.89,On Leave
104480,2015,Nursing,Nursing BSN,Graduate,Female,International,2.81,Enrolled
104481,2015,Nursing,Public Health,Freshman,Male,In-State,2.87,Enrolled
104482,2015,Nursing,Nursing BSN,Sophomore,Male,In-State,2.76,Enrolled
104483,2015,Nursing,Nursing BSN,Senior,Female,Out-of-State,2.66,Enrolled
104484,2015,Nursing,Nursing BSN,Sophomore,Female,In-State,3.49,Graduated
104485,2015,Nursing,Public Health,Freshman,Male,In-State,2.92,Enrolled
104486,2015,Nursing,Public Health,Junior,Female,Out-of-State,2.57,Enrolled
104487,2016,Nursing,Nursing BSN,Freshman,Male,Out-of-State,3.25,Enrolled
104488,2016,Nursing,Public Health,Senior,Female,Out-of-State,3.03,Enrolled
104489,2016,Nursing,Nursing BSN,Graduate,Female,Out-of-State,2.68,Graduated
104490,2016,Nursing,Nursing BSN,Freshman,Male,In-State,2.71,Graduated
104491,2016,Nursing,Public Health,Sophomore,Male,Out-of-State,3.35,Enrolled
104492,2016,Nursing,Public Health,Freshman,Male,In-State,3.54,Enrolled
104493,2016,Nursing,Nursing BSN,Graduate,Male,In-State,3.69,Enrolled
104494,2016,Nursing,Public Health,Sophomore,Male,In-State,2.42,Enrolled
104495,2016,Nursing,Nursing BSN,Senior,Male,Out-of-State,3.38,Withdrawn
104496,2016,Nursing,Public Health,Freshman,Female,International,3.37,Enrolled
104497,2016,Nursing,Public Health,Sophomore,Male,International,2.89,Enrolled
104498,2016,Nursing,Public Health,Junior,Female,In-State,2.13,Enrolled
104499,2016,Nursing,Public Health,Senior,Female,Out-of-State,3.51,Enrolled
104500,2016,Nursing,Public Health,Freshman,Female,In-State,2.81,Enrolled
104501,2016,Nursing,Public Health,Sophomore,Male,In-State,3.18,Graduated
104502,2016,Nursing,Nursing BSN,Junior,Female,Out-of-State,3.6,Enrolled
104503,2016,Nursing,Public Health,Freshman,Female,In-State,3.03,Enrolled
104504,2016,Nursing,Public Health,Graduate,Female,In-State,2.85,Graduated
104505,2016,Nursing,Public Health,Junior,Female,Out-of-State,2.81,Enrolled
104506,2016,Nursing,Public Health,Freshman,Other,Out-of-State,2.54,Enrolled
104507,2016,Nursing,Public Health,Freshman,Male,In-State,2.69,Enrolled
104508,2016,Nursing,Nursing BSN,Sophomore,Male,Out-of-State,2.58,Enrolled
104509,2016,Nursing,Public Health,Junior,Male,Out-of-State,3.87,Enrolled
104510,2016,Nursing,Public Health,Senior,Female,In-State,3.07,Graduated
104511,2016,Nursing,Public Health,Senior,Female,Out-of-State,3.29,Enrolled
104512,2016,Nursing,Public Health,Sophomore,Female,International,2.73,Graduated
104513,2016,Nursing,Public Health,Graduate,Female,In-State,2.91,Enrolled
104514,2016,Nursing,Nursing BSN,Senior,Male,In-State,1.89,Enrolled
104515,2017,Nursing,Public Health,Junior,Male,In-State,3.03,Enrolled
104516,2017,Nursing,Nursing BSN,Sophomore,Female,In-State,2.93,Enrolled
104517,2017,Nursing,Public Health,Junior,Male,In-State,3.27,Enrolled
104518,2017,Nursing,Nursing BSN,Freshman,Female,Out-of-State,2.71,Graduated
104519,2017,Nursing,Nursing BSN,Graduate,Male,In-State,3.02,Enrolled
104520,2017,Nursing,Public Health,Junior,Male,In-State,3.22,Enrolled
104521,2017,Nursing,Public Health,Senior,Male,In-State,2.46,Enrolled
104522,2017,Nursing,Nursing BSN,Senior,Male,International,2.89,Enrolled
104523,2017,Nursing,Nursing BSN,Senior,Male,In-State,3.94,Enrolled
104524,2017,Nursing,Public Health,Sophomore,Male,In-State,3.31,Enrolled
104525,2017,Nursing,Nursing BSN,Sophomore,Female,International,2.67,Enrolled
104526,2017,Nursing,Public Health,Junior,Male,In-State,3.0,Graduated
104527,2017,Nursing,Nursing BSN,Sophomore,Female,International,3.12,Withdrawn
104528,2017,Nursing,Nursing BSN,Senior,Female,In-State,4.0,Enrolled
104529,2017,Nursing,Public Health,Freshman,Female,In-State,4.0,Graduated
104530,2017,Nursing,Public Health,Sophomore,Male,Out-of-State,2.68,Graduated
104531,2017,Nursing,Public Health,Sophomore,Male,In-State,2.28,Withdrawn
104532,2017,Nursing,Public Health,Senior,Female,In-State,3.44,Enrolled
104533,2017,Nursing,Nursing BSN,Freshman,Female,International,3.32,Enrolled
104534,2017,Nursing,Nursing BSN,Junior,Female,In-State,3.34,Enrolled
104535,2017,Nursing,Public Health,Senior,Female,In-State,3.56,Enrolled
104536,2017,Nursing,Public Health,Sophomore,Female,Out-of-State,2.89,Enrolled
104537,2017,Nursing,Public Health,Junior,Female,In-State,3.22,Enrolled
104538,2017,Nursing,Public Health,Sophomore,Female,Out-of-State,2.81,Enrolled
104539,2017,Nursing,Public Health,Junior,Male,In-State,3.69,Enrolled
104540,2017,Nursing,Public Health,Sophomore,Male,In-State,4.0,Enrolled
104541,2017,Nursing,Nursing BSN,Senior,Male,In-State,3.79,Enrolled
104542,2018,Nursing,Public Health,Junior,Female,In-State,3.52,On Leave
104543,2018,Nursing,Public Health,Senior,Female,Out-of-State,3.56,Graduated
104544,2018,Nursing,Nursing BSN,Freshman,Male,In-State,2.56,Graduated
104545,2018,Nursing,Nursing BSN,Junior,Female,In-State,3.2,Enrolled
104546,2018,Nursing,Nursing BSN,Senior,Male,Out-of-State,2.66,Enrolled
104547,2018,Nursing,Public Health,Freshman,Male,In-State,3.23,Enrolled
104548,2018,Nursing,Nursing BSN,Senior,Male,In-State,2.91,Enrolled
104549,2018,Nursing,Nursing BSN,Freshman,Male,In-State,3.21,Enrolled
104550,2018,Nursing,Nursing BSN,Graduate,Female,Out-of-State,2.31,Enrolled
104551,2018,Nursing,Nursing BSN,Graduate,Female,In-State,3.24,Enrolled
104552,2018,Nursing,Public Health,Senior,Male,In-State,3.52,Enrolled
104553,2018,Nursing,Nursing BSN,Sophomore,Female,In-State,3.06,Enrolled
104554,2018,Nursing,Public Health,Sophomore,Female,In-State,3.58,Enrolled
104555,2018,Nursing,Nursing BSN,Freshman,Female,In-State,3.07,Enrolled
104556,2018,Nursing,Nursing BSN,Sophomore,Female,In-State,3.5,Enrolled
104557,2018,Nursing,Public Health,Graduate,Female,In-State,3.57,Enrolled
104558,2018,Nursing,Public Health,Junior,Female,Out-of-State,3.82,Withdrawn
104559,2018,Nursing,Nursing BSN,Sophomore,Female,Out-of-State,2.24,Enrolled
104560,2018,Nursing,Nursing BSN,Senior,Female,International,3.58,Enrolled
104561,2018,Nursing,Nursing BSN,Sophomore,Female,In-State,2.29,Enrolled
104562,2018,Nursing,Public Health,Senior,Female,Out-of-State,3.85,Enrolled
104563,2018,Nursing,Nursing BSN,Freshman,Male,Out-of-State,3.96,Enrolled
104564,2018,Nursing,Nursing BSN,Sophomore,Female,In-State,2.83,Enrolled
104565,2018,Nursing,Nursing BSN,Freshman,Male,In-State,3.3,Enrolled
104566,2018,Nursing,Public Health,Junior,Female,Out-of-State,3.23,Enrolled
104567,2018,Nursing,Nursing BSN,Senior,Male,Out-of-State,3.17,Enrolled
104568,2018,Nursing,Public Health,Freshman,Male,In-State,3.41,Enrolled
104569,2018,Nursing,Nursing BSN,Senior,Female,In-State,4.0,Enrolled
104570,2018,Nursing,Public Health,Junior,Male,Out-of-State,3.76,Enrolled
104571,2018,Nursing,Nursing BSN,Senior,Female,Out-of-State,2.43,Enrolled
104572,2018,Nursing,Public Health,Graduate,Female,Out-of-State,4.0,Graduated
104573,2018,Nursing,Nursing BSN,Sophomore,Female,In-State,2.98,Enrolled
104574,2018,Nursing,Public Health,Senior,Female,In-State,3.62,Withdrawn
104575,2018,Nursing,Public Health,Junior,Male,In-State,3.61,Enrolled
104576,2018,Nursing,Nursing BSN,Freshman,Female,In-State,3.18,Enrolled
104577,2018,Nursing,Nursing BSN,Graduate,Female,In-State,3.89,Enrolled
104578,2018,Nursing,Public Health,Junior,Male,International,2.99,Graduated
104579,2018,Nursing,Public Health,Sophomore,Female,In-State,3.01,Enrolled
104580,2018,Nursing,Public Health,Graduate,Female,Out-of-State,3.23,Enrolled
104581,2018,Nursing,Public Health,Junior,Male,Out-of-State,4.0,Enrolled
104582,2018,Nursing,Nursing BSN,Sophomore,Male,Out-of-State,3.61,Enrolled
104583,2018,Nursing,Public Health,Junior,Female,In-State,3.14,Enrolled
104584,2018,Nursing,Nursing BSN,Sophomore,Male,In-State,3.2,Enrolled
104585,2018,Nursing,Nursing BSN,Freshman,Male,In-State,3.28,Enrolled
104586,2018,Nursing,Public Health,Sophomore,Male,In-State,2.68,Enrolled
104587,2018,Nursing,Public Health,Senior,Female,In-State,3.26,Enrolled
104588,2018,Nursing,Public Health,Junior,Female,Out-of-State,2.99,Enrolled
104589,2018,Nursing,Public Health,Freshman,Female,Out-of-State,3.33,Enrolled
104590,2018,Nursing,Public Health,Freshman,Female,In-State,3.45,Withdrawn
104591,2018,Nursing,Public Health,Graduate,Female,In-State,3.59,Enrolled
104592,2018,Nursing,Nursing BSN,Junior,Male,In-State,2.53,Enrolled
104593,2018,Nursing,Nursing BSN,Junior,Female,In-State,2.95,Enrolled
104594,2018,Nursing,Public Health,Junior,Female,In-State,2.82,Withdrawn
104595,2019,Nursing,Public Health,Freshman,Female,In-State,2.94,Enrolled
104596,2019,Nursing,Public Health,Senior,Female,Out-of-State,3.2,Enrolled
104597,2019,Nursing,Public Health,Junior,Female,Out-of-State,3.13,On Leave
104598,2019,Nursing,Nursing BSN,Graduate,Male,In-State,2.64,Enrolled
104599,2019,Nursing,Nursing BSN,Junior,Female,In-State,3.07,Enrolled
104600,2019,Nursing,Nursing BSN,Junior,Female,Out-of-State,3.12,Graduated
104601,2019,Nursing,Public Health,Freshman,Male,Out-of-State,3.85,Graduated
104602,2019,Nursing,Public Health,Sophomore,Male,In-State,2.98,Enrolled
104603,2019,Nursing,Nursing BSN,Freshman,Female,Out-of-State,3.45,Enrolled
104604,2019,Nursing,Nursing BSN,Freshman,Female,In-State,3.7,Withdrawn
104605,2019,Nursing,Nursing BSN,Junior,Female,In-State,3.11,Enrolled
104606,2019,Nursing,Public Health,Junior,Female,In-State,2.57,Enrolled
104607,2019,Nursing,Nursing BSN,Sophomore,Male,Out-of-State,2.76,Enrolled
104608,2019,Nursing,Public Health,Graduate,Female,In-State,2.4,Enrolled
104609,2019,Nursing,Nursing BSN,Sophomore,Female,In-State,2.94,Graduated
104610,2019,Nursing,Nursing BSN,Senior,Female,International,2.77,Enrolled
104611,2019,Nursing,Public Health,Senior,Female,In-State,2.81,Enrolled
104612,2019,Nursing,Public Health,Sophomore,Male,Out-of-State,3.39,Graduated
104613,2019,Nursing,Public Health,Freshman,Female,In-State,3.34,Enrolled
104614,2019,Nursing,Public Health,Senior,Female,In-State,3.74,Enrolled
104615,2019,Nursing,Nursing BSN,Junior,Male,In-State,3.28,Enrolled
104616,2019,Nursing,Nursing BSN,Junior,Female,In-State,2.86,Enrolled
104617,2019,Nursing,Nursing BSN,Freshman,Male,In-State,2.37,Enrolled
104618,2019,Nursing,Nursing BSN,Sophomore,Female,Out-of-State,2.85,Graduated
104619,2019,Nursing,Public Health,Sophomore,Female,In-State,2.86,On Leave
104620,2019,Nursing,Public Health,Senior,Male,In-State,3.63,Enrolled
104621,2019,Nursing,Public Health,Senior,Male,In-State,2.73,Graduated
104622,2019,Nursing,Public Health,Senior,Male,In-State,2.02,Enrolled
104623,2019,Nursing,Public Health,Junior,Female,Out-of-State,2.99,Graduated
104624,2019,Nursing,Public Health,Junior,Male,In-State,3.02,Enrolled
104625,2019,Nursing,Public Health,Graduate,Female,International,3.49,Graduated
104626,2019,Nursing,Public Health,Freshman,Female,International,3.35,Enrolled
104627,2019,Nursing,Public Health,Sophomore,Male,Out-of-State,3.34,Enrolled
104628,2019,Nursing,Public Health,Junior,Male,In-State,3.54,Enrolled
104629,2019,Nursing,Public Health,Junior,Male,In-State,3.65,Enrolled
104630,2019,Nursing,Public Health,Freshman,Female,In-State,3.82,Enrolled
104631,2019,Nursing,Public Health,Sophomore,Male,In-State,3.08,Enrolled
104632,2019,Nursing,Nursing BSN,Sophomore,Female,Out-of-State,3.52,Enrolled
104633,2019,Nursing,Nursing BSN,Senior,Male,In-State,3.01,Enrolled
104634,2019,Nursing,Public Health,Senior,Male,In-State,3.52,On Leave
104635,2019,Nursing,Public Health,Freshman,Male,In-State,3.19,Enrolled
104636,2019,Nursing,Nursing BSN,Junior,Male,Out-of-State,4.0,Enrolled
104637,2019,Nursing,Public Health,Junior,Male,In-State,3.33,Enrolled
104638,2019,Nursing,Public Health,Junior,Female,In-State,2.04,Enrolled
104639,2020,Nursing,Public Health,Freshman,Male,International,3.26,Enrolled
104640,2020,Nursing,Nursing BSN,Senior,Male,Out-of-State,2.75,Graduated
104641,2020,Nursing,Public Health,Freshman,Male,International,3.28,Enrolled
104642,2020,Nursing,Nursing BSN,Senior,Male,In-State,2.74,Enrolled
104643,2020,Nursing,Public Health,Senior,Female,Out-of-State,2.05,Enrolled
104644,2020,Nursing,Public Health,Senior,Male,Out-of-State,3.65,On Leave
104645,2020,Nursing,Nursing BSN,Sophomore,Female,Out-of-State,2.74,Enrolled
104646,2020,Nursing,Public Health,Sophomore,Female,In-State,2.7,Enrolled
104647,2020,Nursing,Public Health,Senior,Male,In-State,2.3,Enrolled
104648,2020,Nursing,Public Health,Junior,Female,In-State,3.48,Graduated
104649,2020,Nursing,Public Health,Junior,Female,Out-of-State,3.1,Enrolled
104650,2020,Nursing,Public Health,Sophomore,Female,In-State,3.17,Enrolled
104651,2020,Nursing,Public Health,Senior,Male,International,2.41,Graduated
104652,2020,Nursing,Public Health,Junior,Female,In-State,2.84,Enrolled
104653,2020,Nursing,Nursing BSN,Freshman,Female,In-State,3.72,Enrolled
104654,2020,Nursing,Public Health,Senior,Female,Out-of-State,3.12,Enrolled
104655,2020,Nursing,Nursing BSN,Senior,Female,In-State,2.33,Graduated
104656,2020,Nursing,Public Health,Junior,Female,In-State,2.79,Enrolled
104657,2020,Nursing,Public Health,Freshman,Male,Out-of-State,2.9,Enrolled
104658,2020,Nursing,Nursing BSN,Sophomore,Other,Out-of-State,2.44,Enrolled
104659,2020,Nursing,Public Health,Graduate,Female,In-State,3.12,Enrolled
104660,2020,Nursing,Nursing BSN,Junior,Female,In-State,2.84,Enrolled
104661,2020,Nursing,Public Health,Freshman,Female,In-State,3.07,Enrolled
104662,2020,Nursing,Public Health,Junior,Female,International,3.01,On Leave
104663,2020,Nursing,Public Health,Freshman,Female,In-State,3.0,Graduated
104664,2020,Nursing,Public Health,Freshman,Female,International,3.01,Enrolled
104665,2020,Nursing,Public Health,Sophomore,Male,International,2.4,Enrolled
104666,2020,Nursing,Nursing BSN,Senior,Female,In-State,3.13,Enrolled
104667,2020,Nursing,Public Health,Freshman,Male,Out-of-State,2.09,Enrolled
104668,2020,Nursing,Nursing BSN,Graduate,Female,Out-of-State,3.06,Enrolled
104669,2020,Nursing,Nursing BSN,Graduate,Male,Out-of-State,2.79,Graduated
104670,2020,Nursing,Public Health,Junior,Female,In-State,3.16,Enrolled
104671,2020,Nursing,Nursing BSN,Freshman,Female,In-State,2.48,Enrolled
104672,2020,Nursing,Public Health,Senior,Female,In-State,2.83,Graduated
104673,2021,Nursing,Public Health,Senior,Male,In-State,3.44,Enrolled
104674,2021,Nursing,Public Health,Sophomore,Male,International,3.27,Enrolled
104675,2021,Nursing,Nursing BSN,Sophomore,Female,Out-of-State,3.67,Enrolled
104676,2021,Nursing,Nursing BSN,Freshman,Male,In-State,3.1,Enrolled
104677,2021,Nursing,Public Health,Freshman,Male,In-State,3.75,Enrolled
104678,2021,Nursing,Public Health,Junior,Male,Out-of-State,3.5,On Leave
104679,2021,Nursing,Nursing BSN,Junior,Male,In-State,2.41,Graduated
104680,2021,Nursing,Nursing BSN,Senior,Male,International,3.76,Graduated
104681,2021,Nursing,Nursing BSN,Freshman,Female,In-State,3.01,Enrolled
104682,2021,Nursing,Nursing BSN,Sophomore,Female,Out-of-State,2.27,Enrolled
104683,2021,Nursing,Public Health,Junior,Male,Out-of-State,3.22,Enrolled
104684,2021,Nursing,Public Health,Sophomore,Male,In-State,2.68,On Leave
104685,2021,Nursing,Nursing BSN,Freshman,Female,Out-of-State,3.42,Enrolled
104686,2021,Nursing,Public Health,Senior,Male,In-State,3.65,Enrolled
104687,2021,Nursing,Public Health,Freshman,Male,Out-of-State,3.51,Graduated
104688,2021,Nursing,Public Health,Senior,Male,In-State,2.42,Enrolled
104689,2021,Nursing,Public Health,Junior,Female,International,2.77,Enrolled
104690,2021,Nursing,Public Health,Sophomore,Female,In-State,3.19,Enrolled
104691,2021,Nursing,Nursing BSN,Sophomore,Female,In-State,3.38,Enrolled
104692,2021,Nursing,Public Health,Sophomore,Male,In-State,3.22,Enrolled
104693,2021,Nursing,Public Health,Sophomore,Male,Out-of-State,2.64,Enrolled
104694,2021,Nursing,Nursing BSN,Graduate,Female,In-State,3.5,Enrolled
104695,2021,Nursing,Nursing BSN,Senior,Female,In-State,3.17,On Leave
104696,2021,Nursing,Nursing BSN,Sophomore,Female,In-State,3.27,Enrolled
104697,2021,Nursing,Nursing BSN,Junior,Female,In-State,3.39,Enrolled
104698,2021,Nursing,Nursing BSN,Freshman,Female,In-State,3.27,Enrolled
104699,2021,Nursing,Nursing BSN,Sophomore,Male,Out-of-State,2.61,Enrolled
104700,2021,Nursing,Public Health,Freshman,Male,Out-of-State,3.19,Graduated
104701,2021,Nursing,Public Health,Freshman,Female,In-State,2.96,Enrolled
104702,2021,Nursing,Nursing BSN,Sophomore,Female,In-State,3.71,Graduated
104703,2021,Nursing,Nursing BSN,Sophomore,Female,In-State,2.97,Graduated
104704,2021,Nursing,Public Health,Sophomore,Female,In-State,3.8,Enrolled
104705,2021,Nursing,Nursing BSN,Freshman,Female,In-State,2.9,Enrolled
104706,2021,Nursing,Public Health,Senior,Male,In-State,2.84,Enrolled
104707,2021,Nursing,Public Health,Junior,Male,In-State,3.15,Enrolled
104708,2021,Nursing,Public Health,Junior,Male,In-State,2.88,Enrolled
104709,2021,Nursing,Public Health,Sophomore,Female,In-State,3.18,Enrolled
104710,2021,Nursing,Nursing BSN,Senior,Female,Out-of-State,2.63,Enrolled
104711,2021,Nursing,Public Health,Sophomore,Male,In-State,3.18,Graduated
104712,2021,Nursing,Nursing BSN,Senior,Male,Out-of-State,2.9,Enrolled
104713,2021,Nursing,Public Health,Senior,Female,In-State,3.23,Enrolled
104714,2021,Nursing,Nursing BSN,Senior,Male,In-State,2.88,Enrolled
104715,2021,Nursing,Nursing BSN,Junior,Male,International,3.42,Graduated
104716,2021,Nursing,Public Health,Freshman,Female,Out-of-State,3.56,Withdrawn
104717,2021,Nursing,Nursing BSN,Junior,Female,Out-of-State,2.76,Enrolled
104718,2021,Nursing,Nursing BSN,Freshman,Male,International,3.55,Enrolled
104719,2021,Nursing,Public Health,Senior,Female,In-State,3.68,Enrolled
104720,2021,Nursing,Nursing BSN,Junior,Male,In-State,3.64,Enrolled
104721,2021,Nursing,Public Health,Sophomore,Male,Out-of-State,2.83,Enrolled
104722,2021,Nursing,Nursing BSN,Sophomore,Male,In-State,3.26,Enrolled
104723,2022,Nursing,Nursing BSN,Sophomore,Male,Out-of-State,3.09,Enrolled
104724,2022,Nursing,Nursing BSN,Junior,Female,In-State,3.89,Graduated
104725,2022,Nursing,Public Health,Sophomore,Female,In-State,3.57,Enrolled
104726,2022,Nursing,Public Health,Senior,Other,Out-of-State,3.15,Enrolled
104727,2022,Nursing,Public Health,Senior,Male,In-State,2.06,Enrolled
104728,2022,Nursing,Nursing BSN,Freshman,Female,International,3.76,Enrolled
104729,2022,Nursing,Nursing BSN,Senior,Male,In-State,3.4,Enrolled
104730,2022,Nursing,Public Health,Senior,Female,International,3.16,Enrolled
104731,2022,Nursing,Public Health,Freshman,Male,In-State,2.95,Enrolled
104732,2022,Nursing,Nursing BSN,Freshman,Female,In-State,3.6,Enrolled
104733,2022,Nursing,Nursing BSN,Senior,Male,In-State,2.25,Enrolled
104734,2022,Nursing,Nursing BSN,Sophomore,Male,Out-of-State,3.5,Enrolled
104735,2022,Nursing,Public Health,Sophomore,Male,International,3.72,Enrolled
104736,2022,Nursing,Nursing BSN,Senior,Female,In-State,2.58,Graduated
104737,2022,Nursing,Public Health,Sophomore,Female,International,3.94,Enrolled
104738,2022,Nursing,Nursing BSN,Sophomore,Female,Out-of-State,2.78,Enrolled
104739,2022,Nursing,Public Health,Sophomore,Female,Out-of-State,2.77,Enrolled
104740,2022,Nursing,Nursing BSN,Sophomore,Male,Out-of-State,3.13,Enrolled
104741,2022,Nursing,Public Health,Sophomore,Female,In-State,2.86,Graduated
104742,2022,Nursing,Nursing BSN,Senior,Male,In-State,3.06,Graduated
104743,2022,Nursing,Public Health,Sophomore,Male,Out-of-State,3.58,Graduated
104744,2022,Nursing,Public Health,Junior,Male,International,3.01,Enrolled
104745,2022,Nursing,Public Health,Junior,Male,In-State,3.77,Withdrawn
104746,2022,Nursing,Public Health,Freshman,Female,Out-of-State,3.38,Enrolled
104747,2022,Nursing,Nursing BSN,Freshman,Male,Out-of-State,2.98,Enrolled
104748,2022,Nursing,Public Health,Sophomore,Male,Out-of-State,2.36,On Leave
104749,2022,Nursing,Nursing BSN,Sophomore,Female,In-State,2.45,Withdrawn
104750,2022,Nursing,Public Health,Sophomore,Male,In-State,3.5,Graduated
104751,2022,Nursing,Nursing BSN,Senior,Male,In-State,3.43,Enrolled
104752,2022,Nursing,Nursing BSN,Freshman,Male,Out-of-State,3.42,Enrolled
104753,2022,Nursing,Nursing BSN,Senior,Male,In-State,3.95,Enrolled
104754,2022,Nursing,Nursing BSN,Freshman,Male,In-State,3.2,Enrolled
104755,2022,Nursing,Public Health,Senior,Male,Out-of-State,3.59,Enrolled
104756,2022,Nursing,Nursing BSN,Freshman,Female,Out-of-State,3.86,Enrolled
104757,2022,Nursing,Nursing BSN,Sophomore,Male,In-State,3.37,Enrolled
104758,2022,Nursing,Public Health,Junior,Female,Out-of-State,4.0,Enrolled
104759,2022,Nursing,Public Health,Sophomore,Male,Out-of-State,2.88,Enrolled
104760,2022,Nursing,Public Health,Freshman,Female,In-State,3.57,Graduated
104761,2022,Nursing,Nursing BSN,Freshman,Female,Out-of-State,2.61,Enrolled
104762,2022,Nursing,Nursing BSN,Freshman,Male,In-State,3.13,Enrolled
104763,2022,Nursing,Public Health,Freshman,Female,Out-of-State,3.2,Enrolled
104764,2022,Nursing,Nursing BSN,Junior,Male,In-State,3.24,Enrolled
104765,2022,Nursing,Public Health,Junior,Female,In-State,2.3,Enrolled
104766,2023,Nursing,Public Health,Freshman,Female,International,2.97,Enrolled
104767,2023,Nursing,Public Health,Graduate,Female,Out-of-State,2.54,Enrolled
104768,2023,Nursing,Nursing BSN,Senior,Female,In-State,3.15,Enrolled
104769,2023,Nursing,Nursing BSN,Sophomore,Female,In-State,3.37,Graduated
104770,2023,Nursing,Public Health,Sophomore,Male,Out-of-State,3.02,Enrolled
104771,2023,Nursing,Public Health,Freshman,Male,Out-of-State,3.23,Enrolled
104772,2023,Nursing,Nursing BSN,Freshman,Female,In-State,2.75,Enrolled
104773,2023,Nursing,Nursing BSN,Graduate,Female,In-State,3.12,Enrolled
104774,2023,Nursing,Nursing BSN,Junior,Female,In-State,3.73,Enrolled
104775,2023,Nursing,Nursing BSN,Freshman,Female,Out-of-State,3.68,Enrolled
104776,2023,Nursing,Public Health,Junior,Male,Out-of-State,3.88,Enrolled
104777,2023,Nursing,Nursing BSN,Freshman,Male,In-State,3.41,On Leave
104778,2023,Nursing,Public Health,Senior,Female,In-State,3.29,Enrolled
104779,2023,Nursing,Public Health,Sophomore,Female,In-State,2.5,Enrolled
104780,2023,Nursing,Nursing BSN,Freshman,Female,In-State,3.49,Enrolled
104781,2023,Nursing,Nursing BSN,Freshman,Female,In-State,2.56,Enrolled
104782,2023,Nursing,Public Health,Sophomore,Female,In-State,3.08,Enrolled
104783,2023,Nursing,Public Health,Junior,Male,In-State,3.2,Enrolled
104784,2023,Nursing,Nursing BSN,Sophomore,Male,In-State,3.18,Enrolled
104785,2023,Nursing,Nursing BSN,Sophomore,Male,In-State,3.49,Enrolled
104786,2023,Nursing,Nursing BSN,Freshman,Male,In-State,3.04,Enrolled
104787,2023,Nursing,Nursing BSN,Freshman,Male,In-State,3.26,Enrolled
104788,2023,Nursing,Public Health,Freshman,Female,International,3.02,Withdrawn
104789,2023,Nursing,Public Health,Senior,Male,Out-of-State,2.86,Enrolled
104790,2023,Nursing,Public Health,Freshman,Male,Out-of-State,2.95,On Leave
104791,2023,Nursing,Public Health,Junior,Male,International,3.14,Enrolled
104792,2023,Nursing,Nursing BSN,Junior,Female,In-State,2.74,Enrolled
104793,2023,Nursing,Public Health,Sophomore,Male,International,2.66,Enrolled
104794,2023,Nursing,Public Health,Senior,Male,Out-of-State,4.0,Withdrawn
104795,2023,Nursing,Nursing BSN,Sophomore,Male,In-State,3.13,Enrolled
104796,2023,Nursing,Nursing BSN,Freshman,Male,In-State,3.15,Enrolled
104797,2023,Nursing,Nursing BSN,Sophomore,Male,Out-of-State,3.7,Graduated
104798,2023,Nursing,Public Health,Junior,Female,In-State,3.86,Enrolled
104799,2023,Nursing,Public Health,Freshman,Female,In-State,3.12,On Leave
104800,2024,Nursing,Public Health,Senior,Male,International,3.04,Enrolled
104801,2024,Nursing,Nursing BSN,Graduate,Female,International,3.51,Enrolled
104802,2024,Nursing,Nursing BSN,Freshman,Other,In-State,2.73,Graduated
104803,2024,Nursing,Nursing BSN,Sophomore,Male,International,2.92,Graduated
104804,2024,Nursing,Nursing BSN,Junior,Female,In-State,3.99,Enrolled
104805,2024,Nursing,Public Health,Sophomore,Male,In-State,1.83,Enrolled
104806,2024,Nursing,Nursing BSN,Graduate,Male,In-State,3.56,Withdrawn
104807,2024,Nursing,Nursing BSN,Freshman,Female,In-State,2.96,Enrolled
104808,2024,Nursing,Public Health,Freshman,Female,Out-of-State,1.64,Enrolled
104809,2024,Nursing,Nursing BSN,Junior,Female,International,2.53,Enrolled
104810,2024,Nursing,Nursing BSN,Sophomore,Male,In-State,3.22,Enrolled
104811,2024,Nursing,Nursing BSN,Freshman,Other,In-State,3.52,Enrolled
104812,2024,Nursing,Public Health,Freshman,Male,Out-of-State,3.09,Enrolled
104813,2024,Nursing,Nursing BSN,Freshman,Male,Out-of-State,2.7,Enrolled
104814,2024,Nursing,Nursing BSN,Junior,Male,In-State,2.89,Graduated
104815,2024,Nursing,Public Health,Graduate,Female,In-State,3.06,Enrolled
104816,2024,Nursing,Public Health,Freshman,Female,Out-of-State,3.48,Enrolled
104817,2024,Nursing,Public Health,Senior,Female,In-State,2.95,Enrolled
104818,2024,Nursing,Public Health,Junior,Female,In-State,2.5,Enrolled
104819,2024,Nursing,Public Health,Senior,Male,In-State,2.86,Graduated
104820,2024,Nursing,Nursing BSN,Sophomore,Female,In-State,2.86,Graduated
104821,2024,Nursing,Nursing BSN,Junior,Female,In-State,4.0,Enrolled
104822,2024,Nursing,Nursing BSN,Junior,Male,Out-of-State,3.27,Enrolled
104823,2024,Nursing,Public Health,Freshman,Male,Out-of-State,3.3,Enrolled
104824,2024,Nursing,Nursing BSN,Freshman,Female,In-State,2.85,Enrolled
104825,2024,Nursing,Nursing BSN,Junior,Female,In-State,2.93,Graduated
104826,2024,Nursing,Public Health,Junior,Male,In-State,2.74,On Leave
104827,2024,Nursing,Public Health,Freshman,Male,In-State,3.82,Enrolled
104828,2024,Nursing,Public Health,Junior,Female,In-State,2.95,Enrolled
104829,2024,Nursing,Nursing BSN,Junior,Male,In-State,3.36,Enrolled
104830,2024,Nursing,Public Health,Sophomore,Male,In-State,2.23,Enrolled
104831,2024,Nursing,Nursing BSN,Junior,Female,In-State,3.17,Enrolled
104832,2024,Nursing,Public Health,Sophomore,Female,In-State,3.77,Enrolled
104833,2024,Nursing,Public Health,Junior,Female,In-State,3.38,Enrolled
104834,2024,Nursing,Nursing BSN,Sophomore,Male,In-State,2.09,Graduated
104835,2024,Nursing,Nursing BSN,Sophomore,Male,Out-of-State,2.75,Enrolled
104836,2024,Nursing,Public Health,Freshman,Other,Out-of-State,3.68,Enrolled
104837,2024,Nursing,Nursing BSN,Junior,Female,Out-of-State,3.34,Enrolled
104838,2024,Nursing,Nursing BSN,Graduate,Female,In-State,2.88,Enrolled
104839,2024,Nursing,Public Health,Graduate,Female,Out-of-State,2.98,Enrolled
104840,2024,Nursing,Public Health,Freshman,Female,In-State,3.82,Enrolled
104841,2024,Nursing,Public Health,Sophomore,Female,In-State,2.38,Enrolled
104842,2024,Nursing,Nursing BSN,Senior,Female,In-State,3.4,Graduated
104843,2024,Nursing,Nursing BSN,Junior,Male,In-State,3.55,Enrolled
104844,2024,Nursing,Nursing BSN,Senior,Male,In-State,2.69,Graduated
104845,2024,Nursing,Nursing BSN,Junior,Male,In-State,2.52,Enrolled
104846,2024,Nursing,Public Health,Junior,Male,In-State,2.84,Enrolled
104847,2024,Nursing,Nursing BSN,Senior,Male,Out-of-State,3.4,Enrolled
104848,2024,Nursing,Public Health,Junior,Female,International,1.86,Enrolled
104849,2024,Nursing,Public Health,Junior,Female,In-State,3.18,Enrolled
104850,2024,Nursing,Nursing BSN,Senior,Female,International,3.4,Graduated
104851,2024,Nursing,Public Health,Graduate,Male,International,3.49,Enrolled
104852,2024,Nursing,Public Health,Senior,Female,Out-of-State,3.81,Enrolled
104853,2024,Nursing,Nursing BSN,Senior,Male,In-State,3.25,Enrolled
104854,2024,Nursing,Nursing BSN,Senior,Female,In-State,2.86,Enrolled
104855,2024,Nursing,Nursing BSN,Sophomore,Male,In-State,3.21,Graduated
104856,2024,Nursing,Nursing BSN,Graduate,Male,International,3.12,Graduated
104857,2024,Nursing,Nursing BSN,Senior,Male,Out-of-State,3.25,Enrolled
104858,2024,Nursing,Public Health,Sophomore,Male,Out-of-State,3.25,Enrolled
104859,2024,Nursing,Nursing BSN,Senior,Male,In-State,3.01,Enrolled
104860,2024,Nursing,Nursing BSN,Junior,Male,Out-of-State,3.75,Graduated
104861,2024,Nursing,Nursing BSN,Senior,Male,In-State,3.14,Enrolled
104862,2025,Nursing,Public Health,Graduate,Female,Out-of-State,3.84,Graduated
104863,2025,Nursing,Nursing BSN,Senior,Female,In-State,2.72,Graduated
104864,2025,Nursing,Public Health,Sophomore,Male,Out-of-State,2.73,Enrolled
104865,2025,Nursing,Public Health,Freshman,Male,Out-of-State,3.12,Enrolled
104866,2025,Nursing,Public Health,Freshman,Male,Out-of-State,2.22,Enrolled
104867,2025,Nursing,Nursing BSN,Freshman,Male,In-State,3.2,Enrolled
104868,2025,Nursing,Public Health,Senior,Female,In-State,3.64,Withdrawn
104869,2025,Nursing,Public Health,Senior,Male,In-State,3.01,Graduated
104870,2025,Nursing,Public Health,Junior,Female,In-State,2.02,Enrolled
104871,2025,Nursing,Nursing BSN,Senior,Male,In-State,2.88,Enrolled
104872,2025,Nursing,Nursing BSN,Senior,Female,Out-of-State,3.66,Graduated
104873,2025,Nursing,Nursing BSN,Junior,Female,In-State,2.91,Enrolled
104874,2025,Nursing,Nursing BSN,Freshman,Male,In-State,2.92,On Leave
104875,2025,Nursing,Nursing BSN,Freshman,Male,Out-of-State,3.02,Graduated
104876,2025,Nursing,Nursing BSN,Sophomore,Male,In-State,3.0,Enrolled
104877,2025,Nursing,Nursing BSN,Senior,Female,Out-of-State,3.5,Enrolled
104878,2025,Nursing,Public Health,Sophomore,Female,In-State,2.92,Enrolled
104879,2025,Nursing,Nursing BSN,Sophomore,Male,International,2.96,Enrolled
104880,2025,Nursing,Public Health,Freshman,Female,In-State,2.07,On Leave
104881,2025,Nursing,Public Health,Senior,Male,International,3.31,Graduated
104882,2025,Nursing,Nursing BSN,Graduate,Male,In-State,2.53,Enrolled
104883,2025,Nursing,Nursing BSN,Senior,Male,International,2.97,Graduated
104884,2025,Nursing,Public Health,Senior,Male,Out-of-State,2.9,Withdrawn
104885,2025,Nursing,Public Health,Junior,Female,Out-of-State,2.84,Graduated
104886,2025,Nursing,Public Health,Senior,Female,Out-of-State,2.88,Enrolled
104887,2025,Nursing,Nursing BSN,Sophomore,Female,International,2.66,Enrolled
104888,2025,Nursing,Nursing BSN,Junior,Female,In-State,3.45,Enrolled
104889,2025,Nursing,Nursing BSN,Sophomore,Male,In-State,3.6,Enrolled
104890,2025,Nursing,Nursing BSN,Freshman,Female,Out-of-State,2.63,Withdrawn
104891,2025,Nursing,Nursing BSN,Freshman,Female,In-State,3.29,Enrolled
104892,2015,Law,JD Program,Senior,Male,Out-of-State,2.87,Enrolled
104893,2015,Law,Legal Studies,Junior,Female,Out-of-State,3.49,Enrolled
104894,2015,Law,JD Program,Sophomore,Female,International,3.55,Enrolled
104895,2015,Law,Legal Studies,Sophomore,Female,In-State,3.01,Enrolled
104896,2015,Law,Legal Studies,Senior,Male,In-State,3.93,Enrolled
104897,2015,Law,Legal Studies,Sophomore,Male,Out-of-State,2.59,Enrolled
104898,2015,Law,JD Program,Freshman,Female,In-State,3.31,Enrolled
104899,2015,Law,JD Program,Freshman,Female,In-State,3.06,Enrolled
104900,2015,Law,JD Program,Sophomore,Female,In-State,3.33,Enrolled
104901,2015,Law,JD Program,Freshman,Female,In-State,3.7,Enrolled
104902,2015,Law,JD Program,Junior,Female,In-State,3.16,Enrolled
104903,2015,Law,JD Program,Senior,Female,Out-of-State,3.04,Graduated
104904,2015,Law,Legal Studies,Freshman,Female,International,4.0,Enrolled
104905,2015,Law,JD Program,Freshman,Female,In-State,2.77,Enrolled
104906,2015,Law,Legal Studies,Freshman,Male,International,3.22,Enrolled
104907,2015,Law,JD Program,Junior,Male,Out-of-State,3.39,Enrolled
104908,2015,Law,Legal Studies,Sophomore,Male,International,3.23,Withdrawn
104909,2015,Law,JD Program,Junior,Male,Out-of-State,2.66,On Leave
104910,2015,Law,JD Program,Freshman,Male,Out-of-State,3.92,Enrolled
104911,2015,Law,Legal Studies,Sophomore,Female,In-State,3.22,Enrolled
104912,2015,Law,Legal Studies,Sophomore,Male,Out-of-State,3.75,Graduated
104913,2015,Law,Legal Studies,Junior,Female,In-State,3.07,Enrolled
104914,2015,Law,Legal Studies,Graduate,Male,In-State,4.0,Enrolled
104915,2016,Law,JD Program,Junior,Male,In-State,3.25,Enrolled
104916,2016,Law,JD Program,Junior,Female,In-State,2.9,Enrolled
104917,2016,Law,JD Program,Sophomore,Female,In-State,2.99,Graduated
104918,2016,Law,JD Program,Junior,Female,International,2.8,Enrolled
104919,2016,Law,JD Program,Senior,Male,In-State,3.35,Enrolled
104920,2016,Law,Legal Studies,Freshman,Female,International,2.95,Enrolled
104921,2016,Law,Legal Studies,Freshman,Male,Out-of-State,3.04,Enrolled
104922,2016,Law,Legal Studies,Junior,Female,In-State,2.24,Enrolled
104923,2016,Law,Legal Studies,Freshman,Male,Out-of-State,3.29,Enrolled
104924,2016,Law,JD Program,Graduate,Male,Out-of-State,3.5,Graduated
104925,2016,Law,Legal Studies,Junior,Female,Out-of-State,2.54,Enrolled
104926,2016,Law,Legal Studies,Freshman,Male,Out-of-State,3.78,Graduated
104927,2016,Law,Legal Studies,Junior,Female,In-State,3.26,Withdrawn
104928,2016,Law,JD Program,Junior,Female,In-State,1.73,Enrolled
104929,2016,Law,Legal Studies,Junior,Female,Out-of-State,2.37,Enrolled
104930,2016,Law,JD Program,Graduate,Female,In-State,2.74,Enrolled
104931,2016,Law,Legal Studies,Sophomore,Male,In-State,3.46,Enrolled
104932,2016,Law,JD Program,Junior,Female,In-State,2.45,Enrolled
104933,2016,Law,JD Program,Freshman,Male,Out-of-State,2.4,Enrolled
104934,2016,Law,JD Program,Senior,Female,In-State,4.0,Enrolled
104935,2016,Law,Legal Studies,Freshman,Male,In-State,3.1,Enrolled
104936,2016,Law,JD Program,Freshman,Female,Out-of-State,2.92,Graduated
104937,2017,Law,JD Program,Junior,Female,In-State,3.23,Enrolled
104938,2017,Law,JD Program,Freshman,Male,In-State,3.2,Enrolled
104939,2017,Law,Legal Studies,Freshman,Female,Out-of-State,2.92,Withdrawn
104940,2017,Law,JD Program,Freshman,Female,In-State,3.15,Withdrawn
104941,2017,Law,JD Program,Junior,Female,In-State,2.9,Withdrawn
104942,2017,Law,JD Program,Sophomore,Female,Out-of-State,3.81,Enrolled
104943,2017,Law,JD Program,Freshman,Male,Out-of-State,3.21,Enrolled
104944,2017,Law,Legal Studies,Freshman,Female,International,3.41,Graduated
104945,2017,Law,Legal Studies,Junior,Female,Out-of-State,3.49,Enrolled
104946,2017,Law,Legal Studies,Junior,Female,Out-of-State,3.11,Graduated
104947,2017,Law,Legal Studies,Graduate,Male,In-State,3.44,Enrolled
104948,2017,Law,Legal Studies,Freshman,Female,In-State,3.89,Enrolled
104949,2017,Law,Legal Studies,Graduate,Male,In-State,3.43,Withdrawn
104950,2017,Law,JD Program,Junior,Female,International,3.54,Enrolled
104951,2017,Law,JD Program,Junior,Female,Out-of-State,2.95,Enrolled
104952,2017,Law,JD Program,Senior,Female,In-State,2.99,Enrolled
104953,2017,Law,JD Program,Graduate,Female,Out-of-State,3.48,Enrolled
104954,2017,Law,JD Program,Graduate,Male,Out-of-State,3.07,Enrolled
104955,2017,Law,Legal Studies,Sophomore,Male,In-State,3.09,Enrolled
104956,2017,Law,Legal Studies,Senior,Female,In-State,2.33,Graduated
104957,2017,Law,JD Program,Freshman,Male,International,3.98,Enrolled
104958,2017,Law,Legal Studies,Freshman,Female,International,2.67,Enrolled
104959,2017,Law,JD Program,Freshman,Male,In-State,3.14,Enrolled
104960,2017,Law,JD Program,Junior,Male,In-State,3.7,Enrolled
104961,2017,Law,Legal Studies,Sophomore,Male,Out-of-State,3.76,Enrolled
104962,2017,Law,Legal Studies,Freshman,Female,In-State,2.8,On Leave
104963,2017,Law,JD Program,Junior,Male,Out-of-State,3.6,Enrolled
104964,2017,Law,JD Program,Junior,Male,In-State,2.8,Enrolled
104965,2017,Law,JD Program,Junior,Male,In-State,2.55,Enrolled
104966,2017,Law,Legal Studies,Freshman,Male,In-State,3.83,Enrolled
104967,2017,Law,JD Program,Freshman,Male,In-State,3.42,Enrolled
104968,2017,Law,Legal Studies,Graduate,Female,In-State,2.91,Enrolled
104969,2017,Law,Legal Studies,Sophomore,Male,In-State,3.05,Enrolled
104970,2018,Law,JD Program,Freshman,Male,International,3.06,Enrolled
104971,2018,Law,Legal Studies,Freshman,Female,International,3.01,Enrolled
104972,2018,Law,Legal Studies,Sophomore,Male,In-State,3.08,Enrolled
104973,2018,Law,Legal Studies,Senior,Female,Out-of-State,2.98,Enrolled
104974,2018,Law,JD Program,Sophomore,Female,In-State,2.49,Enrolled
104975,2018,Law,JD Program,Sophomore,Male,In-State,2.56,Enrolled
104976,2018,Law,JD Program,Junior,Male,In-State,3.65,Enrolled
104977,2018,Law,JD Program,Freshman,Male,In-State,3.37,Enrolled
104978,2018,Law,JD Program,Freshman,Male,Out-of-State,3.76,Graduated
104979,2018,Law,Legal Studies,Sophomore,Female,Out-of-State,3.34,Enrolled
104980,2018,Law,JD Program,Junior,Male,Out-of-State,2.29,Enrolled
104981,2018,Law,JD Program,Junior,Female,In-State,3.03,Enrolled
104982,2018,Law,JD Program,Sophomore,Male,In-State,2.67,Enrolled
104983,2018,Law,Legal Studies,Freshman,Male,Out-of-State,2.52,Enrolled
104984,2018,Law,Legal Studies,Senior,Female,Out-of-State,2.82,Enrolled
104985,2018,Law,JD Program,Senior,Other,Out-of-State,2.99,Graduated
104986,2018,Law,Legal Studies,Junior,Male,In-State,2.76,Enrolled
104987,2018,Law,JD Program,Junior,Female,Out-of-State,2.62,Enrolled
104988,2018,Law,JD Program,Sophomore,Female,Out-of-State,2.22,Enrolled
104989,2018,Law,Legal Studies,Freshman,Female,In-State,3.29,Enrolled
104990,2018,Law,Legal Studies,Junior,Other,In-State,2.73,On Leave
104991,2018,Law,JD Program,Junior,Female,Out-of-State,2.45,Enrolled
104992,2018,Law,JD Program,Freshman,Female,In-State,3.41,Enrolled
104993,2018,Law,Legal Studies,Sophomore,Female,In-State,2.58,Enrolled
104994,2018,Law,JD Program,Sophomore,Male,In-State,3.12,Enrolled
104995,2018,Law,Legal Studies,Freshman,Male,In-State,3.79,Enrolled
104996,2018,Law,JD Program,Sophomore,Female,In-State,2.86,Enrolled
104997,2018,Law,Legal Studies,Freshman,Female,In-State,3.39,On Leave
104998,2018,Law,JD Program,Senior,Female,Out-of-State,2.88,Enrolled
104999,2018,Law,Legal Studies,Sophomore,Female,In-State,3.55,Enrolled
105000,2018,Law,Legal Studies,Junior,Female,In-State,3.71,Enrolled
105001,2018,Law,Legal Studies,Sophomore,Male,Out-of-State,2.98,Enrolled
105002,2018,Law,Legal Studies,Senior,Male,Out-of-State,2.58,Enrolled
105003,2018,Law,JD Program,Freshman,Female,International,2.63,Enrolled
105004,2018,Law,JD Program,Junior,Male,In-State,2.55,Enrolled
105005,2018,Law,JD Program,Senior,Male,In-State,3.19,On Leave
105006,2018,Law,JD Program,Sophomore,Female,Out-of-State,2.59,Enrolled
105007,2018,Law,JD Program,Sophomore,Female,Out-of-State,3.55,Enrolled
105008,2018,Law,Legal Studies,Senior,Female,In-State,3.21,Enrolled
105009,2019,Law,Legal Studies,Freshman,Female,In-State,3.8,Enrolled
105010,2019,Law,Legal Studies,Junior,Male,In-State,2.93,Withdrawn
105011,2019,Law,Legal Studies,Freshman,Female,Out-of-State,3.58,Withdrawn
105012,2019,Law,JD Program,Junior,Female,International,2.65,Enrolled
105013,2019,Law,JD Program,Junior,Male,In-State,2.81,Enrolled
105014,2019,Law,Legal Studies,Senior,Female,Out-of-State,3.54,Enrolled
105015,2019,Law,Legal Studies,Sophomore,Male,In-State,2.69,Enrolled
105016,2019,Law,Legal Studies,Sophomore,Female,International,2.58,Enrolled
105017,2019,Law,Legal Studies,Sophomore,Male,In-State,3.0,Enrolled
105018,2019,Law,Legal Studies,Senior,Male,Out-of-State,3.59,Enrolled
105019,2019,Law,Legal Studies,Sophomore,Male,In-State,3.0,Enrolled
105020,2019,Law,JD Program,Freshman,Male,In-State,3.36,Enrolled
105021,2019,Law,JD Program,Junior,Female,Out-of-State,3.2,Enrolled
105022,2019,Law,Legal Studies,Junior,Female,In-State,2.44,Graduated
105023,2019,Law,JD Program,Freshman,Female,Out-of-State,3.88,Graduated
105024,2019,Law,Legal Studies,Sophomore,Female,In-State,3.43,Withdrawn
105025,2019,Law,JD Program,Senior,Female,Out-of-State,2.68,Enrolled
105026,2019,Law,Legal Studies,Junior,Male,International,2.78,Enrolled
105027,2019,Law,JD Program,Freshman,Female,Out-of-State,3.04,Enrolled
105028,2019,Law,Legal Studies,Freshman,Female,In-State,2.93,Graduated
105029,2019,Law,Legal Studies,Freshman,Male,Out-of-State,3.0,Enrolled
105030,2019,Law,Legal Studies,Freshman,Male,In-State,3.46,Enrolled
105031,2019,Law,Legal Studies,Senior,Male,In-State,3.61,Enrolled
105032,2019,Law,JD Program,Sophomore,Male,In-State,3.01,Enrolled
105033,2019,Law,Legal Studies,Sophomore,Female,Out-of-State,2.97,Enrolled
105034,2019,Law,Legal Studies,Freshman,Male,In-State,3.07,Graduated
105035,2019,Law,Legal Studies,Freshman,Female,Out-of-State,2.46,Enrolled
105036,2019,Law,JD Program,Freshman,Male,Out-of-State,2.77,Enrolled
105037,2019,Law,Legal Studies,Freshman,Male,Out-of-State,2.99,Enrolled
105038,2019,Law,Legal Studies,Freshman,Female,Out-of-State,3.25,Graduated
105039,2019,Law,JD Program,Freshman,Male,Out-of-State,3.09,Enrolled
105040,2019,Law,Legal Studies,Freshman,Female,Out-of-State,3.04,Enrolled
105041,2019,Law,Legal Studies,Sophomore,Female,Out-of-State,3.33,Graduated
105042,2019,Law,JD Program,Freshman,Female,International,2.26,Enrolled
105043,2019,Law,JD Program,Freshman,Female,Out-of-State,2.85,Enrolled
105044,2020,Law,Legal Studies,Freshman,Female,Out-of-State,2.63,Enrolled
105045,2020,Law,JD Program,Junior,Male,In-State,2.93,Enrolled
105046,2020,Law,Legal Studies,Freshman,Male,In-State,3.34,Enrolled
105047,2020,Law,JD Program,Senior,Female,In-State,3.15,Enrolled
105048,2020,Law,Legal Studies,Senior,Male,Out-of-State,3.78,Enrolled
105049,2020,Law,Legal Studies,Junior,Male,In-State,2.6,Enrolled
105050,2020,Law,JD Program,Freshman,Female,In-State,2.03,Graduated
105051,2020,Law,JD Program,Sophomore,Male,International,3.08,Enrolled
105052,2020,Law,Legal Studies,Sophomore,Female,In-State,3.32,Enrolled
105053,2020,Law,JD Program,Freshman,Male,In-State,2.89,Enrolled
105054,2020,Law,Legal Studies,Junior,Female,In-State,2.76,Enrolled
105055,2020,Law,JD Program,Sophomore,Male,In-State,2.81,Graduated
105056,2020,Law,Legal Studies,Sophomore,Male,In-State,2.87,Enrolled
105057,2020,Law,JD Program,Senior,Female,International,2.41,Enrolled
105058,2020,Law,Legal Studies,Freshman,Female,In-State,3.31,Enrolled
105059,2020,Law,JD Program,Junior,Male,In-State,2.38,Enrolled
105060,2020,Law,JD Program,Sophomore,Female,International,2.77,Enrolled
105061,2020,Law,Legal Studies,Junior,Male,International,3.17,Withdrawn
105062,2020,Law,Legal Studies,Senior,Female,In-State,2.56,Enrolled
105063,2020,Law,Legal Studies,Junior,Female,In-State,3.0,Enrolled
105064,2020,Law,Legal Studies,Freshman,Female,In-State,3.51,On Leave
105065,2020,Law,Legal Studies,Graduate,Male,In-State,3.14,Enrolled
105066,2020,Law,JD Program,Senior,Female,In-State,3.07,On Leave
105067,2020,Law,JD Program,Junior,Male,In-State,3.21,Enrolled
105068,2020,Law,JD Program,Senior,Male,International,2.79,Enrolled
105069,2020,Law,Legal Studies,Freshman,Male,In-State,2.95,Enrolled
105070,2020,Law,JD Program,Junior,Male,In-State,2.35,Enrolled
105071,2020,Law,JD Program,Sophomore,Male,In-State,2.67,Enrolled
105072,2020,Law,JD Program,Sophomore,Female,Out-of-State,2.44,Enrolled
105073,2020,Law,Legal Studies,Junior,Female,In-State,3.02,Enrolled
105074,2020,Law,JD Program,Freshman,Female,Out-of-State,3.36,Enrolled
105075,2020,Law,JD Program,Junior,Female,Out-of-State,2.9,Enrolled
105076,2020,Law,Legal Studies,Freshman,Female,In-State,3.11,Enrolled
105077,2020,Law,Legal Studies,Freshman,Female,In-State,2.65,Enrolled
105078,2020,Law,JD Program,Junior,Female,In-State,2.74,Enrolled
105079,2020,Law,Legal Studies,Sophomore,Female,In-State,3.36,Enrolled
105080,2020,Law,JD Program,Freshman,Male,Out-of-State,3.41,Enrolled
105081,2020,Law,JD Program,Junior,Female,Out-of-State,3.26,Withdrawn
105082,2020,Law,Legal Studies,Freshman,Female,In-State,2.67,Enrolled
105083,2020,Law,JD Program,Freshman,Female,Out-of-State,2.12,Enrolled
105084,2020,Law,Legal Studies,Sophomore,Female,In-State,3.16,Enrolled
105085,2021,Law,JD Program,Sophomore,Female,In-State,3.21,Graduated
105086,2021,Law,JD Program,Senior,Male,International,3.18,Enrolled
105087,2021,Law,Legal Studies,Senior,Female,Out-of-State,2.83,Enrolled
105088,2021,Law,JD Program,Sophomore,Male,Out-of-State,2.78,Enrolled
105089,2021,Law,JD Program,Freshman,Female,Out-of-State,2.86,Enrolled
105090,2021,Law,JD Program,Junior,Male,In-State,3.11,Enrolled
105091,2021,Law,Legal Studies,Sophomore,Female,In-State,3.3,Graduated
105092,2021,Law,JD Program,Freshman,Male,In-State,3.23,Enrolled
105093,2021,Law,Legal Studies,Senior,Female,In-State,3.59,Enrolled
105094,2021,Law,Legal Studies,Graduate,Male,In-State,3.34,Graduated
105095,2021,Law,Legal Studies,Senior,Male,In-State,2.87,Enrolled
105096,2021,Law,Legal Studies,Freshman,Female,Out-of-State,3.04,Enrolled
105097,2021,Law,Legal Studies,Junior,Female,In-State,3.59,Enrolled
105098,2021,Law,JD Program,Sophomore,Female,In-State,3.18,Enrolled
105099,2021,Law,JD Program,Junior,Female,Out-of-State,3.27,Enrolled
105100,2021,Law,JD Program,Graduate,Male,Out-of-State,2.98,Enrolled
105101,2021,Law,JD Program,Graduate,Female,Out-of-State,3.18,Enrolled
105102,2021,Law,JD Program,Sophomore,Female,International,2.85,Enrolled
105103,2021,Law,JD Program,Senior,Female,In-State,2.41,Enrolled
105104,2021,Law,Legal Studies,Freshman,Female,In-State,3.02,Graduated
105105,2021,Law,JD Program,Senior,Male,In-State,4.0,Enrolled
105106,2021,Law,JD Program,Freshman,Male,In-State,3.43,Graduated
105107,2021,Law,Legal Studies,Freshman,Male,Out-of-State,3.27,Enrolled
105108,2021,Law,JD Program,Freshman,Male,Out-of-State,3.62,Enrolled
105109,2021,Law,Legal Studies,Graduate,Male,In-State,2.95,Enrolled
105110,2021,Law,JD Program,Freshman,Female,In-State,3.31,Enrolled
105111,2021,Law,Legal Studies,Senior,Female,Out-of-State,3.48,Enrolled
105112,2021,Law,Legal Studies,Freshman,Female,In-State,3.7,Graduated
105113,2021,Law,Legal Studies,Sophomore,Male,In-State,4.0,On Leave
105114,2021,Law,Legal Studies,Freshman,Male,International,3.08,Graduated
105115,2021,Law,Legal Studies,Sophomore,Female,In-State,3.05,Enrolled
105116,2021,Law,JD Program,Junior,Male,In-State,3.0,Graduated
105117,2021,Law,JD Program,Sophomore,Female,International,2.81,Enrolled
105118,2021,Law,Legal Studies,Senior,Male,In-State,2.52,Enrolled
105119,2021,Law,Legal Studies,Sophomore,Female,In-State,3.11,Enrolled
105120,2022,Law,JD Program,Freshman,Female,In-State,3.24,Withdrawn
105121,2022,Law,Legal Studies,Graduate,Male,International,3.41,Enrolled
105122,2022,Law,JD Program,Junior,Female,In-State,2.97,Graduated
105123,2022,Law,Legal Studies,Junior,Other,In-State,2.59,Graduated
105124,2022,Law,JD Program,Senior,Female,In-State,3.91,Enrolled
105125,2022,Law,JD Program,Junior,Female,Out-of-State,3.18,Graduated
105126,2022,Law,JD Program,Freshman,Female,In-State,2.91,Enrolled
105127,2022,Law,Legal Studies,Sophomore,Female,Out-of-State,3.03,Enrolled
105128,2022,Law,JD Program,Sophomore,Female,In-State,2.14,Graduated
105129,2022,Law,Legal Studies,Graduate,Male,In-State,2.96,Enrolled
105130,2022,Law,JD Program,Sophomore,Male,Out-of-State,3.54,Enrolled
105131,2022,Law,Legal Studies,Sophomore,Female,In-State,3.7,Enrolled
105132,2022,Law,JD Program,Senior,Male,In-State,3.71,Graduated
105133,2022,Law,JD Program,Senior,Male,International,2.45,Enrolled
105134,2022,Law,Legal Studies,Junior,Male,Out-of-State,2.7,Enrolled
105135,2022,Law,Legal Studies,Freshman,Female,In-State,3.67,Enrolled
105136,2022,Law,Legal Studies,Freshman,Male,In-State,3.07,Enrolled
105137,2022,Law,JD Program,Freshman,Male,In-State,2.49,Graduated
105138,2022,Law,JD Program,Sophomore,Male,Out-of-State,3.25,Enrolled
105139,2022,Law,JD Program,Freshman,Male,International,4.0,Enrolled
105140,2022,Law,JD Program,Senior,Male,In-State,2.99,Enrolled
105141,2022,Law,Legal Studies,Graduate,Male,International,3.1,Enrolled
105142,2022,Law,Legal Studies,Senior,Female,In-State,2.83,Withdrawn
105143,2022,Law,JD Program,Sophomore,Female,In-State,3.78,Enrolled
105144,2022,Law,Legal Studies,Junior,Male,Out-of-State,3.85,Enrolled
105145,2022,Law,Legal Studies,Junior,Female,In-State,3.53,Enrolled
105146,2022,Law,JD Program,Freshman,Male,In-State,3.16,Enrolled
105147,2022,Law,Legal Studies,Freshman,Female,Out-of-State,3.48,Graduated
105148,2022,Law,JD Program,Junior,Female,In-State,3.18,Enrolled
105149,2022,Law,Legal Studies,Freshman,Female,In-State,3.4,Graduated
105150,2022,Law,Legal Studies,Sophomore,Male,In-State,3.94,Enrolled
105151,2022,Law,Legal Studies,Freshman,Female,International,2.78,Withdrawn
105152,2022,Law,JD Program,Sophomore,Female,In-State,2.75,Graduated
105153,2022,Law,Legal Studies,Senior,Male,Out-of-State,2.82,Enrolled
105154,2022,Law,JD Program,Freshman,Female,International,3.77,Enrolled
105155,2022,Law,JD Program,Junior,Male,In-State,3.2,Enrolled
105156,2022,Law,Legal Studies,Sophomore,Female,Out-of-State,3.08,Enrolled
105157,2022,Law,JD Program,Freshman,Male,In-State,3.07,Enrolled
105158,2022,Law,Legal Studies,Senior,Female,International,3.48,Graduated
105159,2022,Law,Legal Studies,Junior,Female,In-State,3.67,Enrolled
105160,2022,Law,JD Program,Junior,Male,In-State,3.73,Enrolled
105161,2022,Law,JD Program,Junior,Male,In-State,3.32,Enrolled
105162,2022,Law,JD Program,Sophomore,Female,Out-of-State,2.8,Withdrawn
105163,2022,Law,Legal Studies,Junior,Female,In-State,2.66,Enrolled
105164,2023,Law,Legal Studies,Senior,Male,International,2.61,Withdrawn
105165,2023,Law,Legal Studies,Freshman,Female,In-State,4.0,Graduated
105166,2023,Law,Legal Studies,Senior,Male,In-State,3.28,Withdrawn
105167,2023,Law,Legal Studies,Freshman,Male,Out-of-State,2.74,Enrolled
105168,2023,Law,JD Program,Senior,Female,Out-of-State,3.18,Enrolled
105169,2023,Law,Legal Studies,Sophomore,Male,International,2.71,Enrolled
105170,2023,Law,JD Program,Graduate,Female,In-State,3.35,Enrolled
105171,2023,Law,Legal Studies,Graduate,Female,Out-of-State,2.82,Enrolled
105172,2023,Law,Legal Studies,Sophomore,Male,In-State,2.44,Enrolled
105173,2023,Law,JD Program,Junior,Male,In-State,3.34,Enrolled
105174,2023,Law,Legal Studies,Junior,Female,In-State,2.94,Withdrawn
105175,2023,Law,Legal Studies,Graduate,Female,In-State,3.25,Enrolled
105176,2023,Law,JD Program,Freshman,Male,In-State,2.58,On Leave
105177,2023,Law,Legal Studies,Senior,Female,International,3.29,Enrolled
105178,2023,Law,Legal Studies,Sophomore,Female,In-State,2.8,Enrolled
105179,2023,Law,Legal Studies,Senior,Female,International,3.62,Enrolled
105180,2023,Law,JD Program,Junior,Female,International,3.07,Graduated
105181,2023,Law,Legal Studies,Junior,Female,Out-of-State,3.42,Enrolled
105182,2023,Law,Legal Studies,Freshman,Female,In-State,2.15,Enrolled
105183,2023,Law,JD Program,Junior,Male,In-State,3.52,Graduated
105184,2023,Law,Legal Studies,Sophomore,Male,In-State,3.45,Enrolled
105185,2023,Law,JD Program,Sophomore,Male,In-State,3.08,Enrolled
105186,2023,Law,Legal Studies,Freshman,Male,In-State,3.62,Enrolled
105187,2023,Law,JD Program,Sophomore,Male,Out-of-State,3.31,Graduated
105188,2023,Law,Legal Studies,Junior,Male,In-State,2.46,Enrolled
105189,2023,Law,Legal Studies,Senior,Female,Out-of-State,3.58,Enrolled
105190,2023,Law,JD Program,Senior,Female,Out-of-State,2.64,Enrolled
105191,2023,Law,JD Program,Junior,Male,Out-of-State,3.38,On Leave
105192,2023,Law,JD Program,Freshman,Female,Out-of-State,3.79,Enrolled
105193,2023,Law,Legal Studies,Senior,Female,In-State,3.63,Enrolled
105194,2024,Law,JD Program,Graduate,Female,In-State,3.5,Enrolled
105195,2024,Law,Legal Studies,Graduate,Male,In-State,2.54,Enrolled
105196,2024,Law,Legal Studies,Sophomore,Male,International,3.8,Enrolled
105197,2024,Law,JD Program,Freshman,Female,In-State,2.87,Withdrawn
105198,2024,Law,Legal Studies,Senior,Female,In-State,3.63,Withdrawn
105199,2024,Law,Legal Studies,Sophomore,Male,In-State,3.68,Enrolled
105200,2024,Law,Legal Studies,Junior,Male,International,3.9,Graduated
105201,2024,Law,JD Program,Sophomore,Female,In-State,3.29,Enrolled
105202,2024,Law,Legal Studies,Sophomore,Female,Out-of-State,3.63,Enrolled
105203,2024,Law,Legal Studies,Freshman,Female,In-State,3.64,Enrolled
105204,2024,Law,Legal Studies,Freshman,Male,In-State,3.98,Enrolled
105205,2024,Law,JD Program,Senior,Male,In-State,2.9,Enrolled
105206,2024,Law,JD Program,Sophomore,Male,In-State,3.39,Graduated
105207,2024,Law,JD Program,Junior,Female,In-State,3.41,Enrolled
105208,2024,Law,Legal Studies,Freshman,Female,In-State,3.08,Enrolled
105209,2024,Law,JD Program,Junior,Other,Out-of-State,3.39,Enrolled
105210,2025,Law,Legal Studies,Junior,Male,International,2.81,Enrolled
105211,2025,Law,Legal Studies,Junior,Male,In-State,2.69,Withdrawn
105212,2025,Law,JD Program,Junior,Female,In-State,2.57,Graduated
105213,2025,Law,JD Program,Senior,Male,Out-of-State,4.0,Enrolled
105214,2025,Law,Legal Studies,Senior,Male,Out-of-State,2.82,Enrolled
105215,2025,Law,Legal Studies,Junior,Male,In-State,3.08,Enrolled
105216,2025,Law,JD Program,Freshman,Female,In-State,3.41,Enrolled
105217,2025,Law,JD Program,Junior,Male,In-State,3.4,Graduated
105218,2025,Law,JD Program,Freshman,Male,In-State,3.02,Enrolled
105219,2025,Law,JD Program,Freshman,Male,In-State,3.53,Enrolled
105220,2025,Law,Legal Studies,Junior,Male,In-State,2.74,Enrolled
105221,2025,Law,Legal Studies,Junior,Male,Out-of-State,3.33,Graduated
105222,2025,Law,Legal Studies,Freshman,Female,In-State,3.08,Enrolled
105223,2025,Law,JD Program,Graduate,Female,In-State,3.02,Enrolled
105224,2025,Law,JD Program,Sophomore,Male,In-State,3.31,Enrolled
105225,2025,Law,JD Program,Sophomore,Male,In-State,3.34,Enrolled
105226,2025,Law,JD Program,Sophomore,Female,Out-of-State,3.06,Withdrawn
105227,2025,Law,JD Program,Graduate,Female,In-State,3.62,Enrolled
105228,2025,Law,Legal Studies,Graduate,Male,In-State,2.67,Enrolled
105229,2025,Law,Legal Studies,Sophomore,Male,In-State,3.42,Graduated
105230,2025,Law,Legal Studies,Freshman,Female,In-State,3.13,Graduated
105231,2025,Law,Legal Studies,Junior,Female,Out-of-State,2.62,Enrolled
105232,2025,Law,JD Program,Freshman,Female,Out-of-State,3.84,Enrolled
105233,2025,Law,Legal Studies,Senior,Female,In-State,3.74,Enrolled
105234,2025,Law,JD Program,Senior,Female,Out-of-State,3.1,Enrolled
105235,2025,Law,JD Program,Senior,Female,In-State,3.62,Enrolled
105236,2025,Law,Legal Studies,Junior,Female,International,3.21,Enrolled
105237,2025,Law,JD Program,Sophomore,Male,In-State,3.55,Enrolled
105238,2025,Law,JD Program,Sophomore,Female,In-State,2.42,Enrolled
105239,2025,Law,Legal Studies,Senior,Male,In-State,3.7,Enrolled
105240,2025,Law,JD Program,Senior,Male,In-State,3.82,Enrolled
105241,2025,Law,JD Program,Freshman,Female,Out-of-State,2.37,Graduated
105242,2025,Law,JD Program,Sophomore,Male,Out-of-State,3.59,Enrolled
105243,2025,Law,JD Program,Graduate,Female,In-State,2.86,Enrolled
105244,2025,Law,Legal Studies,Junior,Male,In-State,3.37,Enrolled
105245,2025,Law,Legal Studies,Senior,Male,In-State,3.03,Enrolled
105246,2025,Law,JD Program,Freshman,Female,In-State,3.64,Enrolled
105247,2025,Law,JD Program,Senior,Female,Out-of-State,3.08,Enrolled
